n,d,ell,reps,rmse,bias,coverage_min,coverage_mean,rmse_low,rmse_high
10000,2,1,100,0.11118092758826284,0.11117715720023386,1.0,1.0,0.11100275935541243,0.1113600685150172
10000,2,2,100,0.02915323098755372,0.028977191855575762,1.0,1.0,0.02852142529505965,0.02976867046102192
10000,2,3,100,0.053238949385444385,-0.0530297162374287,1.0,1.0,0.05231991186140401,0.05415106633476792
10000,2,4,100,0.07816378972477035,-0.07798295303388572,1.0,1.0,0.07714979121024658,0.0792534907403141
10000,2,5,100,0.10611513848055093,-0.10598062603691982,1.0,1.0,0.10503166442592872,0.10710650189987529
10000,2,6,100,0.13070055154266103,-0.13060105831371582,1.0,1.0,0.1296829886213282,0.13167128154571767
10000,2,7,100,0.15607011136671028,-0.15597688659156458,1.0,1.0,0.1549805737917563,0.1571268117733639
100000,2,1,100,0.12525853906961934,0.1252584366351279,1.0,1.0,0.12522626343158647,0.12529014923060403
100000,2,2,100,0.057802775812204596,0.057793138752088365,1.0,1.0,0.057590325046654824,0.057991633063640524
100000,2,3,100,0.00899129373533344,-0.008851755557316309,1.0,1.0,0.008679150601576995,0.009296369924033356
100000,2,4,100,0.018374974794607344,-0.018310789150143347,1.0,1.0,0.018073197423320003,0.018693400732729452
100000,2,5,100,0.029720611527661065,-0.02968158436682376,1.0,1.0,0.029426909246310418,0.03001545103537895
100000,2,6,100,0.03694653684258382,-0.03691378193904801,1.0,1.0,0.03663854470867424,0.037242647542616844
100000,2,7,100,0.044278523787961606,-0.04424989987295321,1.0,1.0,0.04397451334648971,0.04458899036312497
100000,5,1,100,0.11572456693494185,0.11572430027481204,1.0,1.0,0.11567712131774863,0.11577373709061102
100000,5,2,100,0.021016211733023607,-0.020988684243584434,1.0,1.0,0.02080441178458219,0.02122644052396161
100000,5,3,100,0.2561962203856264,-0.256189788480009,1.0,1.0,0.25585940556832143,0.2565573356004112
100000,5,4,100,0.5882464981994355,-0.5882427675166183,1.0,1.0,0.587837563170149,0.5886441026916278
100000,5,5,100,1.1834310404779496,-1.1834275728820847,0.99998,0.9999993,1.1828672616416445,1.1839799135178795
100000,5,6,100,2.2138619970878515,-2.2138576318473535,0.99608,0.9965199,2.2130545623918962,2.2147513154421548
100000,5,7,100,3.7016292544026124,-3.701622594415528,0.95363,0.9556940000000002,3.7002771188834034,3.7029763819165753
1000000,2,1,30,0.1296194631392789,0.12961945979900158,1.0,1.0,0.12960902494227142,0.1296299557936334
1000000,2,2,30,0.06643787018361624,0.06643729706837116,1.0,1.0,0.06633710561409906,0.06653617362045962
1000000,2,3,30,0.004212296378089188,0.004199618140974003,1.0,1.0,0.004102245482202809,0.004340947093774311
1000000,2,4,30,0.0009705728650281714,-0.0008999147000496056,1.0,1.0,0.000857221957843085,0.0010676314967146604
1000000,2,5,30,0.007772820751396052,-0.00776563828500093,1.0,1.0,0.007649318513235781,0.007884384486117769
1000000,2,6,30,0.010468957850451398,-0.010462330097190308,1.0,1.0,0.010340234062718496,0.010596076841265694
1000000,2,7,30,0.013164057202917901,-0.013159587226282604,1.0,1.0,0.013035256614913279,0.013284021227065804
