seed,method,features,threshold,config,selected_features,prediction_file,selection_seconds,train_n,test_n,train_positive,accuracy,balanced_accuracy,auc,fit_seconds,prediction_seconds,score,ell,training_coverage,conditional_training_coverage,integrated_mass,cv_score,pooled_cv_coverage,pooled_stable_5,stable_coverage,fallback,feasible_candidates,guard,conditional_cv_coverage,minimum_stable_5,diagnostic_folds
42,PSS expanded SC-CV,20,60.0,"{""estimator"":""pss"",""folds"":10,""n_min"":5,""tau"":0.9}","RH_6,lights,RH_3,Press_mm_hg,RH_1,T5,T3,T_out,RH_9,T6,RH_8,RH_2,RH_4,Tdewpoint,RH_5,RH_7,T2,RH_out,Visibility,T4",seed_42/outer_classifier/0_2_3_4_5_6_7_8_9_10_11_12_14_16_18_19_20_21_23_24.npz,125.74215687497052,13814,5921,0.4537425799913132,0.8324607329842932,0.8301754883985745,0.9022287616870348,1.8219430419849232,2.8488882920355536,-0.511822758450549,1.0,1.0,1.0,1.2512831613806443,-21.30544098087836,0.996814825539308,0.996814825539308,0.996814825539308,False,1.0,False,0.9936183790682832,0.9936183790682832,10.0
42,KL tuned,20,60.0,"{""estimator"":""kl"",""k"":50}","RH_6,RH_8,RH_1,T2,RH_9,T6,lights,T8,RH_5,Windspeed,Visibility,RH_out,T4,T5,RH_3,T1,RH_7,RH_2,RH_4,T3",seed_42/outer_classifier/0_1_2_3_4_5_6_7_8_9_10_11_12_14_15_16_18_21_22_23.npz,174.18379337497754,13814,5921,0.4537425799913132,0.844451950684006,0.8405943441055361,0.9103441441205564,1.8473095830413513,2.625258499989286,-0.9815075814639548,,,,,,,,,,,,,,
42,Ross tuned,20,60.0,"{""estimator"":""ross"",""k"":15}","RH_1,T7,Press_mm_hg,RH_8,T9,T5,T3,T6,T8,RH_9,T2,RH_2,T_out,RH_7,RH_4,T1,Tdewpoint,T4,Windspeed,RH_3",seed_42/outer_classifier/1_2_3_4_5_6_7_8_9_11_13_14_15_16_17_18_19_20_22_24.npz,51.441665125021245,13814,5921,0.4537425799913132,0.8268873501097788,0.8234068896806372,0.8978413794703217,1.832450165995397,2.963129209005274,0.3629412010390238,,,,,,,,,,,,,,
42,Univariate tuned,20,60.0,"{""estimator"":""univariate"",""k"":10}","RH_1,T2,RH_6,RH_8,T9,RH_out,RH_3,T7,lights,RH_2,RH_4,T3,T5,T6,RH_5,T1,RH_7,RH_9,T4,T8",seed_42/outer_classifier/0_1_2_3_4_5_6_7_8_9_10_11_12_13_14_15_16_17_18_21.npz,0.5040900000021793,13814,5921,0.4537425799913132,0.8388785678094917,0.8350257701000694,0.9073439675044792,1.7624185829772614,2.753238416975364,0.0315890880019718,,,,,,,,,,,,,,
42,PSS 3-fold,20,60.0,"{""estimator"":""pss"",""folds"":3,""n_min"":5,""tau"":0.8}","RH_6,lights,RH_3,Press_mm_hg,RH_2,T7,RH_4,T1,T4,T2,RH_9,T6,RH_8,T_out,Tdewpoint,RH_1,RH_5,RH_7,RH_out,Visibility",seed_42/outer_classifier/0_1_2_3_4_6_7_8_10_11_12_13_14_16_18_19_20_21_23_24.npz,55.847445584018715,13814,5921,0.4537425799913132,0.83262962337443,0.8304409292715769,0.9028637986879884,1.8531583750154823,3.517918166995514,-0.4657040708017419,1.0,1.0,1.0,1.2533991698622402,-20.877137058310556,0.9964528738960476,0.9964528738960476,0.9964528738960476,False,1.0,False,0.992501595405233,0.992501595405233,3.0
42,PSS 5-fold,20,60.0,"{""estimator"":""pss"",""folds"":5,""n_min"":5,""tau"":0.95}","RH_6,lights,RH_3,RH_1,T2,RH_7,RH_8,RH_9,T6,T_out,RH_2,RH_4,Tdewpoint,RH_5,Press_mm_hg,RH_out,Visibility,T4,T8,T7",seed_42/outer_classifier/0_2_3_4_6_7_8_10_11_12_13_14_15_16_18_19_20_21_23_24.npz,77.21670074999565,13814,5921,0.4537425799913132,0.8375274446883972,0.8335568020501245,0.9072019167322948,1.7858494170359336,2.3090657090069726,-0.1107849162865015,1.0,1.0,1.0,1.253622739065194,-20.645638867852018,0.9963804835673954,0.9963804835673954,0.9963804835673954,False,1.0,False,0.9921825143586472,0.9921825143586472,5.0
42,PSS 10-fold,20,60.0,"{""estimator"":""pss"",""folds"":10,""n_min"":5,""tau"":0.9}","RH_6,lights,RH_3,Press_mm_hg,RH_1,T5,T3,T_out,RH_9,T6,RH_8,RH_2,RH_4,Tdewpoint,RH_5,RH_7,T2,RH_out,Visibility,T4",seed_42/outer_classifier/0_2_3_4_5_6_7_8_9_10_11_12_14_16_18_19_20_21_23_24.npz,125.74215687497052,13814,5921,0.4537425799913132,0.8324607329842932,0.8301754883985745,0.9022287616870348,1.8219430419849232,2.8488882920355536,-0.511822758450549,1.0,1.0,1.0,1.2512831613806443,-21.30544098087836,0.996814825539308,0.996814825539308,0.996814825539308,False,1.0,False,0.9936183790682832,0.9936183790682832,10.0
42,PSS matched-budget,20,60.0,"{""estimator"":""pss"",""folds"":5,""n_min"":5,""tau"":0.95}","RH_6,lights,RH_3,RH_1,T2,RH_7,RH_8,RH_9,T6,T_out,RH_2,RH_4,Tdewpoint,RH_5,Press_mm_hg,RH_out,Visibility,T4,T8,T7",seed_42/outer_classifier/0_2_3_4_6_7_8_10_11_12_13_14_15_16_18_19_20_21_23_24.npz,77.21670074999565,13814,5921,0.4537425799913132,0.8375274446883972,0.8335568020501245,0.9072019167322948,1.7858494170359336,2.3090657090069726,-0.1107849162865015,1.0,1.0,1.0,1.253622739065194,-20.645638867852018,0.9963804835673954,0.9963804835673954,0.9963804835673954,False,1.0,False,0.9921825143586472,0.9921825143586472,5.0
42,PSS tau=0.99,20,60.0,"{""estimator"":""pss"",""folds"":3,""n_min"":5,""tau"":0.99}","RH_6,lights,RH_2,RH_9,T6,RH_3,RH_8,T_out,RH_4,Tdewpoint,RH_1,RH_5,Press_mm_hg,RH_7,T2,RH_out,Visibility,T4,T8,T7",seed_42/outer_classifier/0_2_3_4_6_7_8_10_11_12_13_14_15_16_18_19_20_21_23_24.npz,55.71674591599731,13814,5921,0.4537425799913132,0.8375274446883972,0.8335568020501245,0.9072019167322948,1.7858494170359336,2.3090657090069726,-0.1107849162865015,1.0,1.0,1.0,1.253622739065194,-20.464097042779898,0.9963804835673954,0.9963804835673954,0.9963804835673954,False,1.0,False,0.99234205488194,0.99234205488194,3.0
42,PSS ell=1,20,60.0,"{""ell"":1,""estimator"":""fixed""}","RH_9,T6,RH_3,RH_8,RH_6,T_out,RH_2,RH_4,Tdewpoint,RH_1,RH_5,Press_mm_hg,RH_7,T2,RH_out,Visibility,T4,T8,lights,T7",seed_42/outer_classifier/0_2_3_4_6_7_8_10_11_12_13_14_15_16_18_19_20_21_23_24.npz,6.351944750000257,13814,5921,0.4537425799913132,0.8375274446883972,0.8335568020501245,0.9072019167322948,1.7858494170359336,2.3090657090069726,-0.1107849162865015,1.0,1.0,1.0,1.253622739065194,-20.464097042779898,0.9963804835673954,0.9963804835673954,,,,,0.99234205488194,0.99234205488194,3.0
42,PSS ell=2,20,60.0,"{""ell"":2,""estimator"":""fixed""}","RH_8,RH_1,T2,RH_2,T3,T_out,T5,Press_mm_hg,Tdewpoint,RH_9,Visibility,T8,T1,T4,RH_out,RH_5,Windspeed,T7,T9,RH_7",seed_42/outer_classifier/1_2_3_4_5_7_9_10_13_14_15_16_17_18_19_20_21_22_23_24.npz,5.3694603749900125,13814,5921,0.4537425799913132,0.8329674041547036,0.8289263143485979,0.8991517605223794,1.861798957979772,2.452852457994595,6.0720478421068265,2.0,0.9437527146373244,0.8753988513082323,225.85722471520828,-37.10746855331187,0.3206891559287679,0.3196756913276386,,,,,0.1611359285258455,0.1600191448627951,3.0
42,KL k=1,20,60.0,"{""estimator"":""kl"",""k"":1}","RH_1,Press_mm_hg,T_out,RH_out,Windspeed,T6,Visibility,Tdewpoint,RH_2,T5,RH_4,T9,T7,T8,T1,T4,T3,T2,RH_7,RH_3",seed_42/outer_classifier/1_2_3_4_5_6_7_8_9_11_13_14_15_17_19_20_21_22_23_24.npz,9.856986916973256,13814,5921,0.4537425799913132,0.8186117209930754,0.8131821623733342,0.889288705734878,1.9324033329612575,2.6191830830066465,-0.9171832252079852,,,,,,,,,,,,,,
43,PSS expanded SC-CV,20,60.0,"{""estimator"":""pss"",""folds"":10,""n_min"":5,""tau"":0.85}","RH_6,lights,RH_9,Press_mm_hg,T5,RH_3,RH_2,T4,T8,RH_1,T6,RH_8,T_out,RH_4,Tdewpoint,RH_5,RH_7,RH_out,T2,Visibility",seed_43/outer_classifier/0_2_3_4_6_7_8_9_10_11_12_14_15_16_18_19_20_21_23_24.npz,125.1891764170141,13814,5921,0.4536701896626611,0.8385407870292181,0.8347609405293233,0.9093610382714704,1.7865302080172114,2.343493290944025,-0.4488184449172223,1.0,1.0,1.0,1.2487843141978376,-21.11438842925268,0.996814825539308,0.996814825539308,0.996814825539308,False,1.0,False,0.9940960587202808,0.9940960587202808,10.0
43,KL tuned,20,60.0,"{""estimator"":""kl"",""k"":30}","RH_6,RH_8,T2,RH_1,RH_9,lights,T8,RH_5,RH_out,RH_3,Visibility,Windspeed,T6,T3,RH_2,T_out,T1,T4,T5,RH_4",seed_43/outer_classifier/0_1_2_3_4_5_6_7_8_9_10_11_12_15_16_18_19_21_22_23.npz,127.85040204098914,13814,5921,0.4536701896626611,0.8414119236615436,0.8379628226168347,0.9102296021830304,1.855292540974915,2.362521708011627,-1.164496225234668,,,,,,,,,,,,,,
43,Ross tuned,20,60.0,"{""estimator"":""ross"",""k"":15}","RH_1,T9,Press_mm_hg,RH_7,T_out,T8,RH_8,Tdewpoint,T7,T2,T6,RH_9,RH_4,T1,T5,RH_2,T3,T4,Windspeed,lights",seed_43/outer_classifier/0_1_2_3_4_5_7_8_9_11_13_14_15_16_17_18_19_20_22_24.npz,53.65372133400524,13814,5921,0.4536701896626611,0.8346563080560716,0.8306206787108141,0.9040951111931752,1.7850556669873183,2.4283586670062505,0.3599027047550449,,,,,,,,,,,,,,
43,Univariate tuned,20,60.0,"{""estimator"":""univariate"",""k"":10}","RH_1,T2,RH_6,RH_8,RH_out,lights,RH_4,RH_3,RH_7,T9,T3,T6,T5,RH_2,RH_5,T7,T8,T1,RH_9,T4",seed_43/outer_classifier/0_1_2_3_4_5_6_7_8_9_10_11_12_13_14_15_16_17_18_21.npz,0.5364507920457982,13814,5921,0.4536701896626611,0.8385407870292181,0.8345708416986005,0.9080161651180876,1.7112485420075243,2.3021107080276124,0.0314388781179792,,,,,,,,,,,,,,
43,PSS 3-fold,20,60.0,"{""estimator"":""pss"",""folds"":3,""n_min"":5,""tau"":0.8}","T_out,RH_4,lights,Press_mm_hg,T7,RH_1,RH_3,RH_5,T4,T3,T9,RH_9,T6,RH_8,RH_2,RH_6,Tdewpoint,RH_7,RH_out,T2",seed_43/outer_classifier/0_2_3_4_5_6_7_8_10_11_12_13_14_16_17_18_19_20_21_24.npz,57.37277729099151,13814,5921,0.4536701896626611,0.8292518155716939,0.8259418705219697,0.9016320366422816,1.8114833750296384,2.4131577920052223,-0.8598542140124295,1.0,1.0,1.0,1.2486854960786693,-17.83734442211416,0.9956565802808744,0.9956565802808744,0.9956565802808744,False,1.0,False,0.9923408329344184,0.9923408329344184,3.0
43,PSS 5-fold,20,60.0,"{""estimator"":""pss"",""folds"":5,""n_min"":5,""tau"":0.95}","RH_6,lights,RH_9,T2,T8,Press_mm_hg,RH_7,RH_3,T6,RH_8,RH_2,T_out,RH_4,Tdewpoint,RH_5,RH_1,RH_out,Visibility,T4,T7",seed_43/outer_classifier/0_2_3_4_6_7_8_10_11_12_13_14_15_16_18_19_20_21_23_24.npz,78.67287570796907,13814,5921,0.4536701896626611,0.8385407870292181,0.8347609405293233,0.9078626392125144,1.7779884999617934,2.2836612499668263,-0.2375073706617101,1.0,1.0,1.0,1.251572534516344,-20.627717088760733,0.9962357029100912,0.9962357029100912,0.9962357029100912,False,1.0,False,0.9926599648954842,0.9926599648954842,5.0
43,PSS 10-fold,20,60.0,"{""estimator"":""pss"",""folds"":10,""n_min"":5,""tau"":0.85}","RH_6,lights,RH_9,Press_mm_hg,T5,RH_3,RH_2,T4,T8,RH_1,T6,RH_8,T_out,RH_4,Tdewpoint,RH_5,RH_7,RH_out,T2,Visibility",seed_43/outer_classifier/0_2_3_4_6_7_8_9_10_11_12_14_15_16_18_19_20_21_23_24.npz,125.1891764170141,13814,5921,0.4536701896626611,0.8385407870292181,0.8347609405293233,0.9093610382714704,1.7865302080172114,2.343493290944025,-0.4488184449172223,1.0,1.0,1.0,1.2487843141978376,-21.11438842925268,0.996814825539308,0.996814825539308,0.996814825539308,False,1.0,False,0.9940960587202808,0.9940960587202808,10.0
43,PSS matched-budget,20,60.0,"{""estimator"":""pss"",""folds"":3,""n_min"":5,""tau"":0.8}","T_out,RH_4,lights,Press_mm_hg,T7,RH_1,RH_3,RH_5,T4,T3,T9,RH_9,T6,RH_8,RH_2,RH_6,Tdewpoint,RH_7,RH_out,T2",seed_43/outer_classifier/0_2_3_4_5_6_7_8_10_11_12_13_14_16_17_18_19_20_21_24.npz,57.37277729099151,13814,5921,0.4536701896626611,0.8292518155716939,0.8259418705219697,0.9016320366422816,1.8114833750296384,2.4131577920052223,-0.8598542140124295,1.0,1.0,1.0,1.2486854960786693,-17.83734442211416,0.9956565802808744,0.9956565802808744,0.9956565802808744,False,1.0,False,0.9923408329344184,0.9923408329344184,3.0
43,PSS tau=0.99,20,60.0,"{""estimator"":""pss"",""folds"":3,""n_min"":5,""tau"":0.99}","T_out,RH_7,RH_1,RH_2,RH_9,RH_3,T6,RH_8,RH_6,RH_4,Tdewpoint,RH_5,Press_mm_hg,RH_out,T2,Visibility,lights,T8,T4,T7",seed_43/outer_classifier/0_2_3_4_6_7_8_10_11_12_13_14_15_16_18_19_20_21_23_24.npz,56.38205133297015,13814,5921,0.4536701896626611,0.8385407870292181,0.8347609405293233,0.9078626392125144,1.7779884999617934,2.2836612499668263,-0.2375073706617101,1.0,1.0,1.0,1.251572534516344,-20.41602527758547,0.995294628637614,0.995294628637614,0.995294628637614,False,1.0,False,0.9918621349928196,0.9918621349928196,3.0
43,PSS ell=1,20,60.0,"{""ell"":1,""estimator"":""fixed""}","RH_9,RH_3,T6,RH_8,RH_2,T_out,RH_6,RH_4,Tdewpoint,RH_5,RH_1,Press_mm_hg,RH_7,RH_out,T2,Visibility,lights,T8,T4,T7",seed_43/outer_classifier/0_2_3_4_6_7_8_10_11_12_13_14_15_16_18_19_20_21_23_24.npz,6.419618499989156,13814,5921,0.4536701896626611,0.8385407870292181,0.8347609405293233,0.9078626392125144,1.7779884999617934,2.2836612499668263,-0.2375073706617101,1.0,1.0,1.0,1.251572534516344,-20.41602527758547,0.995294628637614,0.995294628637614,,,,,0.9918621349928196,0.9918621349928196,3.0
43,PSS ell=2,20,60.0,"{""ell"":2,""estimator"":""fixed""}","T6,RH_8,RH_1,T2,Press_mm_hg,T3,T5,T_out,Visibility,T4,Tdewpoint,RH_5,T8,T1,RH_6,Windspeed,T7,RH_out,lights,T9",seed_43/outer_classifier/0_1_2_3_5_7_9_10_11_12_13_15_16_17_19_20_21_22_23_24.npz,5.540688875014894,13814,5921,0.4536701896626611,0.8348251984462084,0.8314831567039033,0.9066919611217747,1.7976981670362877,2.3020929169724695,6.515763325729516,2.0,0.9534530186767048,0.8908568693154619,184.3051172036433,-40.61096389679602,0.3461705516143043,0.3457362096423917,,,,,0.1881282910483485,0.1876495931067496,3.0
43,KL k=1,20,60.0,"{""estimator"":""kl"",""k"":1}","RH_1,Press_mm_hg,T_out,RH_out,Windspeed,Tdewpoint,RH_4,T6,Visibility,RH_9,T9,T5,T7,T2,T1,T3,T8,T4,RH_2,RH_3",seed_43/outer_classifier/1_2_3_4_5_6_7_8_9_11_13_15_17_18_19_20_21_22_23_24.npz,11.15293058298994,13814,5921,0.4536701896626611,0.8290829251815571,0.8241832123269015,0.8932859458458898,1.9815618330030704,2.582826957979705,-0.9478334918188835,,,,,,,,,,,,,,
44,PSS expanded SC-CV,20,60.0,"{""estimator"":""pss"",""folds"":10,""n_min"":5,""tau"":0.8}","T6,RH_3,Press_mm_hg,T5,lights,RH_out,T7,RH_2,RH_9,T1,Tdewpoint,RH_8,T_out,RH_4,RH_6,RH_1,RH_5,RH_7,T2,Visibility",seed_44/outer_classifier/0_1_2_3_4_6_8_9_10_11_12_13_14_16_18_19_20_21_23_24.npz,124.92696075001732,13814,5921,0.4547560445924424,0.8226650903563587,0.8212603783247301,0.893844925383632,1.8650360830361024,2.4166095000109635,-0.8842745939891721,1.0,1.0,1.0,1.2542805002008266,-21.755282891213483,0.996742435210656,0.996742435210656,0.996742435210656,False,1.0,False,0.993950971028335,0.993950971028335,10.0
44,KL tuned,20,60.0,"{""estimator"":""kl"",""k"":50}","RH_6,RH_8,RH_1,T2,RH_9,T6,lights,T8,RH_5,RH_out,Visibility,Windspeed,T4,T3,RH_3,RH_2,T1,T_out,RH_4,T5",seed_44/outer_classifier/0_1_2_3_4_5_6_7_8_9_10_11_12_15_16_18_19_21_22_23.npz,181.2482821669546,13814,5921,0.4547560445924424,0.8356696503968924,0.8325529908836695,0.9030714692549672,1.792636250029318,2.263739624992013,-0.9832074731581883,,,,,,,,,,,,,,
44,Ross tuned,20,60.0,"{""estimator"":""ross"",""k"":50}","T2,RH_8,T1,RH_1,T8,RH_7,lights,T6,RH_5,T3,T9,RH_9,RH_3,RH_2,Tdewpoint,T_out,RH_4,T4,T5,T7",seed_44/outer_classifier/0_1_2_3_4_5_6_7_8_9_10_11_13_14_15_16_17_18_19_24.npz,145.49516516603762,13814,5921,0.4547560445924424,0.8306029386927883,0.8267557590192187,0.8977867465443126,1.816090542008169,2.3781698750099167,0.253244365794921,,,,,,,,,,,,,,
44,Univariate tuned,20,60.0,"{""estimator"":""univariate"",""k"":50}","T2,RH_6,RH_out,lights,RH_1,RH_8,RH_4,T9,RH_3,T4,T6,RH_9,T1,RH_5,T7,Press_mm_hg,T3,T8,RH_7,T_out",seed_44/outer_classifier/0_1_2_3_5_6_7_8_10_11_12_13_14_15_16_17_18_19_20_21.npz,1.07178804196883,13814,5921,0.4547560445924424,0.8338118561053875,0.8309273732179117,0.9034592270495424,1.7687847499619238,2.217488292022608,0.0294101567818465,,,,,,,,,,,,,,
44,PSS 3-fold,20,60.0,"{""estimator"":""pss"",""folds"":3,""n_min"":5,""tau"":0.9}","RH_7,RH_3,Press_mm_hg,T3,T6,RH_4,Tdewpoint,lights,RH_9,RH_8,RH_2,T_out,RH_6,RH_1,RH_5,T2,RH_out,Visibility,T8,T7",seed_44/outer_classifier/0_2_3_4_5_6_8_10_11_12_13_14_15_16_18_19_20_21_23_24.npz,55.203672375006136,13814,5921,0.4547560445924424,0.8327985137645668,0.8300222794090268,0.9001322559780667,1.772960249974858,2.3168584159575403,-0.3631765616498335,1.0,1.0,1.0,1.2540807334422026,-20.57508312960595,0.9955841899522224,0.9955841899522224,0.9955841899522224,False,1.0,False,0.9899713467048712,0.9899713467048712,3.0
44,PSS 5-fold,20,60.0,"{""estimator"":""pss"",""folds"":5,""n_min"":5,""tau"":0.85}","T6,RH_3,Press_mm_hg,T5,RH_out,RH_8,T3,RH_9,Tdewpoint,RH_2,T_out,RH_4,RH_6,RH_1,RH_5,RH_7,T2,Visibility,T8,lights",seed_44/outer_classifier/0_2_3_4_5_6_8_9_10_11_12_14_15_16_18_19_20_21_23_24.npz,75.3350924999686,13814,5921,0.4547560445924424,0.8289140347914203,0.8256326520104793,0.8993988030305328,1.8081320409546608,2.755600875010714,-0.6025232820091979,1.0,1.0,1.0,1.2528464060178548,-21.088849788890485,0.9963080932387433,0.9963080932387433,0.9963080932387433,False,1.0,False,0.9936326010824578,0.9936326010824578,5.0
44,PSS 10-fold,20,60.0,"{""estimator"":""pss"",""folds"":10,""n_min"":5,""tau"":0.8}","T6,RH_3,Press_mm_hg,T5,lights,RH_out,T7,RH_2,RH_9,T1,Tdewpoint,RH_8,T_out,RH_4,RH_6,RH_1,RH_5,RH_7,T2,Visibility",seed_44/outer_classifier/0_1_2_3_4_6_8_9_10_11_12_13_14_16_18_19_20_21_23_24.npz,124.92696075001732,13814,5921,0.4547560445924424,0.8226650903563587,0.8212603783247301,0.893844925383632,1.8650360830361024,2.4166095000109635,-0.8842745939891721,1.0,1.0,1.0,1.2542805002008266,-21.755282891213483,0.996742435210656,0.996742435210656,0.996742435210656,False,1.0,False,0.993950971028335,0.993950971028335,10.0
44,PSS matched-budget,20,60.0,"{""estimator"":""pss"",""folds"":5,""n_min"":5,""tau"":0.85}","T6,RH_3,Press_mm_hg,T5,RH_out,RH_8,T3,RH_9,Tdewpoint,RH_2,T_out,RH_4,RH_6,RH_1,RH_5,RH_7,T2,Visibility,T8,lights",seed_44/outer_classifier/0_2_3_4_5_6_8_9_10_11_12_14_15_16_18_19_20_21_23_24.npz,75.3350924999686,13814,5921,0.4547560445924424,0.8289140347914203,0.8256326520104793,0.8993988030305328,1.8081320409546608,2.755600875010714,-0.6025232820091979,1.0,1.0,1.0,1.2528464060178548,-21.088849788890485,0.9963080932387433,0.9963080932387433,0.9963080932387433,False,1.0,False,0.9936326010824578,0.9936326010824578,5.0
44,PSS tau=0.99,20,60.0,"{""estimator"":""pss"",""folds"":3,""n_min"":5,""tau"":0.99}","RH_7,RH_3,RH_8,RH_9,T6,RH_2,T_out,RH_4,RH_6,Tdewpoint,RH_1,RH_5,Press_mm_hg,T2,RH_out,Visibility,T8,lights,T7,T4",seed_44/outer_classifier/0_2_3_4_6_7_8_10_11_12_13_14_15_16_18_19_20_21_23_24.npz,55.50748037500307,13814,5921,0.4547560445924424,0.8302651579125148,0.8273693449306703,0.900321652790592,1.7685854579904117,2.2970150409964845,-0.2744756722396388,1.0,1.0,1.0,1.2535805767172423,-20.431369634620182,0.9957289706095266,0.9957289706095266,0.9957289706095266,False,1.0,False,0.9902897166507482,0.9902897166507482,3.0
44,PSS ell=1,20,60.0,"{""ell"":1,""estimator"":""fixed""}","RH_9,RH_8,T6,RH_2,RH_3,T_out,RH_4,RH_6,Tdewpoint,RH_1,RH_5,Press_mm_hg,RH_7,T2,RH_out,Visibility,T8,lights,T7,T4",seed_44/outer_classifier/0_2_3_4_6_7_8_10_11_12_13_14_15_16_18_19_20_21_23_24.npz,6.55709337501321,13814,5921,0.4547560445924424,0.8302651579125148,0.8273693449306703,0.900321652790592,1.7685854579904117,2.2970150409964845,-0.2744756722396388,1.0,1.0,1.0,1.2535805767172423,-20.431369634620182,0.9957289706095266,0.9957289706095266,,,,,0.9902897166507482,0.9902897166507482,3.0
44,PSS ell=2,20,60.0,"{""ell"":2,""estimator"":""fixed""}","RH_8,RH_1,T2,Press_mm_hg,T_out,T3,T5,Visibility,RH_5,T8,Tdewpoint,T1,T4,RH_out,Windspeed,RH_2,T7,T9,lights,T6",seed_44/outer_classifier/0_1_2_3_4_5_7_9_10_11_13_15_16_17_19_20_21_22_23_24.npz,5.362737209012266,13814,5921,0.4547560445924424,0.8304340483026516,0.8270625519749445,0.8993098508867863,1.7959313340252263,2.2851974589866586,6.5013008004846995,2.0,0.9478789633704936,0.8863419293218721,166.98819070828517,-41.06984251841951,0.3457362096423917,0.3455914289850876,,,,,0.1634829672078955,0.1628462273161413,3.0
44,KL k=1,20,60.0,"{""estimator"":""kl"",""k"":1}","RH_1,Press_mm_hg,T_out,RH_out,Windspeed,T6,Visibility,Tdewpoint,RH_3,RH_2,T9,T5,T3,T7,RH_4,T2,T1,T8,T4,RH_9",seed_44/outer_classifier/1_2_3_4_5_6_7_8_9_11_13_15_17_18_19_20_21_22_23_24.npz,11.253914124972653,13814,5921,0.4547560445924424,0.8199628441141699,0.8153879853465709,0.8886243309626553,2.0764443749794737,2.567203917016741,-0.8889899525538638,,,,,,,,,,,,,,
45,PSS expanded SC-CV,20,60.0,"{""estimator"":""pss"",""folds"":5,""n_min"":5,""tau"":0.95}","lights,RH_7,Press_mm_hg,T6,RH_2,T3,T2,RH_9,RH_3,RH_8,RH_6,RH_4,T_out,Tdewpoint,RH_5,RH_1,RH_out,Visibility,T8,T4",seed_45/outer_classifier/0_2_3_4_5_6_7_8_10_11_12_14_15_16_18_19_20_21_23_24.npz,76.69265412498498,13814,5921,0.4554799478789634,0.8431008275629117,0.8396869291313954,0.9095269209070928,1.8567045419476929,2.4329195829923265,-0.3676107988650798,1.0,1.0,1.0,1.2513219849137405,-20.668478396639166,0.996814825539308,0.996814825539308,0.996814825539308,False,1.0,False,0.9926891290527654,0.9926891290527654,5.0
45,KL tuned,20,60.0,"{""estimator"":""kl"",""k"":50}","RH_6,RH_8,T2,RH_1,RH_9,T6,lights,T8,RH_5,Windspeed,Visibility,RH_out,T4,RH_3,T5,RH_4,T1,RH_2,RH_7,T_out",seed_45/outer_classifier/0_1_2_3_4_6_7_8_9_10_11_12_14_15_16_18_19_21_22_23.npz,169.77609950001352,13814,5921,0.4554799478789634,0.8466475257557845,0.8432765520668966,0.91177204514443,1.8052364169852808,2.350471457990352,-0.9891986989327785,,,,,,,,,,,,,,
45,Ross tuned,20,60.0,"{""estimator"":""ross"",""k"":30}","RH_1,RH_8,Press_mm_hg,T5,T6,T8,T7,T3,RH_5,lights,RH_7,T2,T_out,T9,T4,RH_4,RH_2,RH_9,RH_3,T1",seed_45/outer_classifier/0_1_2_3_4_5_6_7_8_9_10_11_13_14_15_16_17_18_19_20.npz,105.21834462502738,13814,5921,0.4554799478789634,0.8437763891234589,0.8394356118285528,0.9112982737933836,1.7588237500167452,2.23056620801799,0.2928902379484057,,,,,,,,,,,,,,
45,Univariate tuned,20,60.0,"{""estimator"":""univariate"",""k"":7}","RH_1,RH_6,RH_3,RH_8,T2,T9,lights,RH_4,T7,T5,T4,RH_2,RH_5,T3,T6,RH_out,RH_9,T1,RH_7,T8",seed_45/outer_classifier/0_1_2_3_4_5_6_7_8_9_10_11_12_13_14_15_16_17_18_21.npz,0.472312249999959,13814,5921,0.4554799478789634,0.8429319371727748,0.838358989431909,0.9097196492528098,1.7248790829908105,2.3382227499969304,0.0278618040393157,,,,,,,,,,,,,,
45,PSS 3-fold,20,60.0,"{""estimator"":""pss"",""folds"":3,""n_min"":5,""tau"":0.9}","lights,RH_7,Press_mm_hg,RH_3,T6,T_out,T3,T5,RH_9,RH_8,RH_6,RH_2,RH_4,Tdewpoint,RH_5,RH_1,RH_out,T2,Visibility,T8",seed_45/outer_classifier/0_2_3_4_5_6_8_9_10_11_12_14_15_16_18_19_20_21_23_24.npz,56.42416666599456,13814,5921,0.4554799478789634,0.8400608005404493,0.8365628555441253,0.9092034454676524,1.8198477090336385,2.301494957995601,-0.5905836584355662,1.0,1.0,1.0,1.2523279282963948,-20.572815966510635,0.9950774576516578,0.9950774576516578,0.9950774576516578,False,1.0,False,0.9896694214876032,0.9896694214876032,3.0
45,PSS 5-fold,20,60.0,"{""estimator"":""pss"",""folds"":5,""n_min"":5,""tau"":0.95}","lights,RH_7,Press_mm_hg,T6,RH_2,T3,T2,RH_9,RH_3,RH_8,RH_6,RH_4,T_out,Tdewpoint,RH_5,RH_1,RH_out,Visibility,T8,T4",seed_45/outer_classifier/0_2_3_4_5_6_7_8_10_11_12_14_15_16_18_19_20_21_23_24.npz,76.69265412498498,13814,5921,0.4554799478789634,0.8431008275629117,0.8396869291313954,0.9095269209070928,1.8567045419476929,2.4329195829923265,-0.3676107988650798,1.0,1.0,1.0,1.2513219849137405,-20.668478396639166,0.996814825539308,0.996814825539308,0.996814825539308,False,1.0,False,0.9926891290527654,0.9926891290527654,5.0
45,PSS 10-fold,20,60.0,"{""estimator"":""pss"",""folds"":10,""n_min"":5,""tau"":0.95}","lights,RH_7,Press_mm_hg,RH_5,RH_1,RH_3,Tdewpoint,RH_9,RH_8,T6,RH_6,RH_2,RH_4,T_out,RH_out,T2,Visibility,T8,T4,T7",seed_45/outer_classifier/0_2_3_4_6_7_8_10_11_12_13_14_15_16_18_19_20_21_23_24.npz,126.28444320795823,13814,5921,0.4554799478789634,0.8414119236615436,0.8377141084278634,0.9078169743075636,1.7826078750076704,2.3590292499866337,-0.2581445495309822,1.0,1.0,1.0,1.254271906741785,-20.66978982488205,0.9970319965252642,0.9970319965252642,0.9970319965252642,False,1.0,False,0.993642720915448,0.993642720915448,10.0
45,PSS matched-budget,20,60.0,"{""estimator"":""pss"",""folds"":5,""n_min"":5,""tau"":0.95}","lights,RH_7,Press_mm_hg,T6,RH_2,T3,T2,RH_9,RH_3,RH_8,RH_6,RH_4,T_out,Tdewpoint,RH_5,RH_1,RH_out,Visibility,T8,T4",seed_45/outer_classifier/0_2_3_4_5_6_7_8_10_11_12_14_15_16_18_19_20_21_23_24.npz,76.69265412498498,13814,5921,0.4554799478789634,0.8431008275629117,0.8396869291313954,0.9095269209070928,1.8567045419476929,2.4329195829923265,-0.3676107988650798,1.0,1.0,1.0,1.2513219849137405,-20.668478396639166,0.996814825539308,0.996814825539308,0.996814825539308,False,1.0,False,0.9926891290527654,0.9926891290527654,5.0
45,PSS tau=0.99,20,60.0,"{""estimator"":""pss"",""folds"":3,""n_min"":5,""tau"":0.99}","lights,RH_7,RH_1,RH_8,RH_9,RH_3,T6,RH_6,RH_2,RH_4,T_out,Tdewpoint,RH_5,Press_mm_hg,RH_out,T2,Visibility,T8,T4,T7",seed_45/outer_classifier/0_2_3_4_6_7_8_10_11_12_13_14_15_16_18_19_20_21_23_24.npz,54.769090290996246,13814,5921,0.4554799478789634,0.8414119236615436,0.8377141084278634,0.9078169743075636,1.7826078750076704,2.3590292499866337,-0.2581445495309822,1.0,1.0,1.0,1.254271906741785,-20.296349516894303,0.9949326769943536,0.9949326769943536,0.9949326769943536,False,1.0,False,0.9895104895104896,0.9895104895104896,3.0
45,PSS ell=1,20,60.0,"{""ell"":1,""estimator"":""fixed""}","RH_9,RH_3,RH_8,T6,RH_6,RH_2,RH_4,T_out,Tdewpoint,RH_5,RH_1,Press_mm_hg,RH_7,RH_out,T2,Visibility,lights,T8,T4,T7",seed_45/outer_classifier/0_2_3_4_6_7_8_10_11_12_13_14_15_16_18_19_20_21_23_24.npz,6.28771741699893,13814,5921,0.4554799478789634,0.8414119236615436,0.8377141084278634,0.9078169743075636,1.7826078750076704,2.3590292499866337,-0.2581445495309822,1.0,1.0,1.0,1.254271906741785,-20.296349516894303,0.9949326769943536,0.9949326769943536,,,,,0.9895104895104896,0.9895104895104896,3.0
45,PSS ell=2,20,60.0,"{""ell"":2,""estimator"":""fixed""}","RH_8,T2,RH_1,Press_mm_hg,RH_3,RH_5,T3,T5,Tdewpoint,RH_7,Visibility,T7,T1,RH_2,RH_out,Windspeed,RH_6,T_out,T4,T9",seed_45/outer_classifier/1_2_3_4_5_6_7_9_10_12_13_14_16_17_19_20_21_22_23_24.npz,5.241321459005121,13814,5921,0.4554799478789634,0.8289140347914203,0.8266816180625558,0.8970289016623165,1.9114302080124617,2.529460999998264,5.988770391865508,2.0,0.940205588533372,0.8691989828353465,204.78708793559025,-38.57247360373109,0.3173592008107717,0.3163457362096424,,,,,0.1605212968849332,0.1592498410680229,3.0
45,KL k=1,20,60.0,"{""estimator"":""kl"",""k"":1}","RH_3,Press_mm_hg,T_out,RH_out,Windspeed,Tdewpoint,RH_1,T6,RH_4,Visibility,RH_9,RH_2,T9,T7,T8,T3,T1,T2,T4,RH_7",seed_45/outer_classifier/1_2_3_4_5_6_7_8_11_13_14_15_17_18_19_20_21_22_23_24.npz,9.322782458039,13814,5921,0.4554799478789634,0.8327985137645668,0.8284465888347732,0.8955962032975866,1.8837911669979803,2.549241542001255,-0.9063615776261784,,,,,,,,,,,,,,
46,PSS expanded SC-CV,20,60.0,"{""estimator"":""pss"",""folds"":3,""n_min"":5,""tau"":0.95}","T6,lights,RH_8,Press_mm_hg,RH_9,RH_3,T2,RH_2,RH_6,T_out,RH_4,RH_out,RH_1,Tdewpoint,RH_5,RH_7,Visibility,T8,T4,T7",seed_46/outer_classifier/0_2_3_4_6_7_8_10_11_12_13_14_15_16_18_19_20_21_23_24.npz,59.50987987499684,13814,5921,0.4593166352975242,0.83262962337443,0.828378367462337,0.9043925152758304,1.8298377500032077,2.429321166011505,-0.1475730405584308,1.0,1.0,1.0,1.251082728754702,-20.16265744028657,0.9960909222527872,0.9960909222527872,0.9960909222527872,False,1.0,False,0.9930654058313632,0.9930654058313632,3.0
46,KL tuned,20,60.0,"{""estimator"":""kl"",""k"":30}","RH_6,RH_8,RH_1,RH_5,RH_out,T2,lights,T8,RH_9,RH_3,Visibility,Windspeed,T6,T3,T1,T_out,T5,RH_4,RH_2,T4",seed_46/outer_classifier/0_1_2_3_4_5_6_7_8_9_10_11_12_15_16_18_19_21_22_23.npz,135.73122920800233,13814,5921,0.4593166352975242,0.8429319371727748,0.8387801261301806,0.9099848251429494,1.7399770829943009,2.2341472919797525,-1.1122554191653862,,,,,,,,,,,,,,
46,Ross tuned,20,60.0,"{""estimator"":""ross"",""k"":30}","RH_1,RH_8,Press_mm_hg,T3,T6,T8,T9,RH_4,RH_5,lights,T7,RH_7,T5,T2,T_out,T4,Tdewpoint,RH_2,RH_9,T1",seed_46/outer_classifier/0_1_2_3_4_5_7_8_9_10_11_13_14_15_16_17_18_19_20_24.npz,100.63674108299892,13814,5921,0.4593166352975242,0.8324607329842932,0.8280442321118439,0.902604305505069,1.6960551659576597,2.2616670000134036,0.2966281879375421,,,,,,,,,,,,,,
46,Univariate tuned,20,60.0,"{""estimator"":""univariate"",""k"":20}","RH_1,T2,RH_8,RH_6,RH_out,RH_4,T9,lights,RH_3,RH_5,T6,T3,T1,RH_9,T7,T5,RH_7,RH_2,T8,Press_mm_hg",seed_46/outer_classifier/0_1_2_3_4_5_6_8_9_10_11_12_13_14_15_16_17_18_20_21.npz,0.5929758750135079,13814,5921,0.4593166352975242,0.8371896639081237,0.8329360174943599,0.9066737059539676,1.7178730830200948,2.23057479201816,0.0329090387978263,,,,,,,,,,,,,,
46,PSS 3-fold,20,60.0,"{""estimator"":""pss"",""folds"":3,""n_min"":5,""tau"":0.95}","T6,lights,RH_8,Press_mm_hg,RH_9,RH_3,T2,RH_2,RH_6,T_out,RH_4,RH_out,RH_1,Tdewpoint,RH_5,RH_7,Visibility,T8,T4,T7",seed_46/outer_classifier/0_2_3_4_6_7_8_10_11_12_13_14_15_16_18_19_20_21_23_24.npz,59.50987987499684,13814,5921,0.4593166352975242,0.83262962337443,0.828378367462337,0.9043925152758304,1.8298377500032077,2.429321166011505,-0.1475730405584308,1.0,1.0,1.0,1.251082728754702,-20.16265744028657,0.9960909222527872,0.9960909222527872,0.9960909222527872,False,1.0,False,0.9930654058313632,0.9930654058313632,3.0
46,PSS 5-fold,20,60.0,"{""estimator"":""pss"",""folds"":5,""n_min"":5,""tau"":0.95}","lights,RH_6,RH_8,RH_5,T_out,T3,RH_9,T6,T2,RH_3,RH_2,RH_4,RH_out,RH_1,Tdewpoint,Press_mm_hg,RH_7,Visibility,T8,T4",seed_46/outer_classifier/0_2_3_4_5_6_7_8_10_11_12_14_15_16_18_19_20_21_23_24.npz,77.22722570801852,13814,5921,0.4593166352975242,0.8331362945448404,0.828546040977884,0.9050307824571728,1.740247791982256,2.293520166014787,-0.2658499899855329,1.0,1.0,1.0,1.2487337684085351,-20.62974344471402,0.9958737512668308,0.9958737512668308,0.9958737512668308,False,1.0,False,0.9930654058313632,0.9930654058313632,5.0
46,PSS 10-fold,20,60.0,"{""estimator"":""pss"",""folds"":10,""n_min"":5,""tau"":0.95}","lights,RH_6,RH_8,T8,RH_9,T4,RH_5,T6,T2,RH_3,RH_2,T_out,RH_4,RH_out,RH_1,Tdewpoint,Press_mm_hg,RH_7,Visibility,T7",seed_46/outer_classifier/0_2_3_4_6_7_8_10_11_12_13_14_15_16_18_19_20_21_23_24.npz,127.628135750012,13814,5921,0.4593166352975242,0.83262962337443,0.828378367462337,0.9043925152758304,1.8298377500032077,2.429321166011505,-0.1475730405584308,1.0,1.0,1.0,1.251082728754702,-20.5738459942103,0.9965976545533516,0.9965976545533516,0.9965976545533516,False,1.0,False,0.9936958234830576,0.9936958234830576,10.0
46,PSS matched-budget,20,60.0,"{""estimator"":""pss"",""folds"":3,""n_min"":5,""tau"":0.95}","T6,lights,RH_8,Press_mm_hg,RH_9,RH_3,T2,RH_2,RH_6,T_out,RH_4,RH_out,RH_1,Tdewpoint,RH_5,RH_7,Visibility,T8,T4,T7",seed_46/outer_classifier/0_2_3_4_6_7_8_10_11_12_13_14_15_16_18_19_20_21_23_24.npz,59.50987987499684,13814,5921,0.4593166352975242,0.83262962337443,0.828378367462337,0.9043925152758304,1.8298377500032077,2.429321166011505,-0.1475730405584308,1.0,1.0,1.0,1.251082728754702,-20.16265744028657,0.9960909222527872,0.9960909222527872,0.9960909222527872,False,1.0,False,0.9930654058313632,0.9930654058313632,3.0
46,PSS tau=0.99,20,60.0,"{""estimator"":""pss"",""folds"":3,""n_min"":5,""tau"":0.99}","T6,lights,Tdewpoint,RH_9,RH_8,T2,RH_3,RH_2,RH_6,T_out,RH_4,RH_out,RH_1,Press_mm_hg,RH_5,RH_7,Visibility,T8,T4,T7",seed_46/outer_classifier/0_2_3_4_6_7_8_10_11_12_13_14_15_16_18_19_20_21_23_24.npz,56.54568929201923,13814,5921,0.4593166352975242,0.83262962337443,0.828378367462337,0.9043925152758304,1.8298377500032077,2.429321166011505,-0.1475730405584308,1.0,1.0,1.0,1.251082728754702,-20.16265744028657,0.9960909222527872,0.9960909222527872,0.9960909222527872,False,1.0,False,0.9930654058313632,0.9930654058313632,3.0
46,PSS ell=1,20,60.0,"{""ell"":1,""estimator"":""fixed""}","RH_9,RH_8,T6,T2,RH_3,RH_2,RH_6,T_out,RH_4,RH_out,RH_1,Tdewpoint,Press_mm_hg,RH_5,RH_7,Visibility,lights,T8,T4,T7",seed_46/outer_classifier/0_2_3_4_6_7_8_10_11_12_13_14_15_16_18_19_20_21_23_24.npz,6.216409874963574,13814,5921,0.4593166352975242,0.83262962337443,0.828378367462337,0.9043925152758304,1.8298377500032077,2.429321166011505,-0.1475730405584308,1.0,1.0,1.0,1.251082728754702,-20.16265744028657,0.9960909222527872,0.9960909222527872,,,,,0.9930654058313632,0.9930654058313632,3.0
46,PSS ell=2,20,60.0,"{""ell"":2,""estimator"":""fixed""}","RH_8,T2,Press_mm_hg,RH_3,RH_5,Tdewpoint,T3,T5,RH_7,Visibility,RH_9,T1,RH_out,T4,T7,RH_6,Windspeed,lights,T9,T_out",seed_46/outer_classifier/0_1_3_5_6_7_9_10_12_13_14_16_17_18_19_20_21_22_23_24.npz,5.333316625037696,13814,5921,0.4593166352975242,0.8280695828407364,0.826433793194971,0.8937470357099583,1.9058367499965243,3.696646917029284,5.958484563809428,2.0,0.948023744027798,0.8849487785657998,191.30609465866004,-41.539785768103066,0.3383523961198784,0.33806283480527,,,,,0.1843971631205673,0.183451536643026,3.0
46,KL k=1,20,60.0,"{""estimator"":""kl"",""k"":1}","RH_3,Press_mm_hg,Tdewpoint,RH_out,Windspeed,T_out,T6,RH_1,RH_2,RH_7,T9,T7,T3,RH_4,T2,T1,T8,T4,T5,Visibility",seed_46/outer_classifier/1_2_3_4_5_6_7_8_9_11_13_14_15_17_19_20_21_22_23_24.npz,8.680795499996748,13814,5921,0.4593166352975242,0.8194561729437595,0.8125866495877401,0.8840721700045582,1.8387675000121817,2.4992906660190783,-0.9847903422272636,,,,,,,,,,,,,,
