seed,method,estimator,folds,tau,n_min,inner_accuracy,reporting_count,k,ell
42,PSS expanded SC-CV,pss,10.0,0.9,5.0,0.7814234016887817,20,,
42,KL tuned,kl,,,,0.7827100924809006,20,50.0,
42,Ross tuned,ross,,,,0.7881785283474065,20,15.0,
42,Univariate tuned,univariate,,,,0.7784479292320065,20,10.0,
42,PSS 3-fold,pss,3.0,0.8,5.0,0.7666264575794131,20,,
42,PSS 5-fold,pss,5.0,0.95,5.0,0.7753116204262164,20,,
42,PSS 10-fold,pss,10.0,0.9,5.0,0.7814234016887817,20,,
42,PSS matched-budget,pss,5.0,0.95,5.0,0.7753116204262164,20,,
42,PSS tau=0.99,pss,3.0,0.99,5.0,0.7609167671893848,20,,
42,PSS ell=1,fixed,,,,,20,,1.0
42,PSS ell=2,fixed,,,,,20,,2.0
42,KL k=1,kl,,,,,20,1.0,
43,PSS expanded SC-CV,pss,10.0,0.85,5.0,0.7831121833534379,20,,
43,KL tuned,kl,,,,0.7938882187374346,20,30.0,
43,Ross tuned,ross,,,,0.7950944913550463,20,15.0,
43,Univariate tuned,univariate,,,,0.784238037796542,20,10.0,
43,PSS 3-fold,pss,3.0,0.8,5.0,0.7831121833534379,20,,
43,PSS 5-fold,pss,5.0,0.95,5.0,0.7807800562927222,20,,
43,PSS 10-fold,pss,10.0,0.85,5.0,0.7831121833534379,20,,
43,PSS matched-budget,pss,3.0,0.8,5.0,0.7831121833534379,20,,
43,PSS tau=0.99,pss,3.0,0.99,5.0,0.7733815842380377,20,,
43,PSS ell=1,fixed,,,,,20,,1.0
43,PSS ell=2,fixed,,,,,20,,2.0
43,KL k=1,kl,,,,,20,1.0,
44,PSS expanded SC-CV,pss,10.0,0.8,5.0,0.788661037394451,20,,
44,KL tuned,kl,,,,0.7959790912746282,20,50.0,
44,Ross tuned,ross,,,,0.798713309207881,20,50.0,
44,Univariate tuned,univariate,,,,0.7900281463610775,20,50.0,
44,PSS 3-fold,pss,3.0,0.9,5.0,0.7830317651789304,20,,
44,PSS 5-fold,pss,5.0,0.85,5.0,0.7874547647768396,20,,
44,PSS 10-fold,pss,10.0,0.8,5.0,0.788661037394451,20,,
44,PSS matched-budget,pss,5.0,0.85,5.0,0.7874547647768396,20,,
44,PSS tau=0.99,pss,3.0,0.99,5.0,0.7782066747084841,20,,
44,PSS ell=1,fixed,,,,,20,,1.0
44,PSS ell=2,fixed,,,,,20,,2.0
44,KL k=1,kl,,,,,20,1.0,
45,PSS expanded SC-CV,pss,5.0,0.95,5.0,0.7896260554885405,20,,
45,KL tuned,kl,,,,0.7933252915158825,20,50.0,
45,Ross tuned,ross,,,,0.7966224366706877,20,30.0,
45,Univariate tuned,univariate,,,,0.780940892641737,20,7.0,
45,PSS 3-fold,pss,3.0,0.9,5.0,0.7801367108966627,20,,
45,PSS 5-fold,pss,5.0,0.95,5.0,0.7896260554885405,20,,
45,PSS 10-fold,pss,10.0,0.95,5.0,0.7845597104945717,20,,
45,PSS matched-budget,pss,5.0,0.95,5.0,0.7896260554885405,20,,
45,PSS tau=0.99,pss,3.0,0.99,5.0,0.767189384800965,20,,
45,PSS ell=1,fixed,,,,,20,,1.0
45,PSS ell=2,fixed,,,,,20,,2.0
45,KL k=1,kl,,,,,20,1.0,
46,PSS expanded SC-CV,pss,3.0,0.95,5.0,0.7876960193003618,20,,
46,KL tuned,kl,,,,0.7990349819059107,20,30.0,
46,Ross tuned,ross,,,,0.7948532368315239,20,30.0,
46,Univariate tuned,univariate,,,,0.786087655810213,20,20.0,
46,PSS 3-fold,pss,3.0,0.95,5.0,0.7876960193003618,20,,
46,PSS 5-fold,pss,5.0,0.95,5.0,0.7814234016887817,20,,
46,PSS 10-fold,pss,10.0,0.95,5.0,0.7800562927221552,20,,
46,PSS matched-budget,pss,3.0,0.95,5.0,0.7876960193003618,20,,
46,PSS tau=0.99,pss,3.0,0.99,5.0,0.7817450743868114,20,,
46,PSS ell=1,fixed,,,,,20,,1.0
46,PSS ell=2,fixed,,,,,20,,2.0
46,KL k=1,kl,,,,,20,1.0,
