method,features,mean_difference_pp,sd_difference_pp,positive_splits,ties
KL tuned,5,-1.3646343523053561,1.96317916341065,1,0
KL tuned,10,-1.4288127005573383,1.1073982025978488,0,0
KL tuned,20,-0.8343185272757925,0.4791250998546792,0,0
Ross tuned,5,-0.9694308393852392,1.793246954539913,1,0
Ross tuned,10,-1.69903732477622,0.8975535147715065,0,0
Ross tuned,20,0.020266846816419104,0.5230696526681136,3,0
Univariate tuned,5,-1.533524742442158,1.4792812231029595,0,0
Univariate tuned,10,0.23982435399425572,0.8588038973244507,2,0
Univariate tuned,20,-0.4391150143556799,0.47394748185787205,1,1
PSS 3-fold,5,0.8714744131058929,1.398102355626039,3,1
PSS 3-fold,10,0.7093396385745643,0.788285832130719,4,1
PSS 3-fold,20,0.04053369363283377,0.7025312427396747,2,1
PSS 5-fold,5,0.4053369363283199,1.5583742441374446,2,1
PSS 5-fold,10,-0.3141361256544517,0.6808817701706796,1,1
PSS 5-fold,20,-0.23644654619151995,0.3042371818046239,0,2
PSS 10-fold,5,0.591116365478801,1.3407386783981965,1,3
PSS 10-fold,10,-0.0979564262793442,1.3026694358824646,1,3
PSS 10-fold,20,0.03377807802736221,0.07553007861847391,1,4
PSS matched-budget,5,0.9896976862016537,1.9752090349265201,2,2
PSS matched-budget,10,0.38844789731464324,0.9255902198881775,2,2
PSS matched-budget,20,-0.040533693632829326,0.6127486732419964,1,2
PSS tau=0.99,5,0.2634690086134084,1.3161319381196923,3,0
PSS tau=0.99,10,1.8273940212801887,0.7379563119912103,5,0
PSS tau=0.99,20,-0.21955750717783884,0.39427858570946805,1,2
PSS ell=1,5,-0.3715588583009666,1.1293578019915906,1,0
PSS ell=1,10,1.9489951021786855,1.142328455221137,5,0
PSS ell=1,20,-0.21955750717783884,0.39427858570946805,1,2
PSS ell=2,5,-1.1315656139165677,1.690212295085314,0,0
PSS ell=2,10,0.006755615605471554,1.238762369805609,3,0
PSS ell=2,20,0.2837358554298297,0.8003515832843461,3,0
KL k=1,5,3.7290998142205694,0.796332069549275,5,0
KL k=1,10,3.5602094240837694,1.522001364870649,5,0
KL k=1,20,0.9896976862016604,0.4429309467292836,5,0
