method,mean_seconds,sd_seconds
All features,0.0,0.0
KL k=1,10.053481916594318,1.1298921230444734
KL tuned,157.75796125818744,24.216099020415914
PSS 10-fold,125.95417459999445,1.0719800971154752
PSS 3-fold,56.87158835820155,1.6765120632963062
PSS 5-fold,77.02890975818737,1.1999274427755553
PSS ell=1,6.366556783393025,0.13047316758492986
PSS ell=2,5.369504908611998,0.10850154689648014
PSS expanded SC-CV,102.41216560839675,31.906488784568023
PSS matched-budget,69.22542090818752,9.89728637894522
PSS tau=0.99,55.784211441397204,0.7156926161349532
Ross tuned,91.28912746661808,39.445974268199585
Univariate tuned,0.6355233918060549,0.24792394472944582
