method,features,accuracy_mean,accuracy_sd,balanced_accuracy_mean,auc_mean
All features,25,0.8449248437763892,0.0061249259012427,0.84156673577966,0.9110628367598878
KL k=1,5,0.6904914710352981,0.005000981056800345,0.679091844823678,0.740551349175175
KL k=1,10,0.7576085120756628,0.006609852908791185,0.7506529138953567,0.8285693355691185
KL k=1,20,0.8239824353994258,0.006504363399107427,0.818757319693864,0.8901734711691136
KL tuned,5,0.7414288127005573,0.015766168946105732,0.7376870199152779,0.817850248224284
KL tuned,10,0.807498733322074,0.00943173823609968,0.8029429205923613,0.8825419884150352
KL tuned,20,0.8422225975342001,0.004142809320610021,0.8386333671606234,0.9090804171691866
PSS 10-fold,5,0.7218713055227157,0.009744111994903526,0.7136809428651504,0.7882038901451912
PSS 10-fold,10,0.794190170579294,0.011416415731719268,0.789646480951432,0.868997064637729
PSS 10-fold,20,0.8335416314811688,0.00719778268609596,0.8304578566285656,0.9035288429851063
PSS 3-fold,5,0.7190677250464448,0.018140038713170225,0.71223079565879,0.7843554533648966
PSS 3-fold,10,0.786117209930755,0.011906233480560153,0.7824970203465529,0.8611041299381748
PSS 3-fold,20,0.833474075325114,0.003971618313225783,0.8302692604418072,0.9036448104103639
PSS 5-fold,5,0.7237290998142206,0.020321802426348356,0.7167674475592047,0.7893525395044683
PSS 5-fold,10,0.796351967573045,0.013268057426829972,0.7937448744154829,0.8714032591688909
PSS 5-fold,20,0.8362438777233576,0.0054158279199380994,0.8324366729398414,0.9058042124679215
PSS ell=1,5,0.7314980577605135,0.004630492808440363,0.7308084819322211,0.8018853132391843
PSS ell=1,10,0.7737206552947138,0.001768920246279508,0.7733335159154551,0.8517810300118963
PSS ell=1,20,0.8360749873332207,0.004535894084637372,0.8323559126800637,0.9055191396637591
PSS ell=2,5,0.7390981253166695,0.011328504680292941,0.7349670095824002,0.8120308715548245
PSS ell=2,10,0.7931430501604458,0.007226259106629302,0.7902043426531578,0.8657993310598406
PSS ell=2,20,0.831042053707144,0.0028174845426301963,0.8281174868569945,0.899185901980643
PSS expanded SC-CV,5,0.7277824691775038,0.010528524513560057,0.7218970849792793,0.7922298604735015
PSS expanded SC-CV,10,0.7932106063165005,0.010174577244864742,0.7894297333943576,0.8686211765804919
PSS expanded SC-CV,20,0.8338794122614424,0.007682749407474198,0.830852420769272,0.9038708323050122
PSS matched-budget,5,0.7178854923154873,0.022388840400124815,0.7110772618045949,0.7838179224752138
PSS matched-budget,10,0.7893261273433542,0.012085166621012588,0.7860011823413082,0.8649966963435215
PSS matched-budget,20,0.8342847491977707,0.006023967699851171,0.8306393242352612,0.9044304385176065
PSS tau=0.99,5,0.7251477790913696,0.009115075534042378,0.7207498766488543,0.7927584642668694
PSS tau=0.99,10,0.7749366661036987,0.010320709196522247,0.7733910575473426,0.8562380155834136
PSS tau=0.99,20,0.8360749873332207,0.004535894084637372,0.8323559126800637,0.9055191396637591
Ross tuned,5,0.7374767775713561,0.01594588257891309,0.7326527652708359,0.8113910053757314
Ross tuned,10,0.8102009795642628,0.009092202819924419,0.8057947070511288,0.8811185825476547
Ross tuned,20,0.8336767437932782,0.006324262973131561,0.8296526342702133,0.9027251633012524
Univariate tuned,5,0.7431177166019254,0.013289323623363741,0.7386256216699284,0.8145134590227279
Univariate tuned,10,0.790812362776558,0.006558081483109994,0.7891439739420618,0.8686604149656011
Univariate tuned,20,0.8382705624049992,0.0032870773519886047,0.8343637983885701,0.9070425429757772
