method,count,accuracy,sd,balanced_accuracy,auc
All features,25,0.8438889827168833,0.00646506883745116,0.8406748647221004,0.910286507683511
KL k=1,1,0.563024263919383,0.0005429066464556688,0.5262686120978161,0.534169680767069
KL k=1,2,0.5853177954174408,0.002585365648416379,0.5589497754992375,0.5746628219967338
KL k=1,3,0.6225299780442493,0.0067745891302589695,0.602990223926953,0.6541111507312974
KL k=1,4,0.6717896751674829,0.001436395971645896,0.6597010464191286,0.7124065897283316
KL k=1,5,0.6897483533186962,0.005843216987673124,0.6775308521981226,0.7400489164652712
KL k=1,6,0.700669931880876,0.0021251574720685634,0.690081197531431,0.7610458463465116
KL k=1,7,0.7118729944266171,0.004150719718778766,0.7021220190960399,0.7754228567999063
KL k=1,8,0.7165456285537353,0.004644741616243489,0.7070724072600704,0.7855987330776006
KL k=1,9,0.7336598547542645,0.009697603256176683,0.7251417355692412,0.8026467320628076
KL k=1,10,0.7592186004616338,0.002787117895510151,0.7529371054210627,0.8302630655431488
KL k=1,11,0.7669312616112144,0.002382492143162595,0.7613649020858818,0.8388114645629567
KL k=1,12,0.7801047120418848,0.007215000629384813,0.7755497397543527,0.8478996045502146
KL k=1,13,0.7838203006248944,0.0076505668994468,0.7787585433530836,0.8523722758930466
KL k=1,14,0.7931092720824185,0.009817457611439734,0.7875174695178965,0.8616553628846818
KL k=1,15,0.7969937510555649,0.013232861151797953,0.7916872417834496,0.8677919958578421
KL k=1,16,0.8026234307267917,0.01021798491831012,0.7977439901972311,0.8723165863511418
KL k=1,17,0.8084220007881552,0.016823325402871004,0.8028245349994844,0.8763399031282483
KL k=1,18,0.8116309182007543,0.012778132775968936,0.8053864680505529,0.8811978181846959
KL k=1,19,0.8143331644429432,0.010615044291767047,0.8084193335674378,0.8850257421341841
KL k=1,20,0.8225524967629342,0.005695722510810904,0.8175844533489355,0.8903996608478076
KL tuned,1,0.6065979845746777,0.0020430385983926545,0.5878789116547466,0.6254265032903429
KL tuned,2,0.6520294995214772,0.006066747183943324,0.643717120436983,0.6852737878524201
KL tuned,3,0.692675786747734,0.007897017983445807,0.6875522060245761,0.7561458591776429
KL tuned,4,0.7337161515509768,0.004801757053772442,0.7290508126055165,0.8007516950720298
KL tuned,5,0.7459888532342509,0.005035653273391526,0.7424626169959151,0.8215166173154862
KL tuned,6,0.7625964082643697,0.004729936116938595,0.7603459330508325,0.8372760491426657
KL tuned,7,0.7776839497832574,0.004075592590832234,0.7746012814032861,0.8507285628944422
KL tuned,8,0.7913077745876259,0.0022042191015540437,0.7872211235086636,0.8661879054040864
KL tuned,9,0.8000900748747396,0.005357668863582783,0.7958121720026763,0.874842958531766
KL tuned,10,0.8058323481393909,0.00845858199702562,0.8015992750896411,0.8808073511727369
KL tuned,11,0.807971626414457,0.00967699196134219,0.8040679510723887,0.8832446776603211
KL tuned,12,0.815965771547599,0.005457886612899362,0.8121512881168228,0.8888364033466866
KL tuned,13,0.8243539942577267,0.004312496313056398,0.8206163302470019,0.8954610655017906
KL tuned,14,0.8286888476045714,0.0034211596248918874,0.8249543409653922,0.8990296203071225
KL tuned,15,0.832010358610595,0.004735962795259326,0.8280490966997939,0.9028067900997624
KL tuned,16,0.8364015087541518,0.003720702953748456,0.8328580312470287,0.9040260648715369
KL tuned,17,0.8378652254686708,0.003489947360204677,0.8343891514443836,0.9053952296094226
KL tuned,18,0.8415808140516804,0.004984412958410249,0.8382501372795698,0.9065695368704095
KL tuned,19,0.8396667229634635,0.004669241522207675,0.8363443936740524,0.9069962326837637
KL tuned,20,0.8405111749141474,0.004459900314212287,0.8370367192020135,0.9078817385195181
PSS class-aware (pooled settings),1,0.600968304903451,0.011757407748018207,0.5808016615064547,0.617770930128239
PSS class-aware (pooled settings),2,0.6625570005066712,0.03840464977494327,0.6498078175908699,0.6813064751163215
PSS class-aware (pooled settings),3,0.6698192872825537,0.04101672724193586,0.6591607922713479,0.7137487798313499
PSS class-aware (pooled settings),4,0.6941395034622531,0.015562678988845152,0.6844168348716183,0.7557697129751947
PSS class-aware (pooled settings),5,0.723019760175646,0.010120748702299355,0.7159972634980815,0.7853264547499328
PSS class-aware (pooled settings),6,0.7390080504419299,0.0034128119273158313,0.7324856471959498,0.8121639923896508
PSS class-aware (pooled settings),7,0.7576422901536902,0.009907116619532141,0.7516530566190115,0.8294332918194159
PSS class-aware (pooled settings),8,0.7677194167651861,0.005748065601717633,0.7621336868841748,0.8406195762009148
PSS class-aware (pooled settings),9,0.7754883747114789,0.005011047415745924,0.7705033343119055,0.8501634342678545
PSS class-aware (pooled settings),10,0.7893373867026966,0.007286467235202813,0.7854890178021273,0.8638966748695251
PSS class-aware (pooled settings),11,0.7953611439509092,0.0036393168628934543,0.7925551881586811,0.8738525166526864
PSS class-aware (pooled settings),12,0.7995834037043292,0.0036078297517338842,0.7969604985335512,0.8766431103707938
PSS class-aware (pooled settings),13,0.8025108371333672,0.00405454204358066,0.7998441189381728,0.879436602175812
PSS class-aware (pooled settings),14,0.8076338456341835,0.008129577129916413,0.8047338429443321,0.8831949768606497
PSS class-aware (pooled settings),15,0.8144457580363677,0.008109084087161319,0.8116422280387917,0.8878860069474831
PSS class-aware (pooled settings),16,0.8146146484265046,0.0059143797397129905,0.8118965108126196,0.8905962776342617
PSS class-aware (pooled settings),17,0.8208072960648539,0.003222223277881916,0.8182875922318925,0.8935380562200373
PSS class-aware (pooled settings),18,0.8241288070708777,0.005969584480914993,0.8215033891483629,0.8955785386673237
PSS class-aware (pooled settings),19,0.825479930191972,0.005950440921791984,0.8232408018803502,0.8970511623041033
PSS class-aware (pooled settings),20,0.8333051849349772,0.004868615201959005,0.8301896936461257,0.9031634013100275
PSS class-aware SC-CV,1,0.600968304903451,0.011757407748018207,0.5808016615064547,0.617770930128239
PSS class-aware SC-CV,2,0.6625570005066712,0.03840464977494327,0.6498078175908699,0.6813064751163215
PSS class-aware SC-CV,3,0.6698192872825537,0.04101672724193586,0.6591607922713479,0.7137487798313499
PSS class-aware SC-CV,4,0.6919439283904746,0.0224331962667993,0.6823142450812519,0.7480487149207727
PSS class-aware SC-CV,5,0.7324213252265946,0.010676669314663692,0.7271377062309569,0.7943865243748309
PSS class-aware SC-CV,6,0.7497607386139729,0.009435719329186878,0.7446283012413967,0.8159433178332484
PSS class-aware SC-CV,7,0.7665934808309407,0.011558816843282303,0.7626414054444085,0.8355687542380593
PSS class-aware SC-CV,8,0.7730113156561392,0.009543427930813527,0.7693174101752676,0.8504118024801918
PSS class-aware SC-CV,9,0.7826380678939368,0.00834769691353315,0.7793982539121189,0.8609950664250268
PSS class-aware SC-CV,10,0.7905759162303664,0.004098855294548766,0.7878118092801709,0.8683783916942737
PSS class-aware SC-CV,11,0.7969374542588527,0.003470824217035079,0.7944611602603749,0.8726881074421186
PSS class-aware SC-CV,12,0.8005967460451501,0.005233785753476923,0.7980010194784865,0.8749997010917129
PSS class-aware SC-CV,13,0.8044249282215842,0.004628336296586555,0.8020393418539492,0.8792749364205891
PSS class-aware SC-CV,14,0.8075212520407589,0.0037550427620676686,0.8049388240135092,0.8830100885507736
PSS class-aware SC-CV,15,0.8134324156955469,0.003874675856008526,0.8105397120259575,0.8866994843637253
PSS class-aware SC-CV,16,0.8175420818555423,0.0034625962539394433,0.8149698401026235,0.889350180322053
PSS class-aware SC-CV,17,0.81996284411417,0.002321858990857559,0.8176419526580841,0.892270004134356
PSS class-aware SC-CV,18,0.8256488205821088,0.008198290485861121,0.8230207312750694,0.8978139424846784
PSS class-aware SC-CV,19,0.8311659066599111,0.010888301147358625,0.828042307997114,0.9020259208263628
PSS class-aware SC-CV,20,0.8349940888363453,0.0052898023183130674,0.8313167981966423,0.9048211196584474
PSS ell=1,1,0.6023194280245454,0.0061646920342274675,0.5812563404691587,0.6014265167885992
PSS ell=1,2,0.6325508078590328,0.021489822782290172,0.6178906293224041,0.6697259591127995
PSS ell=1,3,0.6828801441197996,0.016628914993051025,0.6759046648970243,0.7380873160973453
PSS ell=1,4,0.6985306536058098,0.018590988955425606,0.6940639129483945,0.7662124643096221
PSS ell=1,5,0.7320835444463211,0.0058562199900955726,0.7307458191318137,0.8018797131151493
PSS ell=1,6,0.7431177166019253,0.0068997460617515735,0.7422768216693935,0.812546832371118
PSS ell=1,7,0.7522377976693125,0.0036575591669832518,0.7511926750229859,0.826391599420325
PSS ell=1,8,0.7582615549175252,0.00583181557781017,0.7574075916344438,0.8341310771362161
PSS ell=1,9,0.7632156730282048,0.006924505995608898,0.7630722379442753,0.837836792420625
PSS ell=1,10,0.7736868772166864,0.0010273201368515758,0.7733518648658317,0.8522633895587418
PSS ell=1,11,0.7827506614873614,0.002305420844389302,0.7818458824127882,0.8622485261934516
PSS ell=1,12,0.7951922535607724,0.005192750124461054,0.7925442012367734,0.8702864327057295
PSS ell=1,13,0.7985700613635084,0.008645362534621061,0.795206569290003,0.8738624724884444
PSS ell=1,14,0.8041997410347351,0.007462458407442849,0.8014358370706046,0.8783851230065726
PSS ell=1,15,0.8074649552440466,0.009947342896556098,0.8050004473798037,0.8824016353436669
PSS ell=1,16,0.8113494342171931,0.011702288263009624,0.8093099232532682,0.883719609860083
PSS ell=1,17,0.8186117209930756,0.003657559166983262,0.8160852644219808,0.8916206136436386
PSS ell=1,18,0.8302088611158025,0.004693613544355005,0.8266653844303375,0.899656531134723
PSS ell=1,19,0.8343185272757979,0.005443932261876751,0.8307650212566223,0.9039162879604382
PSS ell=1,20,0.8354444632100434,0.004513935998513993,0.831895695836706,0.9051287362451337
PSS pooled SC-CV,1,0.600968304903451,0.011757407748018207,0.5808016615064547,0.617770930128239
PSS pooled SC-CV,2,0.6625570005066712,0.03840464977494327,0.6498078175908699,0.6813064751163215
PSS pooled SC-CV,3,0.6698192872825537,0.04101672724193586,0.6591607922713479,0.7137487798313499
PSS pooled SC-CV,4,0.6976299048584136,0.016953376302332547,0.6884656949671215,0.7529784616797855
PSS pooled SC-CV,5,0.721950121038113,0.008651958692143169,0.7146052847895273,0.7883264878938346
PSS pooled SC-CV,6,0.739683612002477,0.0034460813922880043,0.7338006775482393,0.807634600329612
PSS pooled SC-CV,7,0.7533074368068456,0.002443566336115596,0.7479121230460198,0.8239341164733128
PSS pooled SC-CV,8,0.7585430389010867,0.0050450851102256875,0.7532112219801385,0.8358800805511692
PSS pooled SC-CV,9,0.7776276529865451,0.00502809506534405,0.7725684980049173,0.853108965629361
PSS pooled SC-CV,10,0.7887181219388616,0.007463732408033871,0.7839846442350112,0.8655430378382305
PSS pooled SC-CV,11,0.7999774812813151,0.01048254820431949,0.7959038111640128,0.8751679162438633
PSS pooled SC-CV,12,0.8074649552440466,0.01124231666316003,0.8040206039892216,0.8844482891513991
PSS pooled SC-CV,13,0.8080842200078816,0.013022460338119457,0.8048052359617062,0.8857494767445838
PSS pooled SC-CV,14,0.8112368406237686,0.011995181607691877,0.8082525482564966,0.8879563939862539
PSS pooled SC-CV,15,0.8167539267015708,0.010024466307550538,0.8136524491525453,0.8907743787697107
PSS pooled SC-CV,16,0.821257670438552,0.009575256022691124,0.8184723953386744,0.8943760653763116
PSS pooled SC-CV,17,0.824410291054439,0.007110131643247801,0.8216293689169011,0.8976144409564518
PSS pooled SC-CV,18,0.8254799301919721,0.007555525111662447,0.8225513352762103,0.8984425134829538
PSS pooled SC-CV,19,0.8285199572144345,0.006589611598127269,0.8258600520811124,0.9003344839092314
PSS pooled SC-CV,20,0.8312222034566233,0.008009987687589926,0.8287322690842093,0.9018115751140457
Ross tuned,1,0.5772673534875866,0.024133603512057133,0.5527885138566475,0.5707264643372326
Ross tuned,2,0.6181951246974048,0.04042141366937052,0.6028157161981192,0.6513976335684091
Ross tuned,3,0.6424027472836795,0.07215975741658559,0.6276404935792058,0.6829734087823933
Ross tuned,4,0.7051173788211451,0.04092552547130766,0.6975398028932841,0.7753318774848754
Ross tuned,5,0.7315768732759106,0.019336536053139196,0.7255550591717169,0.804500012579755
Ross tuned,6,0.7522377976693125,0.01174608076297254,0.745918597566189,0.8242177819127473
Ross tuned,7,0.7707594437876484,0.018252928699606295,0.766259755329874,0.8466827485017028
Ross tuned,8,0.7882114507684513,0.005872433254758957,0.7844130537443625,0.8628545987688043
Ross tuned,9,0.7999211844846027,0.0056251741245495705,0.7952765472652192,0.8721148478043655
Ross tuned,10,0.804368631424872,0.004895879660248182,0.8000884932846165,0.8787083785350411
Ross tuned,11,0.8080842200078816,0.006604744413021408,0.8039458119623674,0.8836411932114957
Ross tuned,12,0.8146709452232169,0.004813623028341044,0.8105960481129006,0.8867088892774057
Ross tuned,13,0.8173731914654057,0.0036314706801486873,0.8136274942687112,0.8889832569067516
Ross tuned,14,0.8195687665371841,0.000639408697382205,0.8156579050345938,0.8916209970207838
Ross tuned,15,0.8224961999662219,0.0030819604105546817,0.8185630578016223,0.8930507949698175
Ross tuned,16,0.8260428981590948,0.003081960410554789,0.8223707923497137,0.8939703316984358
Ross tuned,17,0.8260428981590948,0.003002261245504353,0.8222980396463172,0.8942927089449756
Ross tuned,18,0.825874007768958,0.004098855294548751,0.821984176174536,0.8959181774346252
Ross tuned,19,0.8265495693295052,0.0033735829007664926,0.822759633587685,0.8972325954341969
Ross tuned,20,0.830715532286213,0.0038857026238219875,0.8269277758035566,0.8999077457359365
Univariate tuned,1,0.5772673534875866,0.024133603512057133,0.5527885138566475,0.5707264643372326
Univariate tuned,2,0.6244440691324664,0.008372149499531033,0.6146575977293559,0.6692695807935481
Univariate tuned,3,0.65557619771435,0.004675346438550807,0.6407134755895608,0.7067566324935545
Univariate tuned,4,0.7231886505657829,0.02190893115106441,0.7189044261848389,0.7869573513557365
Univariate tuned,5,0.7403591735630243,0.01785158907384965,0.7358986782072154,0.8112382547834754
Univariate tuned,6,0.759274897258346,0.005347010360592334,0.7563132152628042,0.8366424650457698
Univariate tuned,7,0.7694083206665541,0.003192579379329581,0.7668662926847104,0.8452908279648623
Univariate tuned,8,0.7753194843213421,0.002461013679490421,0.7734914136117926,0.8524004221698355
Univariate tuned,9,0.7818499127399651,0.00770505527711563,0.7799673670793772,0.8605537273077077
Univariate tuned,10,0.7865788436637956,0.003519788106139879,0.7847133305263084,0.8667096241292596
Univariate tuned,11,0.7896751674829702,0.000989607376639479,0.7876179832656472,0.871707272738619
Univariate tuned,12,0.7992456229240555,0.002171626585822858,0.7964572540638022,0.8776721053836339
Univariate tuned,13,0.8050441929854192,0.005470936491924331,0.8018221020990762,0.882868417767991
Univariate tuned,14,0.8102234982829476,0.006099570221598536,0.8072769050907017,0.8869766364244357
Univariate tuned,15,0.8157968811574622,0.003161154116166524,0.8125371960846192,0.8912148033685908
Univariate tuned,16,0.8200754377075944,0.004151864902886336,0.8166891835003595,0.8939804928495606
Univariate tuned,17,0.825029555818274,0.005316695233473139,0.8216750992062208,0.898688398163041
Univariate tuned,18,0.83262962337443,0.006096451831710848,0.8292908809589353,0.9023768469344621
Univariate tuned,19,0.8338681529020998,0.002672171206734378,0.8304858272761096,0.903412230878923
Univariate tuned,20,0.8370770703146991,0.0028327975286628186,0.8335079950055272,0.9062731198907031
