seed,coefficient,status,completed_steps,failure,inner_accuracy,accuracy_5,accuracy_10,accuracy_20,minimum_training_coverage,maximum_conditional_training_skip,ell1_fraction
42,1.5,complete,20,null,0.7585042219541617,0.7051869722557298,0.7539203860072377,0.8164053075995175,1.0,0.0,0.9
42,1.0,complete,20,null,0.7640530759951748,0.7073582629674307,0.7683956574185766,0.8164053075995175,1.0,0.0,0.95
42,2.5,complete,20,null,0.769039002814636,0.7235223160434258,0.7715319662243667,0.8120627261761159,0.9068155962353914,0.1925465838509317,0.0
42,2.0,complete,20,null,0.76735022114998,0.7179734620024125,0.7676718938480096,0.8164053075995175,1.0,0.0,0.85
42,3.0,complete,20,null,0.7589063128266987,0.7102533172496984,0.7618817852834741,0.804583835946924,0.903402626952115,0.19323671497584538,0.0
42,4.0,complete,20,null,0.7607559308403699,0.7088057901085645,0.7613992762364294,0.8120627261761159,0.9062984796773192,0.1923165401426271,0.0
43,1.5,complete,20,null,0.7728186570164857,0.7184559710494571,0.7761158021712907,0.8238841978287093,1.0,0.0,0.9
43,1.0,complete,20,null,0.7768395657418576,0.7305186972255729,0.7761158021712907,0.8238841978287093,1.0,0.0,0.95
43,2.5,complete,20,null,0.7685564937675915,0.7242460796139928,0.7729794933655006,0.8084439083232811,0.9095046023373669,0.1852621852621853,0.0
43,2.0,complete,20,null,0.7810213108162446,0.7394451145958987,0.7814234016887817,0.8221954161640531,1.0,0.0,0.85
43,3.0,complete,20,null,0.7866505830317653,0.7338962605548854,0.7920386007237635,0.8340168878166465,0.9227427862240148,0.17371217371217373,0.0
43,4.0,complete,20,null,0.7708082026537998,0.7203860072376357,0.7688781664656212,0.8231604342581423,0.9228462095356293,0.16193116193116197,0.0
44,1.5,complete,20,null,0.7695215118616807,0.7112183353437876,0.7802171290711701,0.8171290711700845,1.0,0.0,0.9
44,1.0,complete,20,null,0.772496984318456,0.7201447527141134,0.7802171290711701,0.8171290711700845,1.0,0.0,0.95
44,2.5,complete,20,null,0.7914756735022115,0.7505428226779252,0.794692400482509,0.8291917973462002,0.9212948598614128,0.16435237878442976,0.0
44,2.0,complete,20,null,0.7745074386811419,0.7293124246079614,0.77708082026538,0.8171290711700845,1.0,0.00018953752843064997,0.85
44,3.0,complete,20,null,0.7857659831121833,0.7300361881785283,0.7930036188178529,0.8342581423401689,0.9098148722722101,0.1848395174140678,0.0
44,4.0,complete,20,null,0.7801367108966626,0.7305186972255729,0.7910735826296743,0.8188178528347406,0.9136415348019443,0.18119735943546555,0.0
