count,method,comparator,difference_pp,sd_pp,paired_splits,complete_comparison,positive_splits,tied_splits,seed_42_pp,seed_43_pp,seed_44_pp
5,PSS theory C tuned,PSS theory C=1,-0.9795642627934494,1.389732921950393,3,True,1,0,-0.3884478973146477,-2.5671339300793794,0.016889039013678886
5,PSS theory C tuned,PSS class-aware SC-CV,-1.0133423408208109,1.0993454187012222,3,True,1,0,0.21955750717783662,-1.3680121601080897,-1.8915723695321796
5,PSS theory C tuned,KL tuned,-2.3700951415864444,0.9326257226765166,3,True,0,0,-2.144907954737374,-3.3946968417497003,-1.5706806282722585
5,PSS theory C tuned,KL k=1,3.253954849969036,1.4996414212147613,3,True,3,0,4.678263806789396,1.6889039013680107,3.3946968417497003
10,PSS theory C tuned,PSS theory C=1,0.06755615605471925,1.463023666793288,3,True,1,0,1.7564600574227263,-0.810673872656642,-0.7431177166019265
10,PSS theory C tuned,PSS class-aware SC-CV,-1.6213477453132914,1.810123678360137,3,True,1,0,0.43911501435568434,-2.347576422901543,-2.955581827394016
10,PSS theory C tuned,KL tuned,-3.1469909362157282,0.7470099151841115,3,True,0,0,-2.296909305860495,-3.445363958790748,-3.6986995439959425
10,PSS theory C tuned,KL k=1,1.5143838315599847,1.8369757774532471,3,True,3,0,3.631143387941227,0.3377807802735999,0.5742273264651265
20,PSS theory C tuned,PSS theory C=1,-0.5066711704104073,1.018816492609739,3,True,1,0,-0.21955750717784772,0.3377807802735999,-1.638236784326974
20,PSS theory C tuned,PSS class-aware SC-CV,-0.46163373304059324,0.9440252705877754,3,True,1,0,-0.21955750717784772,0.3377807802735999,-1.5031244722175319
20,PSS theory C tuned,KL tuned,-1.013342340820807,1.1181258144256403,3,True,1,0,-0.9120081067387265,0.05066711704104776,-2.178686032764743
20,PSS theory C tuned,KL k=1,0.7825254743005142,1.2197971289889407,3,True,2,0,1.6720148623543318,1.2835669650396953,-0.6080054044924843
