method,count,accuracy,sd,balanced_accuracy,balanced_accuracy_sd,auc,auc_sd,repeats,complete_comparison
All features,25,0.8438889827168833,0.00646506883745116,0.8406748647221004,0.006256486839390319,0.910286507683511,0.004441458602042837,3,True
KL k=1,1,0.563024263919383,0.0005429066464556688,0.5262686120978161,0.001663806448596066,0.534169680767069,0.0042078799164485025,3,True
KL k=1,2,0.5853177954174408,0.002585365648416379,0.5589497754992375,0.0027736350951252445,0.5746628219967338,0.005436442949535216,3,True
KL k=1,3,0.6225299780442493,0.0067745891302589695,0.602990223926953,0.0065503652820689765,0.6541111507312974,0.005543801238559019,3,True
KL k=1,4,0.6717896751674829,0.001436395971645896,0.6597010464191286,0.0012034609899140858,0.7124065897283316,0.0007593482062877493,3,True
KL k=1,5,0.6897483533186962,0.005843216987673124,0.6775308521981226,0.006002507366944902,0.7400489164652712,0.0029760264084660063,3,True
KL k=1,6,0.700669931880876,0.0021251574720685634,0.690081197531431,0.0028313535960545625,0.7610458463465116,0.014174936188853628,3,True
KL k=1,7,0.7118729944266171,0.004150719718778766,0.7021220190960399,0.004127553197342114,0.7754228567999063,0.0026108276490196007,3,True
KL k=1,8,0.7165456285537353,0.004644741616243489,0.7070724072600704,0.004480771772814557,0.7855987330776006,0.008973132804304909,3,True
KL k=1,9,0.7336598547542645,0.009697603256176683,0.7251417355692412,0.010430082766725489,0.8026467320628076,0.0037343401531347614,3,True
KL k=1,10,0.7592186004616338,0.002787117895510151,0.7529371054210627,0.003085463657243673,0.8302630655431488,0.0064484254127484,3,True
KL k=1,11,0.7669312616112144,0.002382492143162595,0.7613649020858818,0.0037967426666700734,0.8388114645629567,0.005352489964165335,3,True
KL k=1,12,0.7801047120418848,0.007215000629384813,0.7755497397543527,0.008378868726429733,0.8478996045502146,0.007854099535928206,3,True
KL k=1,13,0.7838203006248944,0.0076505668994468,0.7787585433530836,0.00900959540065744,0.8523722758930466,0.007033829153342469,3,True
KL k=1,14,0.7931092720824185,0.009817457611439734,0.7875174695178965,0.011849253838663072,0.8616553628846818,0.009182750784385307,3,True
KL k=1,15,0.7969937510555649,0.013232861151797953,0.7916872417834496,0.01523302850166893,0.8677919958578421,0.011480923962311537,3,True
KL k=1,16,0.8026234307267917,0.01021798491831012,0.7977439901972311,0.012160226597177083,0.8723165863511418,0.007499663280424658,3,True
KL k=1,17,0.8084220007881552,0.016823325402871004,0.8028245349994844,0.017542818724275062,0.8763399031282483,0.009487688004592439,3,True
KL k=1,18,0.8116309182007543,0.012778132775968936,0.8053864680505529,0.014047368945081667,0.8811978181846959,0.0067233424909019365,3,True
KL k=1,19,0.8143331644429432,0.010615044291767047,0.8084193335674378,0.01132047796670335,0.8850257421341841,0.005220051932786679,3,True
KL k=1,20,0.8225524967629342,0.005695722510810904,0.8175844533489355,0.005820148519091214,0.8903996608478076,0.0025215727784672595,3,True
KL tuned,1,0.6065979845746777,0.0020430385983926545,0.5878789116547466,0.002709673697078331,0.6254265032903429,0.0013836179277922358,3,True
KL tuned,2,0.6520294995214772,0.006066747183943324,0.643717120436983,0.006037413207069003,0.6852737878524201,0.007210513728566399,3,True
KL tuned,3,0.692675786747734,0.007897017983445807,0.6875522060245761,0.008394273159128246,0.7561458591776429,0.005500167304480647,3,True
KL tuned,4,0.7337161515509768,0.004801757053772442,0.7290508126055165,0.0041086827694884615,0.8007516950720298,0.005746020929870674,3,True
KL tuned,5,0.7459888532342509,0.005035653273391526,0.7424626169959151,0.004722797657426537,0.8215166173154862,0.006416671956148123,3,True
KL tuned,6,0.7625964082643697,0.004729936116938595,0.7603459330508325,0.0035038901649414693,0.8372760491426657,0.006725679646764738,3,True
KL tuned,7,0.7776839497832574,0.004075592590832234,0.7746012814032861,0.0031574167269732465,0.8507285628944422,0.004720438829736374,3,True
KL tuned,8,0.7913077745876259,0.0022042191015540437,0.7872211235086636,0.00306741740376698,0.8661879054040864,0.006641591493976388,3,True
KL tuned,9,0.8000900748747396,0.005357668863582783,0.7958121720026763,0.005800973216283459,0.874842958531766,0.005395579643218829,3,True
KL tuned,10,0.8058323481393909,0.00845858199702562,0.8015992750896411,0.00873983293850211,0.8808073511727369,0.005695874998954006,3,True
KL tuned,11,0.807971626414457,0.00967699196134219,0.8040679510723887,0.00995180160183985,0.8832446776603211,0.006462083231899766,3,True
KL tuned,12,0.815965771547599,0.005457886612899362,0.8121512881168228,0.005659833716085915,0.8888364033466866,0.004620955911876555,3,True
KL tuned,13,0.8243539942577267,0.004312496313056398,0.8206163302470019,0.004083305357631938,0.8954610655017906,0.0032980143479100286,3,True
KL tuned,14,0.8286888476045714,0.0034211596248918874,0.8249543409653922,0.002899846844964607,0.8990296203071225,0.00343552126940887,3,True
KL tuned,15,0.832010358610595,0.004735962795259326,0.8280490966997939,0.004414893708027491,0.9028067900997624,0.0030301026130150144,3,True
KL tuned,16,0.8364015087541518,0.003720702953748456,0.8328580312470287,0.003424660604354711,0.9040260648715369,0.003652811981578682,3,True
KL tuned,17,0.8378652254686708,0.003489947360204677,0.8343891514443836,0.0033662597453707117,0.9053952296094226,0.003199219456358032,3,True
KL tuned,18,0.8415808140516804,0.004984412958410249,0.8382501372795698,0.004584005216653233,0.9065695368704095,0.0035880304215196706,3,True
KL tuned,19,0.8396667229634635,0.004669241522207675,0.8363443936740524,0.0041869079251922285,0.9069962326837637,0.0036380444720680357,3,True
KL tuned,20,0.8405111749141474,0.004459900314212287,0.8370367192020135,0.004099889152271556,0.9078817385195181,0.004166209039639639,3,True
PSS class-aware SC-CV,1,0.600968304903451,0.011757407748018207,0.5808016615064547,0.014967650219615061,0.617770930128239,0.013831923958301283,3,True
PSS class-aware SC-CV,2,0.6625570005066712,0.03840464977494327,0.6498078175908699,0.040641755107190355,0.6813064751163215,0.014642458790192462,3,True
PSS class-aware SC-CV,3,0.6698192872825537,0.04101672724193586,0.6591607922713479,0.04236196296600345,0.7137487798313499,0.027812279703452,3,True
PSS class-aware SC-CV,4,0.6919439283904746,0.0224331962667993,0.6823142450812519,0.024524613134269485,0.7480487149207727,0.01366664470209549,3,True
PSS class-aware SC-CV,5,0.7324213252265946,0.010676669314663692,0.7271377062309569,0.01565088435717709,0.7943865243748309,0.018757203645231924,3,True
PSS class-aware SC-CV,6,0.7497607386139729,0.009435719329186878,0.7446283012413967,0.012549381915955471,0.8159433178332484,0.01769246666913075,3,True
PSS class-aware SC-CV,7,0.7665934808309407,0.011558816843282303,0.7626414054444085,0.012901400394949495,0.8355687542380593,0.01643200309993392,3,True
PSS class-aware SC-CV,8,0.7730113156561392,0.009543427930813527,0.7693174101752676,0.01069382902146506,0.8504118024801918,0.009536556806626165,3,True
PSS class-aware SC-CV,9,0.7826380678939368,0.00834769691353315,0.7793982539121189,0.009538931811620147,0.8609950664250268,0.005584655746231761,3,True
PSS class-aware SC-CV,10,0.7905759162303664,0.004098855294548766,0.7878118092801709,0.004123466778586052,0.8683783916942737,0.00197404484831087,3,True
PSS class-aware SC-CV,11,0.7969374542588527,0.003470824217035079,0.7944611602603749,0.0038429781591679275,0.8726881074421186,0.0015309714889943777,3,True
PSS class-aware SC-CV,12,0.8005967460451501,0.005233785753476923,0.7980010194784865,0.0058520951973927435,0.8749997010917129,0.0013541525925160197,3,True
PSS class-aware SC-CV,13,0.8044249282215842,0.004628336296586555,0.8020393418539492,0.0042769631007285955,0.8792749364205891,0.0033549591808348495,3,True
PSS class-aware SC-CV,14,0.8075212520407589,0.0037550427620676686,0.8049388240135092,0.004604941162132106,0.8830100885507736,0.0019561673188011625,3,True
PSS class-aware SC-CV,15,0.8134324156955469,0.003874675856008526,0.8105397120259575,0.004663429144977397,0.8866994843637253,0.0012549485968501443,3,True
PSS class-aware SC-CV,16,0.8175420818555423,0.0034625962539394433,0.8149698401026235,0.003110843817760528,0.889350180322053,0.003163371967454363,3,True
PSS class-aware SC-CV,17,0.81996284411417,0.002321858990857559,0.8176419526580841,0.001532215827417242,0.892270004134356,0.00244696300615722,3,True
PSS class-aware SC-CV,18,0.8256488205821088,0.008198290485861121,0.8230207312750694,0.007125087848440577,0.8978139424846784,0.006854216800547128,3,True
PSS class-aware SC-CV,19,0.8311659066599111,0.010888301147358625,0.828042307997114,0.009457729798695587,0.9020259208263628,0.008282785035087734,3,True
PSS class-aware SC-CV,20,0.8349940888363453,0.0052898023183130674,0.8313167981966423,0.004959296902639111,0.9048211196584474,0.004707470314190645,3,True
PSS theory C tuned,1,0.5881889320497664,0.01997576628600578,0.5656799566881713,0.02385498106836415,0.6009850596745038,0.030748855564993106,3,True
PSS theory C tuned,2,0.629848561616844,0.017203899476940083,0.6128916631360132,0.01975559516229101,0.6543977218663167,0.02212042894888653,3,True
PSS theory C tuned,3,0.6707200360299499,0.004901702314032568,0.6611948314900308,0.012076915016886057,0.7272586494128753,0.008976218814687064,3,True
PSS theory C tuned,4,0.7017958678151214,0.008151185181664447,0.6959335365732242,0.012052204273600193,0.769547883986268,0.008252512447283283,3,True
PSS theory C tuned,5,0.7222879018183864,0.009833907948677454,0.7159994089937135,0.012648337464609348,0.7899255009595954,0.010311674058494964,3,True
PSS theory C tuned,6,0.7432303101953499,0.01943805374902204,0.7371554287475798,0.021487253949323912,0.8134335386930428,0.01976262678502323,3,True
PSS theory C tuned,7,0.7584867421043743,0.017004335384167315,0.7530873857325798,0.019412318750667484,0.8297203362526422,0.020983336620110035,3,True
PSS theory C tuned,8,0.7663119968473794,0.01619000346159424,0.7610362679106002,0.018200191433302017,0.8382452231110907,0.01277019421055839,3,True
PSS theory C tuned,9,0.7721105669087428,0.017162399570533008,0.7665500093719877,0.018759980470940598,0.8459387029189074,0.01676874748301777,3,True
PSS theory C tuned,10,0.7743624387772335,0.015655874987545754,0.7693647266149166,0.017148548064119282,0.8481922096127356,0.016508336437727585,3,True
PSS theory C tuned,11,0.7861847660868096,0.013396745154569775,0.7817348532669408,0.01401404065644232,0.8604762113102916,0.011319485260678507,3,True
PSS theory C tuned,12,0.7947981759837864,0.010339623621019381,0.7906757796707207,0.010394241121468042,0.8676960463411157,0.009829999371258297,3,True
PSS theory C tuned,13,0.7990767325339188,0.007749351712016979,0.7954875655099722,0.008615105762246104,0.8732424645591707,0.010649512888189747,3,True
PSS theory C tuned,14,0.8036367730676125,0.008011768014565934,0.8000109593957164,0.008756215658886346,0.8758835493593237,0.009497520439312221,3,True
PSS theory C tuned,15,0.8106175758599335,0.00960202891320025,0.8059595466660777,0.00843825985014498,0.8817772667857705,0.008799609208353357,3,True
PSS theory C tuned,16,0.8181050498226651,0.013523892058211499,0.81454767684889,0.012660582972174308,0.8891735345460017,0.00849588383606744,3,True
PSS theory C tuned,17,0.8196250633338963,0.011617891249396972,0.8162113820180082,0.010448073801007835,0.8913681177877738,0.009188997717713457,3,True
PSS theory C tuned,18,0.8233969487136182,0.011900881843583889,0.8200882844514538,0.010605058416194128,0.8927356782632051,0.007764184683167426,3,True
PSS theory C tuned,19,0.8279006924505996,0.01249446494725999,0.8247471255710765,0.011564509531775631,0.895894371950297,0.009035908451498096,3,True
PSS theory C tuned,20,0.8303777515059393,0.014659776664878178,0.827161277913966,0.013883979325113118,0.8977203551004401,0.009284333100714907,3,True
PSS theory C=1,1,0.6062039069976918,0.01666147425870774,0.5868512815400116,0.020566365447321704,0.6128517014111287,0.012946904276010005,3,True
PSS theory C=1,2,0.6293981872431459,0.018107013802146583,0.614796466633495,0.022527266995627657,0.6600097493439011,0.027826063413073476,3,True
PSS theory C=1,3,0.6756178573439171,0.011586340319957776,0.6692817151114939,0.01057226132237881,0.7295871793289787,0.01649161040140347,3,True
PSS theory C=1,4,0.6985306536058098,0.018590988955425606,0.6940639129483945,0.021145126558982062,0.7662124643096221,0.022090715077916514,3,True
PSS theory C=1,5,0.7320835444463211,0.0058562199900955726,0.7307458191318137,0.006524989829533515,0.8018797131151493,0.006763686329765554,3,True
PSS theory C=1,6,0.7431177166019253,0.0068997460617515735,0.7422768216693935,0.005400917675547379,0.812546832371118,0.005373215721400837,3,True
PSS theory C=1,7,0.7522377976693125,0.0036575591669832518,0.7511926750229859,0.003942514222303804,0.826391599420325,0.006685530386404884,3,True
PSS theory C=1,8,0.7582615549175252,0.00583181557781017,0.7574075916344438,0.005354455380653134,0.8341310771362161,0.006055723884783248,3,True
PSS theory C=1,9,0.7632156730282048,0.006924505995608898,0.7630722379442753,0.006409643878378805,0.837836792420625,0.004809768438003235,3,True
PSS theory C=1,10,0.7736868772166864,0.0010273201368515758,0.7733518648658317,0.0008701606180837874,0.8522633895587418,0.003272054545232109,3,True
PSS theory C=1,11,0.7827506614873614,0.002305420844389302,0.7818458824127882,0.0017655231019060688,0.8622485261934516,0.0036148675448447066,3,True
PSS theory C=1,12,0.7951922535607724,0.005192750124461054,0.7925442012367734,0.004598786903379645,0.8702864327057295,0.00448546926206194,3,True
PSS theory C=1,13,0.7985700613635084,0.008645362534621061,0.795206569290003,0.008347024510535348,0.8738624724884444,0.005346672898329577,3,True
PSS theory C=1,14,0.8041997410347351,0.007462458407442849,0.8014358370706046,0.00744489784014394,0.8783851230065726,0.004330958066632781,3,True
PSS theory C=1,15,0.8074649552440466,0.009947342896556098,0.8050004473798037,0.009751838708047278,0.8824016353436669,0.005251410828807616,3,True
PSS theory C=1,16,0.8113494342171931,0.011702288263009624,0.8093099232532682,0.011247711498342767,0.883719609860083,0.005720948009180236,3,True
PSS theory C=1,17,0.8186117209930756,0.003657559166983262,0.8160852644219808,0.0036461471691816272,0.8916206136436386,0.002547491625752638,3,True
PSS theory C=1,18,0.8302088611158025,0.004693613544355005,0.8266653844303375,0.00418219476842457,0.899656531134723,0.004981175787876997,3,True
PSS theory C=1,19,0.8343185272757979,0.005443932261876751,0.8307650212566223,0.004765202409814722,0.9039162879604382,0.005031302619825743,3,True
PSS theory C=1,20,0.8354444632100434,0.004513935998513993,0.831895695836706,0.003965901759083244,0.9051287362451337,0.004176143801782232,3,True
