method,features,accuracy_mean,accuracy_sd,balanced_accuracy_mean,balanced_accuracy_sd,auc_mean,auc_sd,repeats
All features,25,0.8449248437763892,0.0061249259012427,0.84156673577966,0.006021826469251863,0.9110628367598878,0.003721801947643161,5
Joint Ross MI,1,0.5655801384901199,0.004896947665065191,0.525966152952688,0.0013474782128982286,0.5396585242894747,0.008113278378997332,5
Joint Ross MI,2,0.6027698023982435,0.009206462875126746,0.57825276606931,0.006619078404092777,0.6233862142542721,0.004567366441107164,5
Joint Ross MI,3,0.6506671170410403,0.045636764827189535,0.6383917133725572,0.05500541981997531,0.7024730999632782,0.06329824011680393,5
Joint Ross MI,4,0.6952879581151833,0.01902451104473573,0.6871779093491153,0.024422044811021767,0.7656360339748173,0.01839622297699011,5
Joint Ross MI,5,0.7243371052187131,0.005766314654575299,0.7170263535315378,0.010452721026621214,0.7961840503079017,0.007194295501579068,5
Joint Ross MI,6,0.7552440466137477,0.012970188193637896,0.7493006439210296,0.013473366678339226,0.82637821937742,0.01268089080633019,5
Joint Ross MI,7,0.7733490964364128,0.013938318334379533,0.7669838238180245,0.013534004388072264,0.848556630479625,0.012435459384757227,5
Joint Ross MI,8,0.7923323762877892,0.007488151186802177,0.787364473505557,0.0066520322658118105,0.8675293567506118,0.007692572812772575,5
Joint Ross MI,9,0.8005404492484377,0.006111638953799111,0.7951938536208029,0.006043326011718683,0.8739230916778407,0.006146362534070561,5
Joint Ross MI,10,0.8062151663570342,0.01037995995975145,0.8013095070628113,0.010926843197849704,0.8796089827358392,0.006535402138335569,5
Joint Ross MI,11,0.8114845465293025,0.00934972684653165,0.8068722951601599,0.00954988229487048,0.8849954799941324,0.005993122822489625,5
Joint Ross MI,12,0.8152339131903394,0.009245881231664232,0.8105654843077419,0.00950558735679871,0.8872321339796457,0.005475861367432084,5
Joint Ross MI,13,0.8188143894612396,0.008562259746458183,0.8145476927644303,0.008945818858105237,0.889625322530706,0.005573391434779012,5
Joint Ross MI,14,0.8217530822496201,0.007704993577194729,0.8175636122655294,0.007991260487795051,0.8918832723510167,0.005195377364822884,5
Joint Ross MI,15,0.8228339807464955,0.0075416698401506626,0.818663848297434,0.00806539113573465,0.8927232038212178,0.004428232783309786,5
Joint Ross MI,16,0.8245904408039182,0.008380605960376908,0.8205757523995544,0.008673766845015344,0.8940446270483117,0.0053628964687805,5
Joint Ross MI,17,0.8258064516129032,0.008277007698941132,0.8217078297690497,0.008285505444839598,0.8949108708119884,0.0059676892576828785,5
Joint Ross MI,18,0.8269549062658335,0.010090123105239416,0.8228160725188207,0.010187417682139101,0.8967530481423989,0.006310035795306699,5
Joint Ross MI,19,0.8281033609187638,0.008838471580521843,0.8240296454235583,0.008755401286141287,0.8984125848323907,0.006372269442980139,5
Joint Ross MI,20,0.8327647356865395,0.006792879828878438,0.8286904910230254,0.006500608207143659,0.9021087444050974,0.0049016088682637855,5
KL difference k=1,1,0.5659516973484209,0.006339579253208379,0.5309132495710707,0.006468235622421335,0.5505339360357983,0.022866602847256657,5
KL difference k=1,2,0.588650565782807,0.0055741505052425725,0.5611788872179773,0.003914907865763398,0.589229708861182,0.020336899923705312,5
KL difference k=1,3,0.6243202161796993,0.009791710769407448,0.6040847463477532,0.01138182296123937,0.6579376497963988,0.01630294136497074,5
KL difference k=1,4,0.6718459719641953,0.004709286773720188,0.6598638014914366,0.0050590269331406805,0.7141584220665734,0.004835850211746186,5
KL difference k=1,5,0.6904914710352981,0.005000981056800345,0.679091844823678,0.005416059671559029,0.740551349175175,0.004359294721531864,5
KL difference k=1,6,0.6987671001520013,0.005797394814954816,0.6883566135102102,0.006137043368761641,0.753521833108892,0.015812233929161028,5
KL difference k=1,7,0.7111298767100152,0.009367404661151829,0.7015797661260709,0.00848614785740049,0.7740485938126233,0.009700214157599902,5
KL difference k=1,8,0.7200810673872656,0.007053676360371439,0.7108125856441564,0.007440489708733097,0.7879796470028313,0.008880806329137576,5
KL difference k=1,9,0.7378483364296572,0.009387784147591411,0.7296353965691977,0.010008833359946111,0.8081790914590032,0.009301099275451986,5
KL difference k=1,10,0.7576085120756628,0.006609852908791185,0.7506529138953567,0.006994976213046901,0.8285693355691185,0.01031927417434808,5
KL difference k=1,11,0.7703090694139504,0.005238325424512983,0.7644946623298711,0.005192542654777272,0.8419992748380125,0.006110477101381507,5
KL difference k=1,12,0.7818611720993076,0.006172706938746805,0.7769455390466129,0.007171981052551646,0.8515670963889053,0.008132190422163673,5
KL difference k=1,13,0.7858807633845635,0.006449313461961225,0.780652083988749,0.007751291566129377,0.8567429463908335,0.00803886584199093,5
KL difference k=1,14,0.7930417159263639,0.007381688709301946,0.7874668588061373,0.009337213562536242,0.8631484342981406,0.007350154002312654,5
KL difference k=1,15,0.8013173450430671,0.011835348825643407,0.795962450046326,0.012913602296214877,0.871416319426349,0.010669625856953134,5
KL difference k=1,16,0.8061476102009795,0.009094555407740477,0.8010629007406758,0.010014962787388759,0.8752637054405344,0.007861057909821749,5
KL difference k=1,17,0.8125992231042053,0.013447005771845235,0.8066746743474524,0.01388152379188727,0.879999855010435,0.00871807397535278,5
KL difference k=1,18,0.8149299104880932,0.01058593864036438,0.8087967549709202,0.011750424753685559,0.8838438929635888,0.0068149014686220205,5
KL difference k=1,19,0.8176659348083094,0.009579673741465775,0.8116735235862649,0.010414896847863836,0.8866357806701926,0.005333472714286707,5
KL difference k=1,20,0.8239824353994258,0.006504363399107427,0.818757319693864,0.0071385259332957425,0.8901734711691136,0.0044581959216771815,5
PSS SC-CV,1,0.6168214828576254,0.03317146568135474,0.5935917310985072,0.03309604554001372,0.6191759576583753,0.013783718077850872,5
PSS SC-CV,2,0.6633676743793278,0.03753841108036282,0.6477711967470438,0.04132905850281393,0.6816741121285009,0.02160129992144616,5
PSS SC-CV,3,0.6830940719473062,0.023326936235962995,0.6703871712986011,0.027666939029426258,0.7238811704019495,0.02501237693462159,5
PSS SC-CV,4,0.7118054382705624,0.013681998032281133,0.7038894348062341,0.013653637584883391,0.7728013964249355,0.011204858797970445,5
PSS SC-CV,5,0.7277824691775038,0.014749363217707869,0.7226179289060737,0.016339499465276037,0.7970799273676963,0.01590249407809877,5
PSS SC-CV,6,0.746360412092552,0.012504391740667387,0.7414233234302554,0.01456013006211513,0.8193309193339096,0.010439730822951436,5
PSS SC-CV,7,0.7597703090694139,0.011147789280158976,0.7562519761431971,0.012809829552729461,0.8366018712005727,0.009769854507724201,5
PSS SC-CV,8,0.7731126498902212,0.010162655579066667,0.7707010546972783,0.01084426460559071,0.8500531807928331,0.010559364298879222,5
PSS SC-CV,9,0.7818273940212801,0.010066632330549715,0.7799876384647135,0.010016445040610264,0.8591082682081399,0.008230730188146835,5
PSS SC-CV,10,0.7855092045262625,0.010528253589264451,0.7831905651845277,0.010602206329802102,0.864683802026598,0.008995875171209545,5
PSS SC-CV,11,0.7925350447559534,0.01494493875443974,0.7905147669306689,0.014935591084820614,0.8696241871635919,0.011161798338723146,5
PSS SC-CV,12,0.7999662219219725,0.01115098720941465,0.7978519694601335,0.011154688227710896,0.8765454910852638,0.008833508544252964,5
PSS SC-CV,13,0.803749366661037,0.010774624494333095,0.8010806850902499,0.010953998867079942,0.8806534106449089,0.00792448615639666,5
PSS SC-CV,14,0.8053031582502955,0.010618223581686998,0.8025559680685961,0.010716390705524458,0.8822878724231111,0.008574595584016827,5
PSS SC-CV,15,0.8124978888701232,0.009847482927364846,0.810243510597099,0.009804945069766558,0.886915045908544,0.006388347929888397,5
PSS SC-CV,16,0.8152001351123122,0.009908124266869371,0.8129884802732557,0.009459758043789785,0.8895660596625434,0.007575350589949618,5
PSS SC-CV,17,0.818645499071103,0.0045933839467707325,0.8163371967406613,0.003964062341359376,0.8930066217222477,0.004168415628826659,5
PSS SC-CV,18,0.8281371389967911,0.007553574316195343,0.8251028657427335,0.0067733424604646195,0.8991308886308629,0.005284419525789897,5
PSS SC-CV,19,0.8334065191690593,0.005244583717515108,0.8299672442829094,0.00487826381523828,0.903141376496728,0.004084460961080734,5
PSS SC-CV,20,0.8350616449923999,0.004693512256823991,0.8316796499497536,0.004405926070393173,0.9045245086547069,0.0033516905996219893,5
PSS component guard,1,0.6168214828576254,0.03317146568135474,0.5935917310985072,0.03309604554001372,0.6191759576583753,0.013783718077850872,5
PSS component guard,2,0.668164161459213,0.03464875984187262,0.6545212037515913,0.03809270001357134,0.6874461120348008,0.01993161812528806,5
PSS component guard,3,0.6816416145921297,0.031519671031911736,0.672034165445156,0.0340438643295777,0.7297664277512776,0.024988465025036453,5
PSS component guard,4,0.7068400608005405,0.012035973386486218,0.701338504812534,0.014346075628036005,0.7688183826966748,0.013012694325920417,5
PSS component guard,5,0.7306873838878568,0.005526613838808052,0.7257894232297766,0.006773582010188513,0.7978676554498901,0.007846509806591411,5
PSS component guard,6,0.753116027698024,0.005217045747818515,0.7507557209638759,0.008957323299158684,0.8249067822992784,0.009566660892573124,5
PSS component guard,7,0.7636885661205877,0.005275493489548046,0.7613693713759092,0.007384919418677502,0.8389543268129929,0.005007154503636072,5
PSS component guard,8,0.7757473399763553,0.006627091910249936,0.7741225836577548,0.006546209799145066,0.8488579009002741,0.006355425320675163,5
PSS component guard,9,0.7808140516804594,0.007512680435800915,0.779212872491885,0.007033520478209288,0.8569562830106173,0.0075805586591125625,5
PSS component guard,10,0.7864549907110285,0.008240743486290508,0.7851319873737498,0.007979313398777294,0.8615976284412371,0.007496409510682669,5
PSS component guard,11,0.7912514777909136,0.00875790722004001,0.7897486326352072,0.00809127776724945,0.8674397717291455,0.008234045782072277,5
PSS component guard,12,0.7968248606654281,0.005326075673440798,0.7951700409665425,0.004427797179158141,0.8737593368268348,0.004116905822111352,5
PSS component guard,13,0.8007431177166019,0.007836040903778114,0.7991022724312383,0.00709227998568501,0.8779783485227657,0.005087352273764843,5
PSS component guard,14,0.8060462759668974,0.007565837079630346,0.8038848796570728,0.007025215512175346,0.8820382954867799,0.005618198832122133,5
PSS component guard,15,0.8096943083938524,0.007949877154406768,0.8072205163601984,0.00772602735219712,0.8856788828986077,0.005288449291064051,5
PSS component guard,16,0.8125316669481506,0.008673635612301177,0.8104063262975891,0.008303746232001051,0.8866076285562825,0.005328453611053071,5
PSS component guard,17,0.8176997128863368,0.004029726124341873,0.8156236542533536,0.0033201883081433636,0.891365699240448,0.0036130962306704416,5
PSS component guard,18,0.8305016044587064,0.0051568296002337515,0.8270927931775066,0.00468105829302001,0.9005224263245719,0.00432515830155983,5
PSS component guard,19,0.8350278669143727,0.004664249913083936,0.8312718146889907,0.004510519930801967,0.9043920434004139,0.003738959837511572,5
PSS component guard,20,0.8360749873332207,0.004535894084637372,0.8323559126800637,0.004376736220773686,0.9055191396637591,0.0032360054525562482,5
PSS default SC-CV,1,0.5965208579631819,0.030927469065359817,0.5713698817452648,0.033362786059808025,0.6023861804418845,0.0236815621775035,5
PSS default SC-CV,2,0.6503631143387941,0.03535005375410636,0.6323703561471972,0.04032234205009566,0.6621616716378317,0.04192142126760942,5
PSS default SC-CV,3,0.675291335922986,0.01557119938135569,0.6593827405859413,0.019426441943104732,0.7117324884985523,0.01881353504952196,5
PSS default SC-CV,4,0.6973484208748523,0.019849830605426493,0.6865135895907077,0.0219132966260076,0.756968762110599,0.017251251040404116,5
PSS default SC-CV,5,0.7188988346563081,0.01603907495605664,0.7126311651872184,0.01579210052980405,0.7873313441736082,0.015776012494831577,5
PSS default SC-CV,6,0.7353825367336599,0.011820155662247553,0.7298592661419283,0.012835069898886609,0.8068396568012803,0.013169788128077205,5
PSS default SC-CV,7,0.7505826718459719,0.012095075591092172,0.7468148647002633,0.012278011601857226,0.8273424929243717,0.010452504807184274,5
PSS default SC-CV,8,0.7613916568147272,0.0074965267716110085,0.7587452376960446,0.0074972552880658945,0.8412938393392828,0.007946215252830225,5
PSS default SC-CV,9,0.766154365816585,0.006147239002102235,0.7641973312558967,0.00608919358171674,0.8492813533332797,0.008381344894757883,5
PSS default SC-CV,10,0.7749366661036987,0.010320709196522247,0.7733910575473426,0.01008410564706987,0.8562380155834136,0.010756377103371838,5
PSS default SC-CV,11,0.7821989528795812,0.00738555184998365,0.7810314885354878,0.007253156793732988,0.8630545329628079,0.006778085892334858,5
PSS default SC-CV,12,0.7877385576760683,0.006282404700553152,0.7866423673415096,0.006074935397164944,0.8689913232593922,0.00461266114214459,5
PSS default SC-CV,13,0.796250633338963,0.005627624463002749,0.7937819805061085,0.0052873358656615995,0.8765431721452586,0.004962069556396375,5
PSS default SC-CV,14,0.8035129201148454,0.007506223141718613,0.8006820469218414,0.006989700480911433,0.8814409351488303,0.005612736230897773,5
PSS default SC-CV,15,0.8096943083938524,0.007949877154406768,0.8072205163601984,0.00772602735219712,0.8856788828986077,0.005288449291064051,5
PSS default SC-CV,16,0.8135787873669988,0.009274681551115771,0.8113564333446159,0.008836208778703135,0.8877749919658171,0.006511943426264093,5
PSS default SC-CV,17,0.8181726059787199,0.0033237525796818005,0.8157820442333428,0.003062793624749158,0.8922246045912299,0.002208676261382973,5
PSS default SC-CV,18,0.8305016044587064,0.0051568296002337515,0.8270927931775066,0.00468105829302001,0.9005224263245719,0.00432515830155983,5
PSS default SC-CV,19,0.8350278669143727,0.004664249913083936,0.8312658005526655,0.004502389780999731,0.9045259873008261,0.0038415310127645013,5
PSS default SC-CV,20,0.8360749873332207,0.004535894084637372,0.8323559126800637,0.004376736220773686,0.9055191396637591,0.0032360054525562482,5
PSS ell=1,1,0.6069920621516636,0.003072691335696719,0.5849513747450933,0.00524900205886467,0.6037073086265876,0.0074088551452429156,5
PSS ell=1,2,0.6296233744299948,0.016357537809266992,0.6125745074285838,0.02063173353271891,0.6645542959927803,0.02700817154401786,5
PSS ell=1,3,0.6741766593480831,0.016788843136992453,0.6660496714221632,0.01738962673754977,0.728543502455458,0.01991680268825746,5
PSS ell=1,4,0.7037324776220233,0.006543712598937904,0.7033231680209306,0.003729137248566111,0.7720554252889935,0.009753716250878893,5
PSS ell=1,5,0.7244046613747678,0.013177996695159363,0.7250276360842269,0.013347919500264274,0.7967978600313467,0.0094526570491718,5
PSS ell=1,6,0.736801216010809,0.011209666278843247,0.7370448340561102,0.010571980602684163,0.8076064687615487,0.010918434682421173,5
PSS ell=1,7,0.7478128694477284,0.006426051860192879,0.7477966447120793,0.005425269421860802,0.8244045070938644,0.00542917737782823,5
PSS ell=1,8,0.7557844958621854,0.005849315744147629,0.7552628169088008,0.005269810308838816,0.832949883826035,0.005477635861982758,5
PSS ell=1,9,0.7658165850363114,0.002574124474351318,0.765366319623024,0.0025503744155287744,0.8422828972211441,0.003766173653547535,5
PSS ell=1,10,0.7724708664077014,0.0026175286290909356,0.7722453050461735,0.0023371244595271233,0.8501747313751302,0.004779497208292976,5
PSS ell=1,11,0.7805438270562405,0.004629260638964466,0.7800367375249059,0.003983480286496399,0.8603397710653862,0.00644375578121746,5
PSS ell=1,12,0.7937510555649384,0.007087764470299809,0.7918170720291406,0.0058335444317634,0.8692815014950103,0.006969289691251562,5
PSS ell=1,13,0.7987164330349603,0.007580714348276554,0.7957293989283424,0.0073440166814495375,0.8737157926920874,0.006012096540451017,5
PSS ell=1,14,0.8019253504475594,0.007788575863711451,0.7991510622532082,0.007867582543120507,0.8776710875302614,0.005123851421561204,5
PSS ell=1,15,0.8057760513426786,0.007744135462327539,0.8034485372979375,0.00762324792933766,0.8814665855762733,0.003984923992303606,5
PSS ell=1,16,0.8103360918763723,0.008792038564310321,0.8084719742329259,0.008455729661349491,0.883517105135913,0.004761508733128497,5
PSS ell=1,17,0.8174294882621179,0.0038383104804470894,0.8154825910613154,0.003197415985973077,0.8908877563836727,0.003574338421088292,5
PSS ell=1,18,0.8317176152676913,0.004520145498503974,0.8280057650886604,0.0043152969892108,0.9008790116582718,0.004130795371426242,5
PSS ell=1,19,0.8350278669143727,0.004664249913083936,0.8312718146889907,0.004510519930801967,0.9043920434004139,0.003738959837511572,5
PSS ell=1,20,0.8360749873332207,0.004535894084637372,0.8323559126800637,0.004376736220773686,0.9055191396637591,0.0032360054525562482,5
PSS ell=2,1,0.6100658672521534,0.012944872753686377,0.5908433646451101,0.015624908813202358,0.6142674161286561,0.009603517075506541,5
PSS ell=2,2,0.6657659179192704,0.004230695845254325,0.6614918547855694,0.004127265315731195,0.7188638430423828,0.0129133830067058,5
PSS ell=2,3,0.6963350785340314,0.0071842962523739895,0.6925740087818169,0.008117736764784736,0.7607460917520175,0.011537683418992303,5
PSS ell=2,4,0.7226482013173451,0.01264051772949743,0.7191594724437653,0.013758545791097693,0.7958024151920547,0.00954570951192204,5
PSS ell=2,5,0.7418003715588583,0.009806119876594742,0.7382075575407333,0.010383351916038418,0.8138183902053189,0.009937343178356055,5
PSS ell=2,6,0.7583516297922648,0.011381884147905481,0.7548777933893926,0.011998978663274245,0.8339021188959158,0.012913375295836315,5
PSS ell=2,7,0.771119743286607,0.013775390176260222,0.7677569033920055,0.014349762751896405,0.8459945046840435,0.01249201398822415,5
PSS ell=2,8,0.7808478297584868,0.013180269239350948,0.7777387619782727,0.013866501795002222,0.8560896331539556,0.01015297773568425,5
PSS ell=2,9,0.784529640263469,0.007829668139333982,0.7815377245202877,0.009096803490769413,0.8605532469756767,0.005420295163276887,5
PSS ell=2,10,0.790440803918257,0.008492852728310686,0.787258866189908,0.009196387031422693,0.865430820439866,0.005461643458044053,5
PSS ell=2,11,0.7938861678770477,0.00870121585344097,0.7909663954910946,0.009308687566208519,0.8679561390235099,0.004942793576600374,5
PSS ell=2,12,0.8033102516466814,0.005495559385243542,0.7994529307954297,0.006887744685813889,0.8761373295148689,0.003314533304458463,5
PSS ell=2,13,0.8091200810673872,0.007663046681373584,0.8050827904353275,0.009135269641829681,0.8809497196028435,0.0056186565763956565,5
PSS ell=2,14,0.8132410065867252,0.008410164875591113,0.8092250644658904,0.009598960597401972,0.8834560659254806,0.006770327615870564,5
PSS ell=2,15,0.8190508360074311,0.006848500113806364,0.8152042376887898,0.007900878524779043,0.8876066276270418,0.005713103568163931,5
PSS ell=2,16,0.8204357372065528,0.00807447981245835,0.8166731620155001,0.00901690597577759,0.8909945024886825,0.0068046608094741905,5
PSS ell=2,17,0.8243539942577268,0.005291150210376816,0.8205927389896139,0.005887973843376604,0.8939640787991998,0.005244806474249133,5
PSS ell=2,18,0.8246917750380003,0.005311327543832579,0.8211813115352904,0.005697220478398237,0.8947881404617757,0.005128425310670035,5
PSS ell=2,19,0.8311771660192535,0.004578144674367099,0.8277222946712686,0.004789542201393784,0.8978765461892634,0.006629762993373927,5
PSS ell=2,20,0.8359060969430839,0.0021746892217963353,0.8325156394965939,0.0027753716906651874,0.9023188528870449,0.003506198390619479,5
PSS global SC-CV,1,0.6069920621516636,0.003072691335696719,0.5849513747450933,0.00524900205886467,0.6037073086265876,0.0074088551452429156,5
PSS global SC-CV,2,0.6296233744299948,0.016357537809266992,0.6125745074285838,0.02063173353271891,0.6645542959927803,0.02700817154401786,5
PSS global SC-CV,3,0.6741766593480831,0.016788843136992453,0.6660496714221632,0.01738962673754977,0.728543502455458,0.01991680268825746,5
PSS global SC-CV,4,0.7037324776220233,0.006543712598937904,0.7033231680209306,0.003729137248566111,0.7720554252889935,0.009753716250878893,5
PSS global SC-CV,5,0.7244046613747678,0.013177996695159363,0.7250276360842269,0.013347919500264274,0.7967978600313467,0.0094526570491718,5
PSS global SC-CV,6,0.736801216010809,0.011209666278843247,0.7370448340561102,0.010571980602684163,0.8076064687615487,0.010918434682421173,5
PSS global SC-CV,7,0.7478128694477284,0.006426051860192879,0.7477966447120793,0.005425269421860802,0.8244045070938644,0.00542917737782823,5
PSS global SC-CV,8,0.7557844958621854,0.005849315744147629,0.7552628169088008,0.005269810308838816,0.832949883826035,0.005477635861982758,5
PSS global SC-CV,9,0.7658165850363114,0.002574124474351318,0.765366319623024,0.0025503744155287744,0.8422828972211441,0.003766173653547535,5
PSS global SC-CV,10,0.7724708664077014,0.0026175286290909356,0.7722453050461735,0.0023371244595271233,0.8501747313751302,0.004779497208292976,5
PSS global SC-CV,11,0.7805438270562405,0.004629260638964466,0.7800367375249059,0.003983480286496399,0.8603397710653862,0.00644375578121746,5
PSS global SC-CV,12,0.7937510555649384,0.007087764470299809,0.7918170720291406,0.0058335444317634,0.8692815014950103,0.006969289691251562,5
PSS global SC-CV,13,0.7987164330349603,0.007580714348276554,0.7957293989283424,0.0073440166814495375,0.8737157926920874,0.006012096540451017,5
PSS global SC-CV,14,0.8019253504475594,0.007788575863711451,0.7991510622532082,0.007867582543120507,0.8776710875302614,0.005123851421561204,5
PSS global SC-CV,15,0.8057760513426786,0.007744135462327539,0.8034485372979375,0.00762324792933766,0.8814665855762733,0.003984923992303606,5
PSS global SC-CV,16,0.8103360918763723,0.008792038564310321,0.8084719742329259,0.008455729661349491,0.883517105135913,0.004761508733128497,5
PSS global SC-CV,17,0.8174294882621179,0.0038383104804470894,0.8154825910613154,0.003197415985973077,0.8908877563836727,0.003574338421088292,5
PSS global SC-CV,18,0.8317176152676913,0.004520145498503974,0.8280057650886604,0.0043152969892108,0.9008790116582718,0.004130795371426242,5
PSS global SC-CV,19,0.8350278669143727,0.004664249913083936,0.8312718146889907,0.004510519930801967,0.9043920434004139,0.003738959837511572,5
PSS global SC-CV,20,0.8360749873332207,0.004535894084637372,0.8323559126800637,0.004376736220773686,0.9055191396637591,0.0032360054525562482,5
Univariate Ross MI,1,0.5944941732815403,0.02843434114226139,0.5690983230181813,0.03997262018277085,0.5921135365674628,0.050210774890019134,5
Univariate Ross MI,2,0.6436750548893768,0.02294374551394184,0.6341209802114743,0.028950549877802684,0.6857308929510351,0.038215586571796495,5
Univariate Ross MI,3,0.6727242019929066,0.02415410110154857,0.6623538415177277,0.030801496843203872,0.7311228603492889,0.034163249317972696,5
Univariate Ross MI,4,0.7207566289478129,0.027469906437180683,0.7147521475517296,0.03037529242869873,0.7860363376439489,0.03346777388182877,5
Univariate Ross MI,5,0.7440297247086641,0.020265650474176243,0.7389981132278882,0.023112254966613368,0.8152523240463557,0.020092788626781214,5
Univariate Ross MI,6,0.7567640601249789,0.014293655798545503,0.7526373268463322,0.015833857773342435,0.8306544359938549,0.01376233288818065,5
Univariate Ross MI,7,0.7675392670157068,0.009677434092208812,0.7641784465137239,0.01213079327524989,0.8438650381886557,0.009240229856631685,5
Univariate Ross MI,8,0.7738557676068232,0.009439749104868837,0.7711703495808756,0.011375622076484281,0.8526914111152653,0.007609008392028157,5
Univariate Ross MI,9,0.7820976186454991,0.010152686751554162,0.7799909596856802,0.011876169469124518,0.8608385726671163,0.00787620110489758,5
Univariate Ross MI,10,0.7868941057253842,0.00814394995165614,0.7844882649001528,0.009490366198538895,0.8681889053383076,0.007431608109383406,5
Univariate Ross MI,11,0.7930754940043911,0.007748186031544186,0.7912062634999766,0.008098411498014707,0.8733757641025557,0.008104311032545147,5
Univariate Ross MI,12,0.7989866576591792,0.00748129146113403,0.7961544217796096,0.00810728029546048,0.8774684623816501,0.006151365530022464,5
Univariate Ross MI,13,0.8011822327309576,0.006907389838644856,0.7982327785223776,0.007794146669278618,0.8806516888256637,0.004848640817493907,5
Univariate Ross MI,14,0.8043235939875022,0.007450918795741619,0.8007785083387994,0.008748285312535964,0.8849289054748274,0.0034543218481551063,5
Univariate Ross MI,15,0.8092551933794967,0.007878876988077979,0.8057741218434924,0.008444794308445433,0.8875606878078687,0.00442703966960591,5
Univariate Ross MI,16,0.8148623543320385,0.005137155962426588,0.811471370889062,0.005263243202065435,0.8915205463903402,0.0031494586823995405,5
Univariate Ross MI,17,0.8172268197939537,0.006187476409691521,0.8141021495189339,0.00640914877070814,0.894143715792176,0.003174723424885443,5
Univariate Ross MI,18,0.8272589089680797,0.007394043654852941,0.8238908392321014,0.00776962010849652,0.8994935586479891,0.0038733194916447224,5
Univariate Ross MI,19,0.8306367167708156,0.00488090305507542,0.8272129673026807,0.0048610458915812555,0.9016557657026238,0.003041090665525754,5
Univariate Ross MI,20,0.8340483026515791,0.006397357530717582,0.8306622990492682,0.006035703915996476,0.904133878224948,0.004421697439972753,5
