comparator,features,mean_difference_pp,sd_difference_pp,positive_splits,ties
Joint Ross MI,5,0.3445363958790715,1.8879347124800476,3,0
Joint Ross MI,10,-2.07059618307718,0.8330252056728429,0,0
Joint Ross MI,20,0.22969093058605058,0.31901959677399794,4,0
Univariate Ross MI,5,-1.624725553116031,2.7117665010387153,1,0
Univariate Ross MI,10,-0.1384901199121802,0.684620898370314,3,0
Univariate Ross MI,20,0.10133423408208221,0.5584886256979039,3,0
PSS default SC-CV,5,0.8883634521195717,1.6715285920356184,3,1
PSS default SC-CV,10,1.057253842256376,0.7670673548836588,4,1
PSS default SC-CV,20,-0.10133423408207998,0.22659023585540677,0,4
PSS component guard,5,-0.29049147103529904,1.054814798478405,2,0
PSS component guard,10,-0.09457861847660842,0.29413123338017344,2,0
PSS component guard,20,-0.10133423408207998,0.22659023585540677,0,4
PSS ell=1,5,0.3377807802735977,1.8707612750763842,3,0
PSS ell=1,10,1.3038338118561077,0.975654509866109,5,0
PSS ell=1,20,-0.10133423408207998,0.22659023585540677,0,4
PSS ell=2,5,-1.4017902381354497,2.116594851897946,1,0
PSS ell=2,10,-0.49315993919945894,0.6847250501513572,2,0
PSS ell=2,20,-0.08444519506840109,0.4325704602217783,2,0
PSS global SC-CV,5,0.3377807802735977,1.8707612750763842,3,0
PSS global SC-CV,10,1.3038338118561077,0.975654509866109,5,0
PSS global SC-CV,20,-0.10133423408207998,0.22659023585540677,0,4
KL difference k=1,5,3.729099814220569,1.2521488420402718,5,0
KL difference k=1,10,2.7900692450599562,1.6205294760020896,5,0
KL difference k=1,20,1.1079209592974193,0.23113931804929355,5,0
