seed,method,features,threshold,train_n,test_n,selection_n,train_positive,test_positive,majority_accuracy,config,selected_features,selection_seconds,accuracy,balanced_accuracy,auc,fit_seconds,prediction_seconds,score,ell,training_coverage,conditional_training_coverage,integrated_mass,cv_score,pooled_cv_coverage,conditional_cv_coverage,pooled_stable_5,minimum_stable_5,pooled_stable_10,minimum_stable_10,stable_coverage,fallback,feasible_candidates,guard,pooled_stable,minimum_stable
42,PSS SC-CV,1,60.0,13814,5921,13814,0.4537425799913132,0.4598885323425097,0.5401114676574903,"{""method"":""PSS SC-CV"",""n_min"":10,""noise"":1e-05,""tau"":0.9}",RH_6,78.18770766601665,0.6081742948826212,0.5894086737556548,0.6244369357730697,2.479394749971106,3.0466263329726644,0.0481035699712951,5.0,1.0,1.0,1.0198705332298446,-0.7574247158181479,0.9991313160561748,0.997925973197192,0.9991313160561748,0.997925973197192,0.9991313160561748,0.997925973197192,0.9991313160561748,False,5.0,False,0.9991313160561748,0.997925973197192
42,PSS SC-CV,2,60.0,13814,5921,13814,0.4537425799913132,0.4598885323425097,0.5401114676574903,"{""method"":""PSS SC-CV"",""n_min"":10,""noise"":1e-05,""tau"":0.9}","RH_6,lights",78.18770766601665,0.6821482857625402,0.6704346868463741,0.6878260306374921,2.8215654579689726,2.584822791046463,0.1455641795728404,5.0,0.9998552193426958,0.9996809189534142,1.068174231188974,-9.817301223087526,0.9916751122050094,0.981174218251436,0.9916751122050094,0.981014677728143,0.9915303315477052,0.98085513720485,0.9915303315477052,False,5.0,False,0.9915303315477052,0.98085513720485
42,PSS SC-CV,3,60.0,13814,5921,13814,0.4537425799913132,0.4598885323425097,0.5401114676574903,"{""method"":""PSS SC-CV"",""n_min"":10,""noise"":1e-05,""tau"":0.9}","RH_6,lights,RH_3",78.18770766601665,0.6892416821482857,0.6788831479094191,0.7245419063558132,2.3548927920055576,2.8904830000246875,0.39127183751134,5.0,0.9989865353988708,0.9976146302676916,1.1693829451499511,-10.636141861163944,0.963804835673954,0.9213465220165922,0.9636600550166498,0.9207083599234206,0.9624294194295642,0.9167198468410976,0.9624294194295642,False,5.0,False,0.9624294194295642,0.9167198468410976
42,PSS SC-CV,4,60.0,13814,5921,13814,0.4537425799913132,0.4598885323425097,0.5401114676574903,"{""method"":""PSS SC-CV"",""n_min"":10,""noise"":1e-05,""tau"":0.9}","RH_6,lights,RH_3,T2",78.18770766601665,0.6980239824353994,0.6880768874781038,0.7569954550642995,1.883442374994047,2.599799834017176,0.7834725126949387,5.0,0.9965252642246996,0.9916512059369202,1.352760035785361,-11.78265649680156,0.9075575503112784,0.812858966177409,0.9069060373534096,0.8112635609444799,0.9022006659910236,0.795788130185067,0.9022006659910236,False,5.0,False,0.9022006659910236,0.795788130185067
42,PSS SC-CV,5,60.0,13814,5921,13814,0.4537425799913132,0.4598885323425097,0.5401114676574903,"{""method"":""PSS SC-CV"",""n_min"":10,""noise"":1e-05,""tau"":0.9}","RH_6,lights,RH_3,T2,Press_mm_hg",78.18770766601665,0.7157574733997636,0.7083116582458234,0.7809354887384857,1.8366722090286205,2.609760375053156,0.2991652470353987,3.0,0.999203706384827,0.998245054243778,1.392478220610871,-12.052134933872509,0.9271753293759952,0.8514677728142949,0.9268133777327348,0.8505105296745373,0.9252207905023888,0.8465220165922144,0.9252207905023888,False,3.0,False,0.9252207905023888,0.8465220165922144
42,PSS SC-CV,6,60.0,13814,5921,13814,0.4537425799913132,0.4598885323425097,0.5401114676574903,"{""method"":""PSS SC-CV"",""n_min"":10,""noise"":1e-05,""tau"":0.9}","RH_6,lights,RH_3,T2,Press_mm_hg,RH_1",78.18770766601665,0.7336598547542644,0.7260845409945667,0.8090768146727769,1.7950494580436498,2.569323291943874,0.2730716668823127,2.0,0.999203706384827,0.9977664326738992,1.3215441148945033,-12.946699715418516,0.965469813232952,0.9170389278876836,0.9653974229043,0.9168793873643906,0.9645287389604748,0.91576260370134,0.9645287389604748,False,2.0,False,0.9645287389604748,0.91576260370134
42,PSS SC-CV,7,60.0,13814,5921,13814,0.4537425799913132,0.4598885323425097,0.5401114676574903,"{""method"":""PSS SC-CV"",""n_min"":10,""noise"":1e-05,""tau"":0.9}","RH_6,lights,RH_3,T2,Press_mm_hg,RH_1,T5",78.18770766601665,0.7540955919608174,0.74876632866162,0.8345972636680519,1.8320829999865964,2.461148125003092,0.4582446965048863,2.0,0.9986245837556104,0.9953733248245056,1.4991932998376047,-14.120907301555972,0.9407847111625888,0.8728462029355456,0.9404951498479804,0.8726866624122527,0.9396264659041552,0.8707721761327377,0.9396264659041552,False,2.0,False,0.9396264659041552,0.8707721761327377
42,PSS SC-CV,8,60.0,13814,5921,13814,0.4537425799913132,0.4598885323425097,0.5401114676574903,"{""method"":""PSS SC-CV"",""n_min"":10,""noise"":1e-05,""tau"":0.9}","RH_6,lights,RH_3,T2,Press_mm_hg,RH_1,T5,T3",78.18770766601665,0.7718290829251816,0.7665465034265586,0.8481434182261821,1.616147875029128,2.283725500048604,0.7847470793187661,2.0,0.9963804835673954,0.9928206764518188,1.7264846757563113,-15.494704587105607,0.9116114087157956,0.8276962348436503,0.9113218474011872,0.8275366943203574,0.9100912118141016,0.8233886407147415,0.9100912118141016,False,2.0,False,0.9100912118141016,0.8233886407147415
42,PSS SC-CV,9,60.0,13814,5921,13814,0.4537425799913132,0.4598885323425097,0.5401114676574903,"{""method"":""PSS SC-CV"",""n_min"":10,""noise"":1e-05,""tau"":0.9}","RH_6,lights,RH_3,T2,Press_mm_hg,RH_1,T5,T3,RH_9",78.18770766601665,0.7863536564769464,0.7823379099634664,0.8641167806632726,1.6683738749707118,2.2414364999858662,-0.6012587875936592,1.0,1.0,1.0,1.1104244993819723,-12.998798245285125,0.998335022441002,0.9963305679642628,0.998335022441002,0.9963305679642628,0.998335022441002,0.9963305679642628,0.998335022441002,False,1.0,False,0.998335022441002,0.9963305679642628
42,PSS SC-CV,10,60.0,13814,5921,13814,0.4537425799913132,0.4598885323425097,0.5401114676574903,"{""method"":""PSS SC-CV"",""n_min"":10,""noise"":1e-05,""tau"":0.9}","RH_6,lights,RH_3,T2,Press_mm_hg,RH_1,T5,T3,RH_9,T6",78.18770766601665,0.7910825874007769,0.7868247392041987,0.8704534853196211,1.6575774169759825,2.2866753750131465,-0.5672283857579785,1.0,1.0,1.0,1.1215241049608504,-13.36182878259926,0.9981902417836978,0.996011486917677,0.9981902417836978,0.996011486917677,0.9981902417836978,0.996011486917677,0.9981902417836978,False,1.0,False,0.9981902417836978,0.996011486917677
42,PSS SC-CV,11,60.0,13814,5921,13814,0.4537425799913132,0.4598885323425097,0.5401114676574903,"{""method"":""PSS SC-CV"",""n_min"":10,""noise"":1e-05,""tau"":0.9}","RH_6,lights,RH_3,T2,Press_mm_hg,RH_1,T5,T3,RH_9,T6,RH_8",78.18770766601665,0.8089849687552778,0.8063158391548886,0.8826480330963371,1.6922525830450468,2.3346399170113727,-0.5354170947185519,1.0,1.0,1.0,1.133888887553854,-13.71231500272748,0.9980454611263936,0.995851946394384,0.9980454611263936,0.995851946394384,0.9980454611263936,0.995851946394384,0.9980454611263936,False,1.0,False,0.9980454611263936,0.995851946394384
42,PSS SC-CV,12,60.0,13814,5921,13814,0.4537425799913132,0.4598885323425097,0.5401114676574903,"{""method"":""PSS SC-CV"",""n_min"":10,""noise"":1e-05,""tau"":0.9}","RH_6,lights,RH_3,T2,Press_mm_hg,RH_1,T5,T3,RH_9,T6,RH_8,T_out",78.18770766601665,0.810504982266509,0.8083775275448735,0.8854759573613421,1.649147542018909,2.2031161669874564,-0.5063474466936349,1.0,1.0,1.0,1.1458001599302143,-14.103564096371608,0.9979006804690892,0.9953733248245056,0.9979006804690892,0.9953733248245056,0.9979006804690892,0.9953733248245056,0.9979006804690892,False,1.0,False,0.9979006804690892,0.9953733248245056
42,PSS SC-CV,13,60.0,13814,5921,13814,0.4537425799913132,0.4598885323425097,0.5401114676574903,"{""method"":""PSS SC-CV"",""n_min"":10,""noise"":1e-05,""tau"":0.9}","RH_6,lights,RH_3,T2,Press_mm_hg,RH_1,T5,T3,RH_9,T6,RH_8,T_out,RH_2",78.18770766601665,0.8147272420199291,0.8119589410109191,0.8877449801645676,1.747723916952964,2.282789250020869,-0.4775896767135013,1.0,1.0,1.0,1.1603469699047857,-14.874694222766642,0.9977558998117853,0.9950542437779196,0.9977558998117853,0.9950542437779196,0.9977558998117853,0.9950542437779196,0.9977558998117853,False,1.0,False,0.9977558998117853,0.9950542437779196
42,PSS SC-CV,14,60.0,13814,5921,13814,0.4537425799913132,0.4598885323425097,0.5401114676574903,"{""method"":""PSS SC-CV"",""n_min"":10,""noise"":1e-05,""tau"":0.9}","RH_6,lights,RH_3,T2,Press_mm_hg,RH_1,T5,T3,RH_9,T6,RH_8,T_out,RH_2,RH_4",78.18770766601665,0.8142205708495187,0.8112171649697513,0.8883739309157831,1.7508383329841308,2.3400910420459695,-0.4521630385463062,1.0,1.0,1.0,1.1746091602824449,-15.23275262062992,0.9975387288258288,0.9945756222080409,0.9975387288258288,0.9945756222080409,0.9975387288258288,0.9945756222080409,0.9975387288258288,False,1.0,False,0.9975387288258288,0.9945756222080409
42,PSS SC-CV,15,60.0,13814,5921,13814,0.4537425799913132,0.4598885323425097,0.5401114676574903,"{""method"":""PSS SC-CV"",""n_min"":10,""noise"":1e-05,""tau"":0.9}","RH_6,lights,RH_3,T2,Press_mm_hg,RH_1,T5,T3,RH_9,T6,RH_8,T_out,RH_2,RH_4,Tdewpoint",78.18770766601665,0.8201317345043067,0.8178348132106988,0.8903422011140364,1.8354008329915816,2.443610707996413,-0.4319652662749647,1.0,1.0,1.0,1.188182292843772,-15.52161963778,0.9973939481685248,0.994416081684748,0.9973939481685248,0.994416081684748,0.9973939481685248,0.994416081684748,0.9973939481685248,False,1.0,False,0.9973939481685248,0.994416081684748
42,PSS SC-CV,16,60.0,13814,5921,13814,0.4537425799913132,0.4598885323425097,0.5401114676574903,"{""method"":""PSS SC-CV"",""n_min"":10,""noise"":1e-05,""tau"":0.9}","RH_6,lights,RH_3,T2,Press_mm_hg,RH_1,T5,T3,RH_9,T6,RH_8,T_out,RH_2,RH_4,Tdewpoint,RH_5",78.18770766601665,0.8226650903563587,0.8198527495035113,0.895673066875023,1.7346228749956936,2.2284217089763843,-0.4179032672947791,1.0,1.0,1.0,1.203153210232028,-16.34557311518431,0.9971767771825684,0.994097000638162,0.9971767771825684,0.994097000638162,0.9971767771825684,0.994097000638162,0.9971767771825684,False,1.0,False,0.9971767771825684,0.994097000638162
42,PSS SC-CV,17,60.0,13814,5921,13814,0.4537425799913132,0.4598885323425097,0.5401114676574903,"{""method"":""PSS SC-CV"",""n_min"":10,""noise"":1e-05,""tau"":0.9}","RH_6,lights,RH_3,T2,Press_mm_hg,RH_1,T5,T3,RH_9,T6,RH_8,T_out,RH_2,RH_4,Tdewpoint,RH_5,RH_7",78.18770766601665,0.8238473230873163,0.821138096547213,0.8967355193764373,1.7642890840070322,2.9703797079855576,-0.4098568404307272,1.0,1.0,1.0,1.2156955088736354,-16.686828409839677,0.9970319965252642,0.9939374601148692,0.9970319965252642,0.9939374601148692,0.9970319965252642,0.9939374601148692,0.9970319965252642,False,1.0,False,0.9970319965252642,0.9939374601148692
42,PSS SC-CV,18,60.0,13814,5921,13814,0.4537425799913132,0.4598885323425097,0.5401114676574903,"{""method"":""PSS SC-CV"",""n_min"":10,""noise"":1e-05,""tau"":0.9}","RH_6,lights,RH_3,T2,Press_mm_hg,RH_1,T5,T3,RH_9,T6,RH_8,T_out,RH_2,RH_4,Tdewpoint,RH_5,RH_7,RH_out",78.18770766601665,0.8270562404999156,0.824026883309597,0.8981748600219978,1.848943666962441,2.655116750043817,-0.4150015108488993,1.0,1.0,1.0,1.2250248195475668,-17.111803820914872,0.996814825539308,0.9932992980216976,0.996814825539308,0.9932992980216976,0.996814825539308,0.9932992980216976,0.996814825539308,False,1.0,False,0.996814825539308,0.9932992980216976
42,PSS SC-CV,19,60.0,13814,5921,13814,0.4537425799913132,0.4598885323425097,0.5401114676574903,"{""method"":""PSS SC-CV"",""n_min"":10,""noise"":1e-05,""tau"":0.9}","RH_6,lights,RH_3,T2,Press_mm_hg,RH_1,T5,T3,RH_9,T6,RH_8,T_out,RH_2,RH_4,Tdewpoint,RH_5,RH_7,RH_out,Visibility",78.18770766601665,0.8287451444012836,0.8262994659947447,0.8997755437030627,1.931091042002663,2.5069287919905037,-0.4546342963578098,1.0,1.0,1.0,1.2397682433231607,-20.393608865257512,0.9966700448820036,0.9929802169751116,0.9966700448820036,0.9929802169751116,0.9966700448820036,0.9929802169751116,0.9966700448820036,False,1.0,False,0.9966700448820036,0.9929802169751116
42,PSS SC-CV,20,60.0,13814,5921,13814,0.4537425799913132,0.4598885323425097,0.5401114676574903,"{""method"":""PSS SC-CV"",""n_min"":10,""noise"":1e-05,""tau"":0.9}","RH_6,lights,RH_3,T2,Press_mm_hg,RH_1,T5,T3,RH_9,T6,RH_8,T_out,RH_2,RH_4,Tdewpoint,RH_5,RH_7,RH_out,Visibility,T4",78.18770766601665,0.8324607329842932,0.8301754883985745,0.9022287616870348,1.804257542011328,2.374771833012346,-0.511822758450549,1.0,1.0,1.0,1.2512831613806443,-20.726411248700007,0.9965252642246996,0.992661135928526,0.9965252642246996,0.992661135928526,0.9965252642246996,0.992661135928526,0.9965252642246996,False,1.0,False,0.9965252642246996,0.992661135928526
43,PSS SC-CV,1,60.0,13814,5921,13814,0.4536701896626611,0.4600574227326465,0.5399425772673535,"{""method"":""PSS SC-CV"",""n_min"":10,""noise"":1e-05,""tau"":0.99}",T_out,78.00654470798327,0.5725384225637561,0.5450122568101428,0.5947266320251594,2.397046375030186,3.2015887500019744,0.0472408199501967,4.0,1.0,1.0,1.015688309849543,-0.4064609983809675,0.9993484870421312,0.996968246369874,0.9993484870421312,0.996968246369874,0.9993484870421312,0.996968246369874,0.9993484870421312,False,5.0,False,0.9993484870421312,0.996968246369874
43,PSS SC-CV,2,60.0,13814,5921,13814,0.4536701896626611,0.4600574227326465,0.5399425772673535,"{""method"":""PSS SC-CV"",""n_min"":10,""noise"":1e-05,""tau"":0.99}","T_out,RH_7",78.00654470798327,0.6363789900354669,0.6190393595868373,0.6653243771579175,2.2235230410005897,2.94579824997345,0.1415933539827436,5.0,1.0,0.9998674970186828,1.0703687320783202,-0.9381350480045632,0.9918922831909656,0.9792564225307164,0.9918922831909656,0.9792564225307164,0.9918922831909656,0.9770224988032552,0.9918922831909656,False,5.0,False,0.9918922831909656,0.9770224988032552
43,PSS SC-CV,3,60.0,13814,5921,13814,0.4536701896626611,0.4600574227326465,0.5399425772673535,"{""method"":""PSS SC-CV"",""n_min"":10,""noise"":1e-05,""tau"":0.99}","T_out,RH_7,RH_1",78.00654470798327,0.6765749028880257,0.6600365752217227,0.7228821807522379,2.0002684580395,3.0678390840184875,0.164383169194533,2.0,1.0,1.0,1.068596181861152,-2.1290053215368627,0.995222238308962,0.987234721557364,0.995222238308962,0.987234721557364,0.995222238308962,0.987234721557364,0.995222238308962,False,2.0,False,0.995222238308962,0.987234721557364
43,PSS SC-CV,4,60.0,13814,5921,13814,0.4536701896626611,0.4600574227326465,0.5399425772673535,"{""method"":""PSS SC-CV"",""n_min"":10,""noise"":1e-05,""tau"":0.99}","T_out,RH_7,RH_1,RH_2",78.00654470798327,0.7199797331531835,0.709219466028403,0.7789367050699605,1.6282830000272952,2.681627165991813,0.2310370256805636,2.0,0.9997104386853916,0.9993617360778682,1.117450600802228,-3.5319355768088254,0.9910959895757928,0.9784585926280516,0.9910959895757928,0.9784585926280516,0.9910959895757928,0.9779798946864529,0.9910959895757928,False,2.0,False,0.9910959895757928,0.9779798946864529
43,PSS SC-CV,5,60.0,13814,5921,13814,0.4536701896626611,0.4600574227326465,0.5399425772673535,"{""method"":""PSS SC-CV"",""n_min"":10,""noise"":1e-05,""tau"":0.99}","T_out,RH_7,RH_1,RH_2,RH_9",78.00654470798327,0.7378821145076845,0.7316634147192875,0.806603979409845,1.685243166051805,2.6187369999825023,0.1176150132047508,1.0,1.0,1.0,1.059298846621382,-2.6936379885767785,0.9989865353988708,0.9977660762725388,0.9989865353988708,0.9977660762725388,0.9989865353988708,0.9977660762725388,0.9989865353988708,False,1.0,False,0.9989865353988708,0.9977660762725388
43,PSS SC-CV,6,60.0,13814,5921,13814,0.4536701896626611,0.4600574227326465,0.5399425772673535,"{""method"":""PSS SC-CV"",""n_min"":10,""noise"":1e-05,""tau"":0.99}","T_out,RH_7,RH_1,RH_2,RH_9,RH_3",78.00654470798327,0.7490288802567134,0.7429632428896952,0.8220415431684533,1.7502379170036877,2.6067344160401262,0.1531238637305656,1.0,1.0,1.0,1.0738638289917777,-3.235622664189747,0.9987693644129144,0.9972873783309398,0.9987693644129144,0.9972873783309398,0.9987693644129144,0.9972873783309398,0.9987693644129144,False,1.0,False,0.9987693644129144,0.9972873783309398
43,PSS SC-CV,7,60.0,13814,5921,13814,0.4536701896626611,0.4600574227326465,0.5399425772673535,"{""method"":""PSS SC-CV"",""n_min"":10,""noise"":1e-05,""tau"":0.99}","T_out,RH_7,RH_1,RH_2,RH_9,RH_3,T6",78.00654470798327,0.7615267691268367,0.7571436625838192,0.8359057247593996,1.765216917032376,2.5361504169995897,0.1850661491303276,1.0,1.0,1.0,1.0844668569333913,-3.607461450220567,0.9986245837556104,0.996968246369874,0.9986245837556104,0.996968246369874,0.9986245837556104,0.996968246369874,0.9986245837556104,False,1.0,False,0.9986245837556104,0.996968246369874
43,PSS SC-CV,8,60.0,13814,5921,13814,0.4536701896626611,0.4600574227326465,0.5399425772673535,"{""method"":""PSS SC-CV"",""n_min"":10,""noise"":1e-05,""tau"":0.99}","T_out,RH_7,RH_1,RH_2,RH_9,RH_3,T6,RH_8",78.00654470798327,0.7709846309744975,0.768916297722213,0.8471436602872462,1.6435078749782406,2.3314115409739316,0.2150628332921456,1.0,1.0,1.0,1.0964123107404995,-3.957882769385457,0.998479803098306,0.996808680389341,0.998479803098306,0.996808680389341,0.998479803098306,0.996808680389341,0.998479803098306,False,1.0,False,0.998479803098306,0.996808680389341
43,PSS SC-CV,9,60.0,13814,5921,13814,0.4536701896626611,0.4600574227326465,0.5399425772673535,"{""method"":""PSS SC-CV"",""n_min"":10,""noise"":1e-05,""tau"":0.99}","T_out,RH_7,RH_1,RH_2,RH_9,RH_3,T6,RH_8,RH_6",78.00654470798327,0.7743624387772335,0.7728860964092162,0.8541990770532396,1.765713291009888,2.407040791003965,0.2381012881044082,1.0,1.0,1.0,1.1097641598499637,-4.668938646191119,0.9981178514550456,0.9964895484282752,0.9981178514550456,0.9964895484282752,0.9981178514550456,0.9964895484282752,0.9981178514550456,False,1.0,False,0.9981178514550456,0.9964895484282752
43,PSS SC-CV,10,60.0,13814,5921,13814,0.4536701896626611,0.4600574227326465,0.5399425772673535,"{""method"":""PSS SC-CV"",""n_min"":10,""noise"":1e-05,""tau"":0.99}","T_out,RH_7,RH_1,RH_2,RH_9,RH_3,T6,RH_8,RH_6,RH_4",78.00654470798327,0.7770646850194224,0.7748453028421929,0.8595244853724376,1.798385041009169,2.4494071250082925,0.2598514476909619,1.0,1.0,1.0,1.1229766450323515,-5.024716110731205,0.9977558998117853,0.9958512845061432,0.9977558998117853,0.9958512845061432,0.9977558998117853,0.9958512845061432,0.9977558998117853,False,1.0,False,0.9977558998117853,0.9958512845061432
43,PSS SC-CV,11,60.0,13814,5921,13814,0.4536701896626611,0.4600574227326465,0.5399425772673535,"{""method"":""PSS SC-CV"",""n_min"":10,""noise"":1e-05,""tau"":0.99}","T_out,RH_7,RH_1,RH_2,RH_9,RH_3,T6,RH_8,RH_6,RH_4,Tdewpoint",78.00654470798327,0.7777402465799697,0.7764213834831388,0.8620028321338332,1.8676779170054945,2.5251652500010096,0.2779514315510569,1.0,1.0,1.0,1.135512098027609,-5.317777668953467,0.997611119154481,0.9956917185256104,0.997611119154481,0.9956917185256104,0.997611119154481,0.9956917185256104,0.997611119154481,False,1.0,False,0.997611119154481,0.9956917185256104
43,PSS SC-CV,12,60.0,13814,5921,13814,0.4536701896626611,0.4600574227326465,0.5399425772673535,"{""method"":""PSS SC-CV"",""n_min"":10,""noise"":1e-05,""tau"":0.99}","T_out,RH_7,RH_1,RH_2,RH_9,RH_3,T6,RH_8,RH_6,RH_4,Tdewpoint,RH_5",78.00654470798327,0.7873669988177673,0.7857705025406987,0.8703752186911646,1.7536230419646015,2.373906666005496,0.2954642959095981,1.0,1.0,1.0,1.1498124826505058,-6.1531040371999985,0.9973215578398726,0.9955321525450774,0.9973215578398726,0.9955321525450774,0.9973215578398726,0.9955321525450774,0.9973215578398726,False,1.0,False,0.9973215578398726,0.9955321525450774
43,PSS SC-CV,13,60.0,13814,5921,13814,0.4536701896626611,0.4600574227326465,0.5399425772673535,"{""method"":""PSS SC-CV"",""n_min"":10,""noise"":1e-05,""tau"":0.99}","T_out,RH_7,RH_1,RH_2,RH_9,RH_3,T6,RH_8,RH_6,RH_4,Tdewpoint,RH_5,Press_mm_hg",78.00654470798327,0.8007093396385746,0.7972296554635243,0.8784783320633285,1.8367426250479184,2.4294514170032926,0.3069462197453605,1.0,1.0,1.0,1.1615976170774565,-6.540269827695638,0.9969596061966122,0.9947343226424128,0.9969596061966122,0.9947343226424128,0.9969596061966122,0.9947343226424128,0.9969596061966122,False,1.0,False,0.9969596061966122,0.9947343226424128
43,PSS SC-CV,14,60.0,13814,5921,13814,0.4536701896626611,0.4600574227326465,0.5399425772673535,"{""method"":""PSS SC-CV"",""n_min"":10,""noise"":1e-05,""tau"":0.99}","T_out,RH_7,RH_1,RH_2,RH_9,RH_3,T6,RH_8,RH_6,RH_4,Tdewpoint,RH_5,Press_mm_hg,RH_out",78.00654470798327,0.8034115858807633,0.7997048444370342,0.8799725972908705,1.8323524169973096,2.491282458009664,0.2979140645695937,1.0,1.0,1.0,1.1712797077535817,-6.952083574900549,0.996742435210656,0.9944151906813468,0.996742435210656,0.9944151906813468,0.996742435210656,0.9944151906813468,0.996742435210656,False,1.0,False,0.996742435210656,0.9944151906813468
43,PSS SC-CV,15,60.0,13814,5921,13814,0.4536701896626611,0.4600574227326465,0.5399425772673535,"{""method"":""PSS SC-CV"",""n_min"":10,""noise"":1e-05,""tau"":0.99}","T_out,RH_7,RH_1,RH_2,RH_9,RH_3,T6,RH_8,RH_6,RH_4,Tdewpoint,RH_5,Press_mm_hg,RH_out,T2",78.00654470798327,0.8133761188988347,0.8109418613356776,0.8863502953622546,1.892370374989696,3.5066219170112163,0.2844909065193857,1.0,1.0,1.0,1.1827867486610373,-7.407562469056842,0.9965976545533516,0.9940960587202808,0.9965976545533516,0.9940960587202808,0.9965976545533516,0.9940960587202808,0.9965976545533516,False,1.0,False,0.9965976545533516,0.9940960587202808
43,PSS SC-CV,16,60.0,13814,5921,13814,0.4536701896626611,0.4600574227326465,0.5399425772673535,"{""method"":""PSS SC-CV"",""n_min"":10,""noise"":1e-05,""tau"":0.99}","T_out,RH_7,RH_1,RH_2,RH_9,RH_3,T6,RH_8,RH_6,RH_4,Tdewpoint,RH_5,Press_mm_hg,RH_out,T2,Visibility",78.00654470798327,0.8182739402128019,0.8160476598610023,0.8878095378514275,1.8752612080425024,2.374468624999281,0.2317074141830257,1.0,1.0,1.0,1.1961304419678922,-10.722284699975836,0.9962357029100912,0.993617360778682,0.9962357029100912,0.993617360778682,0.9962357029100912,0.993617360778682,0.9962357029100912,False,1.0,False,0.9962357029100912,0.993617360778682
43,PSS SC-CV,17,60.0,13814,5921,13814,0.4536701896626611,0.4600574227326465,0.5399425772673535,"{""method"":""PSS SC-CV"",""n_min"":10,""noise"":1e-05,""tau"":0.99}","T_out,RH_7,RH_1,RH_2,RH_9,RH_3,T6,RH_8,RH_6,RH_4,Tdewpoint,RH_5,Press_mm_hg,RH_out,T2,Visibility,lights",78.00654470798327,0.8219895287958116,0.8188366181217064,0.8945621514663389,1.9213557080365715,4.060946125013288,0.1487323902238024,1.0,1.0,1.0,1.212698513436812,-19.47981391578084,0.9959461415954828,0.993298228817616,0.9959461415954828,0.993298228817616,0.9959461415954828,0.993298228817616,0.9959461415954828,False,1.0,False,0.9959461415954828,0.993298228817616
43,PSS SC-CV,18,60.0,13814,5921,13814,0.4536701896626611,0.4600574227326465,0.5399425772673535,"{""method"":""PSS SC-CV"",""n_min"":10,""noise"":1e-05,""tau"":0.99}","T_out,RH_7,RH_1,RH_2,RH_9,RH_3,T6,RH_8,RH_6,RH_4,Tdewpoint,RH_5,Press_mm_hg,RH_out,T2,Visibility,lights,T8",78.00654470798327,0.8336429657152508,0.829709455955634,0.9045910561342154,1.8240829590358771,2.301912291033659,0.0493659983560696,1.0,1.0,1.0,1.225910272616812,-19.78663674249437,0.9955841899522224,0.9925003989149512,0.9955841899522224,0.9925003989149512,0.9955841899522224,0.9925003989149512,0.9955841899522224,False,1.0,False,0.9955841899522224,0.9925003989149512
43,PSS SC-CV,19,60.0,13814,5921,13814,0.4536701896626611,0.4600574227326465,0.5399425772673535,"{""method"":""PSS SC-CV"",""n_min"":10,""noise"":1e-05,""tau"":0.99}","T_out,RH_7,RH_1,RH_2,RH_9,RH_3,T6,RH_8,RH_6,RH_4,Tdewpoint,RH_5,Press_mm_hg,RH_out,T2,Visibility,lights,T8,T4",78.00654470798327,0.8380341158588076,0.8341559657847367,0.9075468604239382,1.8939926250022836,3.607764667016454,-0.0758333171856193,1.0,1.0,1.0,1.2367602982650976,-20.10922637588791,0.9954394092949184,0.9921812669538854,0.9954394092949184,0.9921812669538854,0.9954394092949184,0.9921812669538854,0.9954394092949184,False,1.0,False,0.9954394092949184,0.9921812669538854
43,PSS SC-CV,20,60.0,13814,5921,13814,0.4536701896626611,0.4600574227326465,0.5399425772673535,"{""method"":""PSS SC-CV"",""n_min"":10,""noise"":1e-05,""tau"":0.99}","T_out,RH_7,RH_1,RH_2,RH_9,RH_3,T6,RH_8,RH_6,RH_4,Tdewpoint,RH_5,Press_mm_hg,RH_out,T2,Visibility,lights,T8,T4,T7",78.00654470798327,0.8385407870292181,0.8347609405293233,0.9078626392125144,1.785931750026066,2.2389516250113957,-0.2375073706617101,1.0,1.0,1.0,1.251572534516344,-20.41602527758547,0.995294628637614,0.9918621349928196,0.995294628637614,0.9918621349928196,0.995294628637614,0.9918621349928196,0.995294628637614,False,1.0,False,0.995294628637614,0.9918621349928196
44,PSS SC-CV,1,60.0,13814,5921,13814,0.4547560445924424,0.4575240668805945,0.5424759331194055,"{""method"":""PSS SC-CV"",""n_min"":10,""noise"":0.0001,""tau"":0.95}",RH_6,78.49484008399304,0.6042898159094747,0.5847503042071376,0.6248350248031674,2.366930541000329,2.974166875006631,0.0480326259483266,5.0,1.0,1.0,1.0204560972705554,-0.5146853766739597,0.9989141450702186,0.997134670487106,0.9989141450702186,0.997134670487106,0.9989141450702186,0.997134670487106,0.9989141450702186,False,5.0,False,0.9989141450702186,0.997134670487106
44,PSS SC-CV,2,60.0,13814,5921,13814,0.4547560445924424,0.4575240668805945,0.5424759331194055,"{""method"":""PSS SC-CV"",""n_min"":10,""noise"":0.0001,""tau"":0.95}","RH_6,RH_3",78.49484008399304,0.6112143219050836,0.5893694947931967,0.6536186858343596,2.1081561250030063,2.998220165958628,0.1453466668467127,5.0,1.0,0.9998672331386086,1.073206775084894,-1.419636982345125,0.9896481830027508,0.9777141037886024,0.9895757926740988,0.9773957338427252,0.9888518893875778,0.9769181789239096,0.9888518893875778,False,5.0,False,0.9888518893875778,0.9769181789239096
44,PSS SC-CV,3,60.0,13814,5921,13814,0.4547560445924424,0.4575240668805945,0.5424759331194055,"{""method"":""PSS SC-CV"",""n_min"":10,""noise"":0.0001,""tau"":0.95}","RH_6,RH_3,Press_mm_hg",78.49484008399304,0.6458368518831279,0.627177431255163,0.6835712515865431,2.1527715420234017,3.2713373750448227,0.4130398302771798,5.0,0.9997828290140436,0.9990448901623686,1.2084296385371804,-2.525250587651814,0.9583031706963948,0.9119707099649792,0.9578688287244824,0.9114931550461636,0.9564210221514404,0.90639923591213,0.9564210221514404,False,5.0,False,0.9564210221514404,0.90639923591213
44,PSS SC-CV,4,60.0,13814,5921,13814,0.4547560445924424,0.4575240668805945,0.5424759331194055,"{""method"":""PSS SC-CV"",""n_min"":10,""noise"":0.0001,""tau"":0.95}","RH_6,RH_3,Press_mm_hg,RH_8",78.49484008399304,0.6959972977537578,0.6907814319410369,0.7658462382896916,1.7481615000288002,2.692408832954243,0.4702579687709503,3.0,1.0,0.9997344662772172,1.2353805526801762,-3.3011313055756912,0.960692051541914,0.9235912129894938,0.9603300998986536,0.9229544730977396,0.9593166352975242,0.9197707736389684,0.9593166352975242,False,3.0,False,0.9593166352975242,0.9197707736389684
44,PSS SC-CV,5,60.0,13814,5921,13814,0.4547560445924424,0.4575240668805945,0.5424759331194055,"{""method"":""PSS SC-CV"",""n_min"":10,""noise"":0.0001,""tau"":0.95}","RH_6,RH_3,Press_mm_hg,RH_8,RH_7",78.49484008399304,0.7093396385745651,0.7031946806158338,0.7829139596023954,1.7499663330381736,2.65179741702741,0.4334325869165596,2.0,1.0,1.0,1.230982978904575,-4.104216033138722,0.9720573331402924,0.9350525310410696,0.9720573331402924,0.9350525310410696,0.9713334298537716,0.9336198662846228,0.9713334298537716,False,2.0,False,0.9713334298537716,0.9336198662846228
44,PSS SC-CV,6,60.0,13814,5921,13814,0.4547560445924424,0.4575240668805945,0.5424759331194055,"{""method"":""PSS SC-CV"",""n_min"":10,""noise"":0.0001,""tau"":0.95}","RH_6,RH_3,Press_mm_hg,RH_8,RH_7,RH_1",78.49484008399304,0.7346731970950853,0.7283366477775526,0.8108106275516279,1.7430581250227988,2.574337000027299,0.6081492587020314,2.0,0.9995656580280876,0.998672331386086,1.3408856001903469,-5.852615616904407,0.9546836542637904,0.8989175421840179,0.9546112639351384,0.8987583572110793,0.9537425799913132,0.8970073225087551,0.9537425799913132,False,2.0,False,0.9537425799913132,0.8970073225087551
44,PSS SC-CV,7,60.0,13814,5921,13814,0.4547560445924424,0.4575240668805945,0.5424759331194055,"{""method"":""PSS SC-CV"",""n_min"":10,""noise"":0.0001,""tau"":0.95}","RH_6,RH_3,Press_mm_hg,RH_8,RH_7,RH_1,RH_9",78.49484008399304,0.7446377301131566,0.7389083342412428,0.8220511215095476,1.7952164169983007,2.495406291971449,0.1741346326630521,1.0,1.0,1.0,1.083748015356073,-3.3389091186990294,0.9981902417836978,0.9961795606494748,0.9981902417836978,0.9961795606494748,0.9981902417836978,0.9961795606494748,0.9981902417836978,False,1.0,False,0.9981902417836978,0.9961795606494748
44,PSS SC-CV,8,60.0,13814,5921,13814,0.4547560445924424,0.4575240668805945,0.5424759331194055,"{""method"":""PSS SC-CV"",""n_min"":10,""noise"":0.0001,""tau"":0.95}","RH_6,RH_3,Press_mm_hg,RH_8,RH_7,RH_1,RH_9,T6",78.49484008399304,0.7615267691268367,0.7584925737601749,0.8362438152976541,1.707805958983954,2.297785540984478,0.206051573235745,1.0,1.0,1.0,1.094888834211292,-3.718810344468077,0.9980454611263936,0.9952244508118434,0.9980454611263936,0.9952244508118434,0.9980454611263936,0.9952244508118434,0.9980454611263936,False,1.0,False,0.9980454611263936,0.9952244508118434
44,PSS SC-CV,9,60.0,13814,5921,13814,0.4547560445924424,0.4575240668805945,0.5424759331194055,"{""method"":""PSS SC-CV"",""n_min"":10,""noise"":0.0001,""tau"":0.95}","RH_6,RH_3,Press_mm_hg,RH_8,RH_7,RH_1,RH_9,T6,RH_2",78.49484008399304,0.7714913021449079,0.7694978157306924,0.8496563964865972,1.7313805829617197,2.296597999986261,0.2335708436698418,1.0,1.0,1.0,1.1085190695540104,-4.490140196771539,0.9978282901404372,0.9947468958930276,0.9978282901404372,0.9947468958930276,0.9978282901404372,0.9947468958930276,0.9978282901404372,False,1.0,False,0.9978282901404372,0.9947468958930276
44,PSS SC-CV,10,60.0,13814,5921,13814,0.4547560445924424,0.4575240668805945,0.5424759331194055,"{""method"":""PSS SC-CV"",""n_min"":10,""noise"":0.0001,""tau"":0.95}","RH_6,RH_3,Press_mm_hg,RH_8,RH_7,RH_1,RH_9,T6,RH_2,T_out",78.49484008399304,0.7735179868265496,0.7711923885466414,0.8525575695056421,1.7425376659957692,2.377811666985508,0.2601889814281231,1.0,1.0,1.0,1.1206247818695385,-4.897126422729621,0.9975387288258288,0.994269340974212,0.9975387288258288,0.994269340974212,0.9975387288258288,0.994269340974212,0.9975387288258288,False,1.0,False,0.9975387288258288,0.994269340974212
44,PSS SC-CV,11,60.0,13814,5921,13814,0.4547560445924424,0.4575240668805945,0.5424759331194055,"{""method"":""PSS SC-CV"",""n_min"":10,""noise"":0.0001,""tau"":0.95}","RH_6,RH_3,Press_mm_hg,RH_8,RH_7,RH_1,RH_9,T6,RH_2,T_out,RH_4",78.49484008399304,0.7780780273602432,0.7747883996291132,0.8556254990628994,1.775331249984447,2.45607741700951,0.2832989429825616,1.0,1.0,1.0,1.133845600717471,-5.222368871251868,0.9973215578398726,0.9937917860553964,0.9973215578398726,0.9937917860553964,0.9973215578398726,0.9937917860553964,0.9973215578398726,False,1.0,False,0.9973215578398726,0.9937917860553964
44,PSS SC-CV,12,60.0,13814,5921,13814,0.4547560445924424,0.4575240668805945,0.5424759331194055,"{""method"":""PSS SC-CV"",""n_min"":10,""noise"":0.0001,""tau"":0.95}","RH_6,RH_3,Press_mm_hg,RH_8,RH_7,RH_1,RH_9,T6,RH_2,T_out,RH_4,RH_5",78.49484008399304,0.7912514777909136,0.7882310337710146,0.8649157115229112,1.7290437089977786,2.283247165963985,0.3013174026332637,1.0,1.0,1.0,1.1482155736717874,-6.046342417255917,0.9971767771825684,0.9936326010824578,0.9971767771825684,0.9936326010824578,0.9971767771825684,0.9936326010824578,0.9971767771825684,False,1.0,False,0.9971767771825684,0.9936326010824578
44,PSS SC-CV,13,60.0,13814,5921,13814,0.4547560445924424,0.4575240668805945,0.5424759331194055,"{""method"":""PSS SC-CV"",""n_min"":10,""noise"":0.0001,""tau"":0.95}","RH_6,RH_3,Press_mm_hg,RH_8,RH_7,RH_1,RH_9,T6,RH_2,T_out,RH_4,RH_5,Tdewpoint",78.49484008399304,0.7890559027191353,0.7860339502980471,0.8680038679242247,1.764491125009954,2.383613583049737,0.3185011389138852,1.0,1.0,1.0,1.1612278298641263,-6.3407495332657335,0.9970319965252642,0.9934734161095192,0.9970319965252642,0.9934734161095192,0.9970319965252642,0.9934734161095192,0.9970319965252642,False,1.0,False,0.9970319965252642,0.9934734161095192
44,PSS SC-CV,14,60.0,13814,5921,13814,0.4547560445924424,0.4575240668805945,0.5424759331194055,"{""method"":""PSS SC-CV"",""n_min"":10,""noise"":0.0001,""tau"":0.95}","RH_6,RH_3,Press_mm_hg,RH_8,RH_7,RH_1,RH_9,T6,RH_2,T_out,RH_4,RH_5,Tdewpoint,RH_out",78.49484008399304,0.7910825874007769,0.7879886564180925,0.8691019786910197,1.814637582981959,2.471130791993346,0.3083677942583671,1.0,1.0,1.0,1.1710012816555873,-6.768455527643409,0.99688721586796,0.9929958611907036,0.99688721586796,0.9929958611907036,0.99688721586796,0.9929958611907036,0.99688721586796,False,1.0,False,0.99688721586796,0.9929958611907036
44,PSS SC-CV,15,60.0,13814,5921,13814,0.4547560445924424,0.4575240668805945,0.5424759331194055,"{""method"":""PSS SC-CV"",""n_min"":10,""noise"":0.0001,""tau"":0.95}","RH_6,RH_3,Press_mm_hg,RH_8,RH_7,RH_1,RH_9,T6,RH_2,T_out,RH_4,RH_5,Tdewpoint,RH_out,T2",78.49484008399304,0.7959804087147442,0.7937458368328072,0.8764419096531235,1.8647862089565024,2.502311791991815,0.2981180692834169,1.0,1.0,1.0,1.182832412982468,-7.26096062794123,0.9966700448820036,0.9923591212989494,0.9966700448820036,0.9923591212989494,0.9966700448820036,0.9923591212989494,0.9966700448820036,False,1.0,False,0.9966700448820036,0.9923591212989494
44,PSS SC-CV,16,60.0,13814,5921,13814,0.4547560445924424,0.4575240668805945,0.5424759331194055,"{""method"":""PSS SC-CV"",""n_min"":10,""noise"":0.0001,""tau"":0.95}","RH_6,RH_3,Press_mm_hg,RH_8,RH_7,RH_1,RH_9,T6,RH_2,T_out,RH_4,RH_5,Tdewpoint,RH_out,T2,Visibility",78.49484008399304,0.797838203006249,0.796325276613585,0.8771820282651758,1.8250151249812916,2.325467791990377,0.2756736471981753,1.0,1.0,1.0,1.1969165819390302,-9.69732878888666,0.9965252642246996,0.9917223814071952,0.9965252642246996,0.9917223814071952,0.9965252642246996,0.9917223814071952,0.9965252642246996,False,1.0,False,0.9965252642246996,0.9917223814071952
44,PSS SC-CV,17,60.0,13814,5921,13814,0.4547560445924424,0.4575240668805945,0.5424759331194055,"{""method"":""PSS SC-CV"",""n_min"":10,""noise"":0.0001,""tau"":0.95}","RH_6,RH_3,Press_mm_hg,RH_8,RH_7,RH_1,RH_9,T6,RH_2,T_out,RH_4,RH_5,Tdewpoint,RH_out,T2,Visibility,lights",78.49484008399304,0.8123627765580138,0.8111577592702155,0.8858401518484348,1.8673005840391852,3.9164270000183024,0.2150227161160955,1.0,1.0,1.0,1.2138838518127673,-16.318123226725913,0.9962357029100912,0.991404011461318,0.9962357029100912,0.991404011461318,0.9962357029100912,0.991404011461318,0.9962357029100912,False,1.0,False,0.9962357029100912,0.991404011461318
44,PSS SC-CV,18,60.0,13814,5921,13814,0.4547560445924424,0.4575240668805945,0.5424759331194055,"{""method"":""PSS SC-CV"",""n_min"":10,""noise"":0.0001,""tau"":0.95}","RH_6,RH_3,Press_mm_hg,RH_8,RH_7,RH_1,RH_9,T6,RH_2,T_out,RH_4,RH_5,Tdewpoint,RH_out,T2,Visibility,lights,T8",78.49484008399304,0.8248606654281372,0.8218966619731194,0.894629979768559,1.7744152080267668,5.587597874982748,0.1509275723025531,1.0,1.0,1.0,1.2275816027795372,-16.606201150398157,0.9960909222527872,0.991085641515441,0.9960909222527872,0.991085641515441,0.9960909222527872,0.991085641515441,0.9960909222527872,False,1.0,False,0.9960909222527872,0.991085641515441
44,PSS SC-CV,19,60.0,13814,5921,13814,0.4547560445924424,0.4575240668805945,0.5424759331194055,"{""method"":""PSS SC-CV"",""n_min"":10,""noise"":0.0001,""tau"":0.95}","RH_6,RH_3,Press_mm_hg,RH_8,RH_7,RH_1,RH_9,T6,RH_2,T_out,RH_4,RH_5,Tdewpoint,RH_out,T2,Visibility,lights,T8,T7",78.49484008399304,0.8280695828407364,0.8253167799599784,0.8981731252358842,1.829719582980033,2.406569416052662,0.0451102998754606,1.0,1.0,1.0,1.2419519584960192,-16.868929497546855,0.9957289706095266,0.9902897166507482,0.9957289706095266,0.9902897166507482,0.9957289706095266,0.9902897166507482,0.9957289706095266,False,1.0,False,0.9957289706095266,0.9902897166507482
44,PSS SC-CV,20,60.0,13814,5921,13814,0.4547560445924424,0.4575240668805945,0.5424759331194055,"{""method"":""PSS SC-CV"",""n_min"":10,""noise"":0.0001,""tau"":0.95}","RH_6,RH_3,Press_mm_hg,RH_8,RH_7,RH_1,RH_9,T6,RH_2,T_out,RH_4,RH_5,Tdewpoint,RH_out,T2,Visibility,lights,T8,T7,T4",78.49484008399304,0.8302651579125148,0.8273693449306703,0.900321652790592,1.7729938749689609,2.2532599580008537,-0.072764270843912,1.0,1.0,1.0,1.2536434060537225,-17.18849168819412,0.9957289706095266,0.9902897166507482,0.9957289706095266,0.9902897166507482,0.9957289706095266,0.9902897166507482,0.9957289706095266,False,1.0,False,0.9957289706095266,0.9902897166507482
45,PSS SC-CV,1,60.0,13814,5921,13814,0.4554799478789634,0.4558351629792265,0.5441648370207736,"{""method"":""PSS SC-CV"",""n_min"":5,""noise"":0.0001,""tau"":0.95}",lights,84.05350779095897,0.6438101672014862,0.6206363876176407,0.6235985509956213,1.256851582962554,2.967152666009497,0.0568432282336388,5.0,0.999927609671348,0.9998410680228862,1.0182328984160578,-6.908451219718146,0.9988417547415666,0.9976160203432932,0.9986969740842624,0.9976160203432932,0.9986969740842624,0.9972081893113534,0.9986969740842624,False,5.0,False,0.9986969740842624,0.9976160203432932
45,PSS SC-CV,2,60.0,13814,5921,13814,0.4554799478789634,0.4558351629792265,0.5441648370207736,"{""method"":""PSS SC-CV"",""n_min"":5,""noise"":0.0001,""tau"":0.95}","lights,RH_6",84.05350779095897,0.6909305860496537,0.6785468282732943,0.696188658971792,2.912123291986063,2.8567911669961177,0.1571691155957868,5.0,0.9997828290140436,0.9993642720915448,1.0662804677458466,-7.363076975929665,0.9916027218763572,0.9826764144945964,0.9916027218763572,0.9826764144945964,0.9916027218763572,0.9826764144945964,0.9916027218763572,False,5.0,False,0.9916027218763572,0.9826764144945964
45,PSS SC-CV,3,60.0,13814,5921,13814,0.4554799478789634,0.4558351629792265,0.5441648370207736,"{""method"":""PSS SC-CV"",""n_min"":5,""noise"":0.0001,""tau"":0.95}","lights,RH_6,Press_mm_hg",84.05350779095897,0.7022462421888195,0.6930637804331972,0.739204510303262,2.2823318330338225,2.8395028749946505,0.392358683651433,5.0,0.9994932676994354,0.9987285441830897,1.182421818732377,-7.967818408494354,0.959823367598089,0.9124284806102988,0.9592442449688722,0.911474888747616,0.957579267409874,0.9017800381436744,0.9592442449688722,False,5.0,False,0.9592442449688722,0.911474888747616
45,PSS SC-CV,4,60.0,13814,5921,13814,0.4554799478789634,0.4558351629792265,0.5441648370207736,"{""method"":""PSS SC-CV"",""n_min"":5,""noise"":0.0001,""tau"":0.95}","lights,RH_6,Press_mm_hg,RH_8",84.05350779095897,0.7250464448572876,0.7186143153923482,0.784865489183869,1.8803801250178367,2.5443383749807253,0.2883964962059622,3.0,0.9995656580280876,0.9987285441830897,1.1996207443601783,-8.158486830957356,0.966990010134646,0.9233947870311506,0.966845229477342,0.9229179910998092,0.9660489358621688,0.9167196439923712,0.966845229477342,False,3.0,False,0.966845229477342,0.9229179910998092
45,PSS SC-CV,5,60.0,13814,5921,13814,0.4554799478789634,0.4558351629792265,0.5441648370207736,"{""method"":""PSS SC-CV"",""n_min"":5,""noise"":0.0001,""tau"":0.95}","lights,RH_6,Press_mm_hg,RH_8,T2",84.05350779095897,0.7441310589427461,0.742013790426093,0.8185070498786939,1.733811207988765,2.4794085000175983,0.2372842103122963,2.0,0.999927609671348,0.9995232040686586,1.1802317107772626,-8.873820990138105,0.9812509048791082,0.9574062301335028,0.981178514550456,0.9574062301335028,0.9806717822498914,0.9562937062937062,0.981178514550456,False,2.0,False,0.981178514550456,0.9574062301335028
45,PSS SC-CV,6,60.0,13814,5921,13814,0.4554799478789634,0.4558351629792265,0.5441648370207736,"{""method"":""PSS SC-CV"",""n_min"":5,""noise"":0.0001,""tau"":0.95}","lights,RH_6,Press_mm_hg,RH_8,T2,RH_9",84.05350779095897,0.7637223441986151,0.7610975764295533,0.835167932395128,1.76673962501809,2.5098807500326075,0.3862162361102133,2.0,0.9995656580280876,0.9989364530709918,1.2848862422235034,-9.95493154248153,0.9635152743593456,0.921646535282899,0.9634428840306934,0.92085187539733,0.9626465904155204,0.9186268277177368,0.9634428840306934,False,2.0,False,0.9634428840306934,0.92085187539733
45,PSS SC-CV,7,60.0,13814,5921,13814,0.4554799478789634,0.4558351629792265,0.5441648370207736,"{""method"":""PSS SC-CV"",""n_min"":5,""noise"":0.0001,""tau"":0.95}","lights,RH_6,Press_mm_hg,RH_8,T2,RH_9,RH_3",84.05350779095897,0.7743624387772335,0.7706936886526472,0.8481229340061806,1.9694108329713345,2.5758135829819366,0.077969083228055,1.0,1.0,1.0,1.0858462939358715,-9.235077423798458,0.9979730707977414,0.9960267005721553,0.9979730707977414,0.9960267005721553,0.9979730707977414,0.9960267005721553,0.9979730707977414,False,1.0,False,0.9979730707977414,0.9960267005721553
45,PSS SC-CV,8,60.0,13814,5921,13814,0.4554799478789634,0.4558351629792265,0.5441648370207736,"{""method"":""PSS SC-CV"",""n_min"":5,""noise"":0.0001,""tau"":0.95}","lights,RH_6,Press_mm_hg,RH_8,T2,RH_9,RH_3,T6",84.05350779095897,0.7895625738895456,0.7880280854416734,0.8652698921296229,1.5601294589578174,2.1589701250195503,0.109837209949541,1.0,1.0,1.0,1.0967800928616185,-9.61034055333512,0.9978282901404372,0.9957088366179276,0.9978282901404372,0.9957088366179276,0.9978282901404372,0.9957088366179276,0.9978282901404372,False,1.0,False,0.9978282901404372,0.9957088366179276
45,PSS SC-CV,9,60.0,13814,5921,13814,0.4554799478789634,0.4558351629792265,0.5441648370207736,"{""method"":""PSS SC-CV"",""n_min"":5,""noise"":0.0001,""tau"":0.95}","lights,RH_6,Press_mm_hg,RH_8,T2,RH_9,RH_3,T6,T_out",84.05350779095897,0.7966559702752913,0.7953276140391791,0.870444924195434,1.6992528340197168,2.209307291021105,0.1360535775457396,1.0,1.0,1.0,1.1083325731704312,-10.008762959804818,0.997683509483133,0.9950731087094724,0.997683509483133,0.9950731087094724,0.997683509483133,0.9950731087094724,0.997683509483133,False,1.0,False,0.997683509483133,0.9950731087094724
45,PSS SC-CV,10,60.0,13814,5921,13814,0.4554799478789634,0.4558351629792265,0.5441648370207736,"{""method"":""PSS SC-CV"",""n_min"":5,""noise"":0.0001,""tau"":0.95}","lights,RH_6,Press_mm_hg,RH_8,T2,RH_9,RH_3,T6,T_out,RH_4",84.05350779095897,0.799527106907617,0.7979957976941134,0.8754637957042738,1.72066041699145,2.296545832999982,0.1620209848416554,1.0,1.0,1.0,1.12157665476555,-10.360403476248102,0.9973215578398726,0.9942784488239034,0.9973215578398726,0.9942784488239034,0.9973215578398726,0.9942784488239034,0.9973215578398726,False,1.0,False,0.9973215578398726,0.9942784488239034
45,PSS SC-CV,11,60.0,13814,5921,13814,0.4554799478789634,0.4558351629792265,0.5441648370207736,"{""method"":""PSS SC-CV"",""n_min"":5,""noise"":0.0001,""tau"":0.95}","lights,RH_6,Press_mm_hg,RH_8,T2,RH_9,RH_3,T6,T_out,RH_4,RH_2",84.05350779095897,0.8064516129032258,0.8045387295430245,0.8782654862860443,1.727177541994024,2.359741124964785,0.1878963168877927,1.0,1.0,1.0,1.1356980940150414,-11.128237376624751,0.9971043868539164,0.993801652892562,0.9971043868539164,0.993801652892562,0.9971043868539164,0.993801652892562,0.9971043868539164,False,1.0,False,0.9971043868539164,0.993801652892562
45,PSS SC-CV,12,60.0,13814,5921,13814,0.4554799478789634,0.4558351629792265,0.5441648370207736,"{""method"":""PSS SC-CV"",""n_min"":5,""noise"":0.0001,""tau"":0.95}","lights,RH_6,Press_mm_hg,RH_8,T2,RH_9,RH_3,T6,T_out,RH_4,RH_2,RH_5",84.05350779095897,0.812193886167877,0.8099953795793968,0.8841196672837194,1.6728202080121264,2.254547541961074,0.2089340844982388,1.0,1.0,1.0,1.1502356293453415,-11.958709688609655,0.996814825539308,0.9933248569612206,0.996814825539308,0.9933248569612206,0.996814825539308,0.9933248569612206,0.996814825539308,False,1.0,False,0.996814825539308,0.9933248569612206
45,PSS SC-CV,13,60.0,13814,5921,13814,0.4554799478789634,0.4558351629792265,0.5441648370207736,"{""method"":""PSS SC-CV"",""n_min"":5,""noise"":0.0001,""tau"":0.95}","lights,RH_6,Press_mm_hg,RH_8,T2,RH_9,RH_3,T6,T_out,RH_4,RH_2,RH_5,Tdewpoint",84.05350779095897,0.8140516804593818,0.8117324645378694,0.8862887811174059,1.7068043749895878,2.3110668750014156,0.2283255780276469,1.0,1.0,1.0,1.1634200837757869,-12.247318118869696,0.9966700448820036,0.993006993006993,0.9966700448820036,0.993006993006993,0.9966700448820036,0.993006993006993,0.9966700448820036,False,1.0,False,0.9966700448820036,0.993006993006993
45,PSS SC-CV,14,60.0,13814,5921,13814,0.4554799478789634,0.4558351629792265,0.5441648370207736,"{""method"":""PSS SC-CV"",""n_min"":5,""noise"":0.0001,""tau"":0.95}","lights,RH_6,Press_mm_hg,RH_8,T2,RH_9,RH_3,T6,T_out,RH_4,RH_2,RH_5,Tdewpoint,RH_1",84.05350779095897,0.8172605978719811,0.8148613678330872,0.891088360886817,1.7671519169816747,2.3227982919779606,0.2463797841152466,1.0,1.0,1.0,1.178533625549052,-12.970318869264505,0.9963804835673954,0.9923712650985378,0.9963804835673954,0.9923712650985378,0.9963804835673954,0.9923712650985378,0.9963804835673954,False,1.0,False,0.9963804835673954,0.9923712650985378
45,PSS SC-CV,15,60.0,13814,5921,13814,0.4554799478789634,0.4558351629792265,0.5441648370207736,"{""method"":""PSS SC-CV"",""n_min"":5,""noise"":0.0001,""tau"":0.95}","lights,RH_6,Press_mm_hg,RH_8,T2,RH_9,RH_3,T6,T_out,RH_4,RH_2,RH_5,Tdewpoint,RH_1,RH_7",84.05350779095897,0.8199628441141699,0.8175547924616999,0.8932235517718244,1.8353795839939264,2.397677125001792,0.2537031888674743,1.0,1.0,1.0,1.190468743487209,-13.303215576216132,0.9961633125814392,0.9920534011443104,0.9961633125814392,0.9920534011443104,0.9961633125814392,0.9920534011443104,0.9961633125814392,False,1.0,False,0.9961633125814392,0.9920534011443104
45,PSS SC-CV,16,60.0,13814,5921,13814,0.4554799478789634,0.4558351629792265,0.5441648370207736,"{""method"":""PSS SC-CV"",""n_min"":5,""noise"":0.0001,""tau"":0.95}","lights,RH_6,Press_mm_hg,RH_8,T2,RH_9,RH_3,T6,T_out,RH_4,RH_2,RH_5,Tdewpoint,RH_1,RH_7,RH_out",84.05350779095897,0.8197939537240331,0.817098902529364,0.8949113047134041,1.6988071670057252,2.2603914579958655,0.247105509023898,1.0,1.0,1.0,1.2000902787434875,-13.726302661545663,0.9959461415954828,0.9914176732358552,0.9959461415954828,0.9914176732358552,0.9959461415954828,0.9914176732358552,0.9959461415954828,False,1.0,False,0.9959461415954828,0.9914176732358552
45,PSS SC-CV,17,60.0,13814,5921,13814,0.4554799478789634,0.4558351629792265,0.5441648370207736,"{""method"":""PSS SC-CV"",""n_min"":5,""noise"":0.0001,""tau"":0.95}","lights,RH_6,Press_mm_hg,RH_8,T2,RH_9,RH_3,T6,T_out,RH_4,RH_2,RH_5,Tdewpoint,RH_1,RH_7,RH_out,Visibility",84.05350779095897,0.8189495017733491,0.8167740471733674,0.8941042835139761,1.810361915966496,2.373672124987934,0.2282291559383438,1.0,1.0,1.0,1.2148037229697082,-16.184589683324287,0.9956565802808744,0.9909408773045136,0.9956565802808744,0.9909408773045136,0.9956565802808744,0.9909408773045136,0.9956565802808744,False,1.0,False,0.9956565802808744,0.9909408773045136
45,PSS SC-CV,18,60.0,13814,5921,13814,0.4554799478789634,0.4558351629792265,0.5441648370207736,"{""method"":""PSS SC-CV"",""n_min"":5,""noise"":0.0001,""tau"":0.95}","lights,RH_6,Press_mm_hg,RH_8,T2,RH_9,RH_3,T6,T_out,RH_4,RH_2,RH_5,Tdewpoint,RH_1,RH_7,RH_out,Visibility,T8",84.05350779095897,0.8371896639081237,0.8336240357545579,0.904639026478069,1.8013374580186792,2.281291040999349,0.1558105128324527,1.0,1.0,1.0,1.2283161101581666,-16.480270609049374,0.995367018966266,0.9903051493960584,0.995367018966266,0.9903051493960584,0.995367018966266,0.9903051493960584,0.995367018966266,False,1.0,False,0.995367018966266,0.9903051493960584
45,PSS SC-CV,19,60.0,13814,5921,13814,0.4554799478789634,0.4558351629792265,0.5441648370207736,"{""method"":""PSS SC-CV"",""n_min"":5,""noise"":0.0001,""tau"":0.95}","lights,RH_6,Press_mm_hg,RH_8,T2,RH_9,RH_3,T6,T_out,RH_4,RH_2,RH_5,Tdewpoint,RH_1,RH_7,RH_out,Visibility,T8,T7",84.05350779095897,0.8395541293700388,0.8361574475591461,0.9064461422017812,1.845048040966503,2.408924332994502,0.0546308907400714,1.0,1.0,1.0,1.2426760164193908,-16.737687319893343,0.9951498479803098,0.9898283534647172,0.9951498479803098,0.9898283534647172,0.9951498479803098,0.9898283534647172,0.9951498479803098,False,1.0,False,0.9951498479803098,0.9898283534647172
45,PSS SC-CV,20,60.0,13814,5921,13814,0.4554799478789634,0.4558351629792265,0.5441648370207736,"{""method"":""PSS SC-CV"",""n_min"":5,""noise"":0.0001,""tau"":0.95}","lights,RH_6,Press_mm_hg,RH_8,T2,RH_9,RH_3,T6,T_out,RH_4,RH_2,RH_5,Tdewpoint,RH_1,RH_7,RH_out,Visibility,T8,T7,T4",84.05350779095897,0.8414119236615436,0.8377141084278634,0.9078169743075636,1.784362540987786,2.2338846669881605,-0.0531702545836303,1.0,1.0,1.0,1.2542573959702343,-17.048981492150077,0.9949326769943536,0.9895104895104896,0.9949326769943536,0.9895104895104896,0.9949326769943536,0.9895104895104896,0.9949326769943536,False,1.0,False,0.9949326769943536,0.9895104895104896
46,PSS SC-CV,1,60.0,13814,5921,13814,0.4593166352975242,0.446883972301976,0.553116027698024,"{""method"":""PSS SC-CV"",""n_min"":5,""noise"":0.0001,""tau"":0.95}",lights,85.24962116702227,0.6552947137307887,0.62815103310196,0.6282826446948585,1.3056484580156391,2.7405539589817636,0.0487975917063767,5.0,0.999927609671348,0.9998423955870764,1.0184073748735325,-6.87213366410333,0.9989141450702186,0.9977239255589772,0.9986245837556104,0.9973222653635024,0.9986245837556104,0.9966903073286052,0.9986245837556104,False,5.0,False,0.9986245837556104,0.9973222653635024
46,PSS SC-CV,2,60.0,13814,5921,13814,0.4593166352975242,0.446883972301976,0.553116027698024,"{""method"":""PSS SC-CV"",""n_min"":5,""noise"":0.0001,""tau"":0.95}","lights,RH_6",85.24962116702227,0.6961661881438946,0.6814656142355161,0.7054128080409432,2.759735249972437,2.492314374947455,0.1428717981446317,5.0,0.999927609671348,0.9998423955870764,1.0657378939693094,-7.333849634708917,0.9924714058201825,0.9836658187173652,0.992181844505574,0.9833980452537152,0.9918922831909656,0.9821930646672916,0.992181844505574,False,5.0,False,0.992181844505574,0.9833980452537152
46,PSS SC-CV,3,60.0,13814,5921,13814,0.4593166352975242,0.446883972301976,0.553116027698024,"{""method"":""PSS SC-CV"",""n_min"":5,""noise"":0.0001,""tau"":0.95}","lights,RH_6,RH_8",85.24962116702227,0.7015706806282722,0.692774921673504,0.7492060030118917,2.2327204999746755,3.062990041973535,0.3481830302203113,5.0,0.9996380483567396,0.9970544918998528,1.176769168232755,-7.9214922122553215,0.9605472708846098,0.9150512214342,0.9603300998986536,0.9137903861308116,0.9571449254379616,0.908274231678487,0.9603300998986536,False,5.0,False,0.9603300998986536,0.9137903861308116
46,PSS SC-CV,4,60.0,13814,5921,13814,0.4593166352975242,0.446883972301976,0.553116027698024,"{""method"":""PSS SC-CV"",""n_min"":5,""noise"":0.0001,""tau"":0.95}","lights,RH_6,RH_8,Press_mm_hg",85.24962116702227,0.7199797331531835,0.7127550731912782,0.7773630945168568,1.9011755409883335,2.4819485830375925,0.2681610797910352,3.0,0.9997104386853916,0.9988967691095352,1.2016644533519427,-8.153787192303799,0.9666280584913856,0.9334909377462568,0.9662661068481252,0.9333333333333332,0.9651802519183436,0.9281323877068558,0.9662661068481252,False,3.0,False,0.9662661068481252,0.9333333333333332
46,PSS SC-CV,5,60.0,13814,5921,13814,0.4593166352975242,0.446883972301976,0.553116027698024,"{""method"":""PSS SC-CV"",""n_min"":5,""noise"":0.0001,""tau"":0.95}","lights,RH_6,RH_8,Press_mm_hg,RH_9",85.24962116702227,0.7318020604627596,0.7279061005233306,0.7964391592090612,1.8398270410252735,2.4830674579716288,0.234264952973481,2.0,0.9997104386853916,0.9990543735224586,1.1871526182854324,-8.918528768531356,0.9790791950195454,0.9555555555555556,0.9790068046908932,0.955397951142632,0.9782829014043724,0.9546099290780142,0.9790068046908932,False,2.0,False,0.9790068046908932,0.955397951142632
46,PSS SC-CV,6,60.0,13814,5921,13814,0.4593166352975242,0.446883972301976,0.553116027698024,"{""method"":""PSS SC-CV"",""n_min"":5,""noise"":0.0001,""tau"":0.95}","lights,RH_6,RH_8,Press_mm_hg,RH_9,T4",85.24962116702227,0.7507177841580814,0.748634609059909,0.8195576788815611,1.7330367909744382,2.3987743749748915,0.3861872517421894,2.0,0.999203706384827,0.9975900388271522,1.3084681003412764,-9.790205227890972,0.959823367598089,0.9164696611505122,0.9596061966121326,0.9161544523246652,0.9588822933256116,0.9142631993695824,0.9596061966121326,False,2.0,False,0.9596061966121326,0.9161544523246652
46,PSS SC-CV,7,60.0,13814,5921,13814,0.4593166352975242,0.446883972301976,0.553116027698024,"{""method"":""PSS SC-CV"",""n_min"":5,""noise"":0.0001,""tau"":0.95}","lights,RH_6,RH_8,Press_mm_hg,RH_9,T4,T6",85.24962116702227,0.7642290153690255,0.7657478665766562,0.842332312059684,1.729195832973346,2.3265260419575498,0.0151083221035168,1.0,1.0,1.0,1.0798077106307893,-8.899089468216768,0.9987693644129144,0.9975900388271522,0.9987693644129144,0.9975900388271522,0.9987693644129144,0.9975900388271522,0.9987693644129144,False,1.0,False,0.9987693644129144,0.9975900388271522
46,PSS SC-CV,8,60.0,13814,5921,13814,0.4593166352975242,0.446883972301976,0.553116027698024,"{""method"":""PSS SC-CV"",""n_min"":5,""noise"":0.0001,""tau"":0.95}","lights,RH_6,RH_8,Press_mm_hg,RH_9,T4,T6,RH_2",85.24962116702227,0.7716601925350448,0.7715218131357717,0.8534651180234604,1.6284515840234235,3.5151105410186574,0.0416519760436138,1.0,1.0,1.0,1.0934912065255278,-9.670708057887492,0.998479803098306,0.997163120567376,0.998479803098306,0.997163120567376,0.998479803098306,0.997163120567376,0.998479803098306,False,1.0,False,0.998479803098306,0.997163120567376
46,PSS SC-CV,9,60.0,13814,5921,13814,0.4593166352975242,0.446883972301976,0.553116027698024,"{""method"":""PSS SC-CV"",""n_min"":5,""noise"":0.0001,""tau"":0.95}","lights,RH_6,RH_8,Press_mm_hg,RH_9,T4,T6,RH_2,T_out",85.24962116702227,0.7802736024320216,0.7798887561810135,0.8571241626421561,1.7604363749851473,2.2240504170185886,0.0679741331973051,1.0,1.0,1.0,1.1050356461424975,-10.063497383537785,0.998335022441002,0.9966903073286052,0.998335022441002,0.9966903073286052,0.998335022441002,0.9966903073286052,0.998335022441002,False,1.0,False,0.998335022441002,0.9966903073286052
46,PSS SC-CV,10,60.0,13814,5921,13814,0.4593166352975242,0.446883972301976,0.553116027698024,"{""method"":""PSS SC-CV"",""n_min"":5,""noise"":0.0001,""tau"":0.95}","lights,RH_6,RH_8,Press_mm_hg,RH_9,T4,T6,RH_2,T_out,RH_3",85.24962116702227,0.7863536564769464,0.7850945976354919,0.8654196742310155,1.6817362080328166,2.27049387502484,0.0937862964451863,1.0,1.0,1.0,1.1202412851490222,-10.610912340593018,0.9981178514550456,0.9962174940898344,0.9981178514550456,0.9962174940898344,0.9981178514550456,0.9962174940898344,0.9981178514550456,False,1.0,False,0.9981178514550456,0.9962174940898344
46,PSS SC-CV,11,60.0,13814,5921,13814,0.4593166352975242,0.446883972301976,0.553116027698024,"{""method"":""PSS SC-CV"",""n_min"":5,""noise"":0.0001,""tau"":0.95}","lights,RH_6,RH_8,Press_mm_hg,RH_9,T4,T6,RH_2,T_out,RH_3,RH_4",85.24962116702227,0.7914203681810505,0.7905094828431797,0.8695790852388453,1.7581505000125617,2.309154957998544,0.1143112391373506,1.0,1.0,1.0,1.1336440251144062,-10.945992940138842,0.9979006804690892,0.9957446808510638,0.9979006804690892,0.9957446808510638,0.9979006804690892,0.9957446808510638,0.9979006804690892,False,1.0,False,0.9979006804690892,0.9957446808510638
46,PSS SC-CV,12,60.0,13814,5921,13814,0.4593166352975242,0.446883972301976,0.553116027698024,"{""method"":""PSS SC-CV"",""n_min"":5,""noise"":0.0001,""tau"":0.95}","lights,RH_6,RH_8,Press_mm_hg,RH_9,T4,T6,RH_2,T_out,RH_3,RH_4,RH_1",85.24962116702227,0.7985137645667961,0.7968854038646842,0.8778409005671819,1.6254257090040485,2.1844780420069583,0.1334749367298631,1.0,1.0,1.0,1.147756250839131,-11.598638734690333,0.9978282901404372,0.9955870764381404,0.9978282901404372,0.9955870764381404,0.9978282901404372,0.9955870764381404,0.9978282901404372,False,1.0,False,0.9978282901404372,0.9955870764381404
46,PSS SC-CV,13,60.0,13814,5921,13814,0.4593166352975242,0.446883972301976,0.553116027698024,"{""method"":""PSS SC-CV"",""n_min"":5,""noise"":0.0001,""tau"":0.95}","lights,RH_6,RH_8,Press_mm_hg,RH_9,T4,T6,RH_2,T_out,RH_3,RH_4,RH_1,RH_out",85.24962116702227,0.8002026684681641,0.7984484141408896,0.8827510919550179,1.7623213329934515,2.272798082965892,0.1511532013893788,1.0,1.0,1.0,1.1575530085808388,-12.009494628613208,0.997611119154481,0.9952718676122932,0.997611119154481,0.9952718676122932,0.997611119154481,0.9952718676122932,0.997611119154481,False,1.0,False,0.997611119154481,0.9952718676122932
46,PSS SC-CV,14,60.0,13814,5921,13814,0.4593166352975242,0.446883972301976,0.553116027698024,"{""method"":""PSS SC-CV"",""n_min"":5,""noise"":0.0001,""tau"":0.95}","lights,RH_6,RH_8,Press_mm_hg,RH_9,T4,T6,RH_2,T_out,RH_3,RH_4,RH_1,RH_out,Tdewpoint",85.24962116702227,0.8005404492484378,0.799007806685015,0.8829024943310658,1.7524469579802826,2.341848124982789,0.168702519103574,1.0,1.0,1.0,1.1704077647995488,-12.294767738440392,0.9974663384971768,0.9951142631993696,0.9974663384971768,0.9951142631993696,0.9974663384971768,0.9951142631993696,0.9974663384971768,False,1.0,False,0.9974663384971768,0.9951142631993696
46,PSS SC-CV,15,60.0,13814,5921,13814,0.4593166352975242,0.446883972301976,0.553116027698024,"{""method"":""PSS SC-CV"",""n_min"":5,""noise"":0.0001,""tau"":0.95}","lights,RH_6,RH_8,Press_mm_hg,RH_9,T4,T6,RH_2,T_out,RH_3,RH_4,RH_1,RH_out,Tdewpoint,RH_5",85.24962116702227,0.8130383381185611,0.8111402491446111,0.888217271641481,1.835080332995858,2.4051710829953663,0.1853713164970702,1.0,1.0,1.0,1.1848254339408253,-13.1163586926312,0.9973215578398726,0.994956658786446,0.9973215578398726,0.994956658786446,0.9973215578398726,0.994956658786446,0.9973215578398726,False,1.0,False,0.9973215578398726,0.994956658786446
46,PSS SC-CV,16,60.0,13814,5921,13814,0.4593166352975242,0.446883972301976,0.553116027698024,"{""method"":""PSS SC-CV"",""n_min"":5,""noise"":0.0001,""tau"":0.95}","lights,RH_6,RH_8,Press_mm_hg,RH_9,T4,T6,RH_2,T_out,RH_3,RH_4,RH_1,RH_out,Tdewpoint,RH_5,T2",85.24962116702227,0.8174294882621179,0.8156178128588161,0.8922543606076867,1.774103500007186,2.2347453749971464,0.1979622747182094,1.0,1.0,1.0,1.196725138873155,-13.573787704343893,0.9971043868539164,0.9944838455476752,0.9971043868539164,0.9944838455476752,0.9971043868539164,0.9944838455476752,0.9971043868539164,False,1.0,False,0.9971043868539164,0.9944838455476752
46,PSS SC-CV,17,60.0,13814,5921,13814,0.4593166352975242,0.446883972301976,0.553116027698024,"{""method"":""PSS SC-CV"",""n_min"":5,""noise"":0.0001,""tau"":0.95}","lights,RH_6,RH_8,Press_mm_hg,RH_9,T4,T6,RH_2,T_out,RH_3,RH_4,RH_1,RH_out,Tdewpoint,RH_5,T2,RH_7",85.24962116702227,0.8160783651410235,0.8137794625908039,0.8937910024060514,1.8474946249625648,2.269075166026596,0.2077648092575028,1.0,1.0,1.0,1.2086429540791774,-13.907059620860371,0.9969596061966122,0.9943262411347518,0.9969596061966122,0.9943262411347518,0.9969596061966122,0.9943262411347518,0.9969596061966122,False,1.0,False,0.9969596061966122,0.9943262411347518
46,PSS SC-CV,18,60.0,13814,5921,13814,0.4593166352975242,0.446883972301976,0.553116027698024,"{""method"":""PSS SC-CV"",""n_min"":5,""noise"":0.0001,""tau"":0.95}","lights,RH_6,RH_8,Press_mm_hg,RH_9,T4,T6,RH_2,T_out,RH_3,RH_4,RH_1,RH_out,Tdewpoint,RH_5,T2,RH_7,Visibility",85.24962116702227,0.8179361594325283,0.8162572917207596,0.8936195207514729,1.867339584045112,2.310075874964241,0.1904556885413555,1.0,1.0,1.0,1.22230136355588,-16.39703571485609,0.9965252642246996,0.9939750970678806,0.9965252642246996,0.9939750970678806,0.9965252642246996,0.9939750970678806,0.9965252642246996,False,1.0,False,0.9965252642246996,0.9939750970678806
46,PSS SC-CV,19,60.0,13814,5921,13814,0.4593166352975242,0.446883972301976,0.553116027698024,"{""method"":""PSS SC-CV"",""n_min"":5,""noise"":0.0001,""tau"":0.95}","lights,RH_6,RH_8,Press_mm_hg,RH_9,T4,T6,RH_2,T_out,RH_3,RH_4,RH_1,RH_out,Tdewpoint,RH_5,T2,RH_7,Visibility,T8",85.24962116702227,0.83262962337443,0.8279065621159405,0.9037652109189732,1.8590982090099717,2.379003082984127,0.114875868649765,1.0,1.0,1.0,1.236268178054316,-16.681206267948465,0.9963804835673954,0.993573436872406,0.9963804835673954,0.993573436872406,0.9963804835673954,0.993573436872406,0.9963804835673954,False,1.0,False,0.9963804835673954,0.993573436872406
46,PSS SC-CV,20,60.0,13814,5921,13814,0.4593166352975242,0.446883972301976,0.553116027698024,"{""method"":""PSS SC-CV"",""n_min"":5,""noise"":0.0001,""tau"":0.95}","lights,RH_6,RH_8,Press_mm_hg,RH_9,T4,T6,RH_2,T_out,RH_3,RH_4,RH_1,RH_out,Tdewpoint,RH_5,T2,RH_7,Visibility,T8,T7",85.24962116702227,0.83262962337443,0.828378367462337,0.9043925152758304,1.7690245830453932,2.2225872920244,-0.0010291625803304,1.0,1.0,1.0,1.25101717515218,-16.928140948674944,0.9960909222527872,0.9930654058313632,0.9960909222527872,0.9930654058313632,0.9960909222527872,0.9930654058313632,0.9960909222527872,False,1.0,False,0.9960909222527872,0.9930654058313632
