setting,family,n,d,rep,ell,roles,archived_estimate,canonical_estimate,estimate_abs_difference,coverage_exact_match,cell_count_fields_match,mass_abs_difference,mass_relative_difference,passed
ridge_medium_n1000_d2,ridge_medium,1000,2,0,1,no_partition;full_coverage_rmse_oracle,-0.06930955704188155,-0.0693095570418815,4.163336342344337e-17,True,True,0.0,0.0,True
ridge_medium_n1000_d2,ridge_medium,1000,2,0,2,fixed_delta_bound,-0.22029033433700806,-0.22029033433700804,2.7755575615628914e-17,True,True,6.661338147750939e-16,5.90540751808838e-16,True
ridge_medium_n1000_d2,ridge_medium,1000,2,99,1,no_partition;full_coverage_rmse_oracle,-0.07641689137047476,-0.07641689137047473,2.7755575615628914e-17,True,True,4.440892098500626e-16,4.172678169942164e-16,True
ridge_medium_n1000_d2,ridge_medium,1000,2,99,2,fixed_delta_bound,-0.22669384326674374,-0.22669384326674402,2.7755575615628914e-16,True,True,0.0,0.0,True
ridge_medium_n3000_d2,ridge_medium,3000,2,0,1,no_partition,-0.03695601617003784,-0.0369560161700379,6.245004513516506e-17,True,True,1.9984014443252818e-15,1.933300984433959e-15,True
ridge_medium_n3000_d2,ridge_medium,3000,2,0,2,fixed_delta_bound;full_coverage_rmse_oracle,-0.13571412938882174,-0.13571412938882166,8.326672684688674e-17,True,True,8.881784197001252e-16,8.298504206739941e-16,True
ridge_medium_n3000_d2,ridge_medium,3000,2,99,1,no_partition,-0.03771611948925411,-0.03771611948925408,2.7755575615628914e-17,True,True,2.220446049250313e-15,2.138119799112384e-15,True
ridge_medium_n3000_d2,ridge_medium,3000,2,99,2,fixed_delta_bound;full_coverage_rmse_oracle,-0.13779515712378534,-0.13779515712378518,1.6653345369377348e-16,True,True,0.0,0.0,True
ridge_medium_n10000_d2,ridge_medium,10000,2,0,1,no_partition;sensitivity_all_saved_candidates,-0.0206910001992794,-0.020691000199279386,1.3877787807814457e-17,True,True,2.4424906541753444e-15,2.394010361971121e-15,True
ridge_medium_n10000_d2,ridge_medium,10000,2,0,2,fixed_delta_bound;full_coverage_rmse_oracle;sensitivity_all_saved_candidates,-0.10580485738404989,-0.10580485738404972,1.6653345369377348e-16,True,True,6.661338147750939e-16,6.414362827548587e-16,True
ridge_medium_n10000_d2,ridge_medium,10000,2,0,3,sensitivity_all_saved_candidates,-0.19039824649030665,-0.19039824649030615,4.996003610813204e-16,True,True,6.661338147750939e-16,6.290291040827032e-16,True
ridge_medium_n10000_d2,ridge_medium,10000,2,0,4,sensitivity_all_saved_candidates,-0.21407538103794546,-0.2140753810379461,6.38378239159465e-16,True,True,0.0,0.0,True
ridge_medium_n10000_d2,ridge_medium,10000,2,0,5,sensitivity_all_saved_candidates,-0.2431962238406005,-0.24319622384059966,8.326672684688674e-16,True,True,4.440892098500626e-16,4.038293363873312e-16,True
ridge_medium_n10000_d2,ridge_medium,10000,2,0,6,sensitivity_all_saved_candidates,-0.2696130193545385,-0.2696130193545377,8.326672684688674e-16,True,True,4.440892098500626e-16,3.981134439785219e-16,True
ridge_medium_n10000_d2,ridge_medium,10000,2,0,7,sensitivity_all_saved_candidates,-0.29314235096153274,-0.2931423509615334,6.661338147750939e-16,True,True,2.220446049250313e-16,1.9571060722735707e-16,True
ridge_medium_n10000_d2,ridge_medium,10000,2,0,8,sensitivity_all_saved_candidates,-0.3176282487762756,-0.31762824877627654,9.43689570931383e-16,True,True,2.220446049250313e-16,1.9299356614425042e-16,True
ridge_medium_n10000_d2,ridge_medium,10000,2,0,9,sensitivity_all_saved_candidates,-0.3445680008674186,-0.3445680008674189,2.7755575615628914e-16,True,True,2.220446049250313e-16,1.8951247524638182e-16,True
ridge_medium_n10000_d2,ridge_medium,10000,2,0,10,sensitivity_all_saved_candidates,-0.3733407021307039,-0.37334070213070336,5.551115123125783e-16,True,True,2.220446049250313e-16,1.86125424084721e-16,True
ridge_medium_n10000_d2,ridge_medium,10000,2,0,11,sensitivity_all_saved_candidates,-0.3990329305914986,-0.39903293059149914,5.551115123125783e-16,True,True,2.220446049250313e-16,1.8318154922663757e-16,True
ridge_medium_n10000_d2,ridge_medium,10000,2,0,12,sensitivity_all_saved_candidates,-0.42958942132798666,-0.42958942132798555,1.1102230246251565e-15,True,True,2.220446049250313e-16,1.8102235771361547e-16,True
ridge_medium_n10000_d2,ridge_medium,10000,2,0,13,sensitivity_all_saved_candidates,-0.4644698079309667,-0.464469807930969,2.275957200481571e-15,True,True,2.220446049250313e-16,1.7810162461591117e-16,True
ridge_medium_n10000_d2,ridge_medium,10000,2,0,14,sensitivity_all_saved_candidates,-0.4934790659529003,-0.49347906595290086,5.551115123125783e-16,True,True,2.220446049250313e-16,1.7529832010041188e-16,True
ridge_medium_n10000_d2,ridge_medium,10000,2,0,15,sensitivity_all_saved_candidates,-0.534179779812434,-0.5341797798124329,1.1102230246251565e-15,True,True,2.220446049250313e-16,1.7269927390326755e-16,True
ridge_medium_n10000_d2,ridge_medium,10000,2,0,16,sensitivity_all_saved_candidates,-0.5594932508969811,-0.5594932508969825,1.4432899320127035e-15,True,True,0.0,0.0,True
ridge_medium_n10000_d2,ridge_medium,10000,2,0,17,sensitivity_all_saved_candidates,-0.5959133912748269,-0.5959133912748259,9.992007221626409e-16,True,True,4.440892098500626e-16,3.375356232707605e-16,True
ridge_medium_n10000_d2,ridge_medium,10000,2,0,18,sensitivity_all_saved_candidates,-0.6265381954906605,-0.6265381954906607,2.220446049250313e-16,True,True,2.220446049250313e-16,1.6577326532183928e-16,True
ridge_medium_n10000_d2,ridge_medium,10000,2,0,19,sensitivity_all_saved_candidates,-0.6641347479980868,-0.6641347479980867,1.1102230246251565e-16,True,True,2.220446049250313e-16,1.6360842231595086e-16,True
ridge_medium_n10000_d2,ridge_medium,10000,2,0,20,sensitivity_all_saved_candidates,-0.701076395423889,-0.7010763954238886,4.440892098500626e-16,True,True,2.220446049250313e-16,1.619032850256364e-16,True
ridge_medium_n10000_d2,ridge_medium,10000,2,0,21,sensitivity_all_saved_candidates,-0.7442270020273936,-0.7442270020273959,2.3314683517128287e-15,True,True,0.0,0.0,True
ridge_medium_n10000_d2,ridge_medium,10000,2,0,22,sensitivity_all_saved_candidates,-0.787213433353929,-0.7872134333539298,7.771561172376096e-16,True,True,2.220446049250313e-16,1.5787459833696463e-16,True
ridge_medium_n10000_d2,ridge_medium,10000,2,0,23,sensitivity_all_saved_candidates,-0.830713945776283,-0.8307139457762838,7.771561172376096e-16,True,True,4.440892098500626e-16,3.13025104195256e-16,True
ridge_medium_n10000_d2,ridge_medium,10000,2,0,24,sensitivity_all_saved_candidates,-0.8705186533545737,-0.8705186533545751,1.4432899320127035e-15,True,True,0.0,0.0,True
ridge_medium_n10000_d2,ridge_medium,10000,2,0,25,sensitivity_all_saved_candidates,-0.9036836809954896,-0.9036836809954891,4.440892098500626e-16,True,True,0.0,0.0,True
ridge_medium_n10000_d2,ridge_medium,10000,2,0,26,sensitivity_all_saved_candidates,-0.9601601466729173,-0.9601601466729184,1.1102230246251565e-15,True,True,0.0,0.0,True
ridge_medium_n10000_d2,ridge_medium,10000,2,0,27,sensitivity_all_saved_candidates,-0.9972940410847125,-0.9972940410847123,2.220446049250313e-16,True,True,0.0,0.0,True
ridge_medium_n10000_d2,ridge_medium,10000,2,0,28,sensitivity_all_saved_candidates,-1.0426396078409634,-1.0426396078409632,2.220446049250313e-16,True,True,4.440892098500626e-16,2.9717221211029453e-16,True
ridge_medium_n10000_d2,ridge_medium,10000,2,0,29,sensitivity_all_saved_candidates,-1.0970095366595274,-1.0970095366595238,3.552713678800501e-15,True,True,0.0,0.0,True
ridge_medium_n10000_d2,ridge_medium,10000,2,0,30,sensitivity_all_saved_candidates,-1.1456393186022154,-1.1456393186022156,2.220446049250313e-16,True,True,2.220446049250313e-16,1.4558636595427594e-16,True
ridge_medium_n10000_d2,ridge_medium,10000,2,0,31,sensitivity_all_saved_candidates,-1.1880746556306852,-1.1880746556306798,5.329070518200751e-15,True,True,2.220446049250313e-16,1.45054823645859e-16,True
ridge_medium_n10000_d2,ridge_medium,10000,2,0,32,sensitivity_all_saved_candidates,-1.2451572504876012,-1.2451572504876034,2.220446049250313e-15,True,True,0.0,0.0,True
ridge_medium_n10000_d2,ridge_medium,10000,2,0,33,sensitivity_all_saved_candidates,-1.2852488361645626,-1.2852488361645624,2.220446049250313e-16,True,True,4.440892098500626e-16,2.837960594541107e-16,True
ridge_medium_n10000_d2,ridge_medium,10000,2,0,34,sensitivity_all_saved_candidates,-1.3398200452828335,-1.339820045282828,5.551115123125783e-15,True,True,2.220446049250313e-16,1.4199567803437749e-16,True
ridge_medium_n10000_d2,ridge_medium,10000,2,0,35,sensitivity_all_saved_candidates,-1.3951256811865087,-1.3951256811865111,2.4424906541753444e-15,True,True,4.440892098500626e-16,2.8036709515698745e-16,True
ridge_medium_n10000_d2,ridge_medium,10000,2,99,1,no_partition,-0.021395957324048025,-0.021395957324048018,6.938893903907228e-18,True,True,2.220446049250313e-15,2.1769378335857347e-15,True
ridge_medium_n10000_d2,ridge_medium,10000,2,99,2,fixed_delta_bound;full_coverage_rmse_oracle,-0.10394810829398989,-0.10394810829399005,1.6653345369377348e-16,True,True,2.220446049250313e-16,2.1350263126028927e-16,True
ridge_medium_n30000_d2,ridge_medium,30000,2,0,1,no_partition,-0.0120763952979302,-0.012076395297930184,1.5612511283791264e-17,True,True,2.220446049250313e-16,2.1952558947695105e-16,True
ridge_medium_n30000_d2,ridge_medium,30000,2,0,2,fixed_delta_bound,-0.08505456750318233,-0.08505456750318179,5.412337245047638e-16,True,True,1.1102230246251565e-15,1.0852759937686777e-15,True
ridge_medium_n30000_d2,ridge_medium,30000,2,0,3,full_coverage_rmse_oracle,-0.15628626728137288,-0.1562862672813736,7.216449660063518e-16,True,True,0.0,0.0,True
ridge_medium_n30000_d2,ridge_medium,30000,2,99,1,no_partition,-0.010870920602568312,-0.010870920602568352,3.9898639947466563e-17,True,True,4.440892098500626e-16,4.389757097923392e-16,True
ridge_medium_n30000_d2,ridge_medium,30000,2,99,2,fixed_delta_bound,-0.0854915344345334,-0.08549153443453279,6.106226635438361e-16,True,True,4.440892098500626e-16,4.3405925745316546e-16,True
ridge_medium_n30000_d2,ridge_medium,30000,2,99,3,full_coverage_rmse_oracle,-0.15723425537920038,-0.15723425537920055,1.6653345369377348e-16,True,True,2.220446049250313e-16,2.1475475125903504e-16,True
ridge_medium_n100000_d2,ridge_medium,100000,2,0,1,no_partition;sensitivity_all_saved_candidates,-0.006734210552531788,-0.006734210552531849,6.158268339717665e-17,True,True,2.220446049250313e-16,2.2065026538577852e-16,True
ridge_medium_n100000_d2,ridge_medium,100000,2,0,2,sensitivity_all_saved_candidates,-0.07535420115354996,-0.07535420115354927,6.938893903907228e-16,True,True,6.661338147750939e-16,6.57930946651784e-16,True
ridge_medium_n100000_d2,ridge_medium,100000,2,0,3,fixed_delta_bound;full_coverage_rmse_oracle;sensitivity_all_saved_candidates,-0.14164267218909202,-0.14164267218909235,3.3306690738754696e-16,True,True,2.220446049250313e-16,2.1792664518071513e-16,True
ridge_medium_n100000_d2,ridge_medium,100000,2,0,4,sensitivity_all_saved_candidates,-0.15162627944352075,-0.15162627944352197,1.2212453270876722e-15,True,True,2.220446049250313e-16,2.1667592578074212e-16,True
ridge_medium_n100000_d2,ridge_medium,100000,2,0,5,sensitivity_all_saved_candidates,-0.16318730960401773,-0.16318730960401673,9.992007221626409e-16,True,True,4.440892098500626e-16,4.3072653628988504e-16,True
ridge_medium_n100000_d2,ridge_medium,100000,2,0,6,sensitivity_all_saved_candidates,-0.17031551962729588,-0.17031551962729488,9.992007221626409e-16,True,True,0.0,0.0,True
ridge_medium_n100000_d2,ridge_medium,100000,2,0,7,sensitivity_all_saved_candidates,-0.17734595811310297,-0.17734595811310336,3.885780586188048e-16,True,True,2.220446049250313e-16,2.129823335267949e-16,True
ridge_medium_n100000_d2,ridge_medium,100000,2,0,8,sensitivity_all_saved_candidates,-0.18385666122994987,-0.18385666122994837,1.4988010832439613e-15,True,True,2.220446049250313e-16,2.116578601474996e-16,True
ridge_medium_n100000_d2,ridge_medium,100000,2,0,9,sensitivity_all_saved_candidates,-0.19179862753588214,-0.1917986275358853,3.164135620181696e-15,True,True,2.220446049250313e-16,2.1032813329119408e-16,True
ridge_medium_n100000_d2,ridge_medium,100000,2,0,10,sensitivity_all_saved_candidates,-0.19799665159063973,-0.1979966515906391,6.38378239159465e-16,True,True,2.220446049250313e-16,2.0916760984354762e-16,True
ridge_medium_n100000_d2,ridge_medium,100000,2,0,11,sensitivity_all_saved_candidates,-0.2058516227070902,-0.20585162270709093,7.216449660063518e-16,True,True,4.440892098500626e-16,4.1596542497915264e-16,True
ridge_medium_n100000_d2,ridge_medium,100000,2,0,12,sensitivity_all_saved_candidates,-0.21252037735330195,-0.21252037735330073,1.2212453270876722e-15,True,True,4.440892098500626e-16,4.1359797151080193e-16,True
ridge_medium_n100000_d2,ridge_medium,100000,2,0,13,sensitivity_all_saved_candidates,-0.21974523757901276,-0.2197452375790144,1.6375789613221059e-15,True,True,0.0,0.0,True
ridge_medium_n100000_d2,ridge_medium,100000,2,0,14,sensitivity_all_saved_candidates,-0.22722823572793077,-0.22722823572793,7.771561172376096e-16,True,True,4.440892098500626e-16,4.0937309755245355e-16,True
ridge_medium_n100000_d2,ridge_medium,100000,2,0,15,sensitivity_all_saved_candidates,-0.2344648439963207,-0.23446484399632317,2.4702462297909733e-15,True,True,6.661338147750939e-16,6.10375025551974e-16,True
ridge_medium_n100000_d2,ridge_medium,100000,2,0,16,sensitivity_all_saved_candidates,-0.2414540707414192,-0.2414540707414168,2.3869795029440866e-15,True,True,0.0,0.0,True
ridge_medium_n100000_d2,ridge_medium,100000,2,0,17,sensitivity_all_saved_candidates,-0.24948934830630048,-0.2494893483062992,1.27675647831893e-15,True,True,0.0,0.0,True
ridge_medium_n100000_d2,ridge_medium,100000,2,0,18,sensitivity_all_saved_candidates,-0.2568715998786239,-0.25687159987861996,3.941291737419306e-15,True,True,0.0,0.0,True
ridge_medium_n100000_d2,ridge_medium,100000,2,0,19,sensitivity_all_saved_candidates,-0.2646314432339882,-0.26463144323399074,2.55351295663786e-15,True,True,0.0,0.0,True
ridge_medium_n100000_d2,ridge_medium,100000,2,0,20,sensitivity_all_saved_candidates,-0.2717320534719629,-0.27173205347196033,2.55351295663786e-15,True,True,2.220446049250313e-16,1.9796959490872794e-16,True
ridge_medium_n100000_d2,ridge_medium,100000,2,0,21,sensitivity_all_saved_candidates,-0.2796241136788207,-0.27962411367881634,4.3298697960381105e-15,True,True,2.220446049250313e-16,1.9687463856322403e-16,True
ridge_medium_n100000_d2,ridge_medium,100000,2,0,22,sensitivity_all_saved_candidates,-0.28827081750853095,-0.2882708175085317,7.216449660063518e-16,True,True,2.220446049250313e-16,1.9587373040839337e-16,True
ridge_medium_n100000_d2,ridge_medium,100000,2,0,23,sensitivity_all_saved_candidates,-0.2959383294792299,-0.29593832947922527,4.6074255521944e-15,True,True,2.220446049250313e-16,1.9483087822242823e-16,True
ridge_medium_n100000_d2,ridge_medium,100000,2,0,24,sensitivity_all_saved_candidates,-0.30293108599975954,-0.3029310859997645,4.9404924595819466e-15,True,True,2.220446049250313e-16,1.9366854335826527e-16,True
ridge_medium_n100000_d2,ridge_medium,100000,2,0,25,sensitivity_all_saved_candidates,-0.3121692828385309,-0.3121692828385377,6.772360450213455e-15,True,True,0.0,0.0,True
ridge_medium_n100000_d2,ridge_medium,100000,2,0,26,sensitivity_all_saved_candidates,-0.3211547780530348,-0.3211547780530355,7.216449660063518e-16,True,True,2.220446049250313e-16,1.916338682615852e-16,True
ridge_medium_n100000_d2,ridge_medium,100000,2,0,27,sensitivity_all_saved_candidates,-0.3290105616550725,-0.3290105616550686,3.885780586188048e-15,True,True,2.220446049250313e-16,1.9084706775466439e-16,True
ridge_medium_n100000_d2,ridge_medium,100000,2,0,28,sensitivity_all_saved_candidates,-0.33649160943279655,-0.3364916094327966,5.551115123125783e-17,True,True,2.220446049250313e-16,1.9004890229416482e-16,True
ridge_medium_n100000_d2,ridge_medium,100000,2,0,29,sensitivity_all_saved_candidates,-0.3457170389804308,-0.34571703898042977,1.0547118733938987e-15,True,True,2.220446049250313e-16,1.889149353868358e-16,True
ridge_medium_n100000_d2,ridge_medium,100000,2,0,30,sensitivity_all_saved_candidates,-0.35341434628894036,-0.35341434628893587,4.496403249731884e-15,True,True,2.220446049250313e-16,1.878330801817261e-16,True
ridge_medium_n100000_d2,ridge_medium,100000,2,0,31,sensitivity_all_saved_candidates,-0.363005656847618,-0.3630056568476181,1.1102230246251565e-16,True,True,2.220446049250313e-16,1.8687982019470606e-16,True
ridge_medium_n100000_d2,ridge_medium,100000,2,0,32,sensitivity_all_saved_candidates,-0.3712776838510629,-0.3712776838510644,1.4988010832439613e-15,True,True,0.0,0.0,True
ridge_medium_n100000_d2,ridge_medium,100000,2,0,33,sensitivity_all_saved_candidates,-0.38029844038799027,-0.3802984403879919,1.609823385706477e-15,True,True,0.0,0.0,True
ridge_medium_n100000_d2,ridge_medium,100000,2,0,34,sensitivity_all_saved_candidates,-0.39073458312515535,-0.3907345831251527,2.6645352591003757e-15,True,True,0.0,0.0,True
ridge_medium_n100000_d2,ridge_medium,100000,2,0,35,sensitivity_all_saved_candidates,-0.4002861410440716,-0.40028614104406746,4.163336342344337e-15,True,True,6.661338147750939e-16,5.501796066587437e-16,True
ridge_medium_n100000_d2,ridge_medium,100000,2,0,36,sensitivity_all_saved_candidates,-0.40906278409611097,-0.40906278409611446,3.497202527569243e-15,True,True,2.220446049250313e-16,1.8238351963431872e-16,True
ridge_medium_n100000_d2,ridge_medium,100000,2,0,37,sensitivity_all_saved_candidates,-0.42012789634241027,-0.4201278963424115,1.2212453270876722e-15,True,True,0.0,0.0,True
ridge_medium_n100000_d2,ridge_medium,100000,2,0,38,sensitivity_all_saved_candidates,-0.42843302233676334,-0.4284330223367665,3.164135620181696e-15,True,True,8.881784197001252e-16,7.225083213112064e-16,True
ridge_medium_n100000_d2,ridge_medium,100000,2,0,39,sensitivity_all_saved_candidates,-0.4392598263558595,-0.439259826355863,3.552713678800501e-15,True,True,2.220446049250313e-16,1.7971719449272795e-16,True
ridge_medium_n100000_d2,ridge_medium,100000,2,0,40,sensitivity_all_saved_candidates,-0.44718236966132885,-0.4471823696613307,1.8318679906315083e-15,True,True,4.440892098500626e-16,3.5777710826445064e-16,True
ridge_medium_n100000_d2,ridge_medium,100000,2,99,1,no_partition,-0.006246551235340806,-0.006246551235340836,2.949029909160572e-17,True,True,0.0,0.0,True
ridge_medium_n100000_d2,ridge_medium,100000,2,99,3,fixed_delta_bound;full_coverage_rmse_oracle,-0.1404716058211959,-0.14047160582119594,5.551115123125783e-17,True,True,4.440892098500626e-16,4.3587193656107484e-16,True
ridge_medium_n1000_d5,ridge_medium,1000,5,0,1,no_partition;fixed_delta_bound;full_coverage_rmse_oracle,-0.16468288694168062,-0.1646828869416808,1.6653345369377348e-16,True,True,2.220446049250313e-16,1.9101100401308983e-16,True
ridge_medium_n1000_d5,ridge_medium,1000,5,99,1,no_partition;fixed_delta_bound;full_coverage_rmse_oracle,-0.1629630030444304,-0.16296300304443054,1.3877787807814457e-16,True,True,6.661338147750939e-16,5.745612707187148e-16,True
ridge_medium_n3000_d5,ridge_medium,3000,5,0,1,no_partition;fixed_delta_bound;full_coverage_rmse_oracle,-0.09583042902502431,-0.09583042902502438,6.938893903907228e-17,True,True,5.995204332975845e-15,5.480467702461765e-15,True
ridge_medium_n3000_d5,ridge_medium,3000,5,99,1,no_partition;fixed_delta_bound;full_coverage_rmse_oracle,-0.09644288394823218,-0.09644288394823193,2.498001805406602e-16,True,True,6.661338147750939e-15,6.118946668233163e-15,True
ridge_medium_n10000_d5,ridge_medium,10000,5,0,1,no_partition;fixed_delta_bound;full_coverage_rmse_oracle;sensitivity_all_saved_candidates,-0.05122766767195433,-0.051227667671954136,1.942890293094024e-16,True,True,6.439293542825908e-15,6.1268594464451155e-15,True
ridge_medium_n10000_d5,ridge_medium,10000,5,0,2,sensitivity_all_saved_candidates,-0.3749016551841576,-0.3749016551841581,4.996003610813204e-16,True,True,2.220446049250313e-16,1.7048019408322942e-16,True
ridge_medium_n10000_d5,ridge_medium,10000,5,0,3,sensitivity_all_saved_candidates,-1.1471080000404048,-1.1471080000404033,1.5543122344752192e-15,True,True,4.440892098500626e-16,2.2879320129157675e-16,True
ridge_medium_n10000_d5,ridge_medium,10000,5,0,4,sensitivity_all_saved_candidates,-2.813373199907489,-2.8133731999074842,4.884981308350689e-15,True,True,4.440892098500626e-16,1.4244458657295994e-16,True
ridge_medium_n10000_d5,ridge_medium,10000,5,0,6,sensitivity_all_saved_candidates,-7.381191982707246,-7.381191982707243,2.6645352591003757e-15,True,True,4.440892098500626e-16,1.47881239053467e-16,True
ridge_medium_n10000_d5,ridge_medium,10000,5,99,1,no_partition;fixed_delta_bound;full_coverage_rmse_oracle,-0.05120884593591625,-0.0512088459359162,4.85722573273506e-17,True,True,5.995204332975845e-15,5.70825093813877e-15,True
ridge_medium_n30000_d5,ridge_medium,30000,5,0,1,no_partition;fixed_delta_bound,-0.02979521981293403,-0.029795219812933843,1.8735013540549517e-16,True,True,6.661338147750939e-16,6.475837870551788e-16,True
ridge_medium_n30000_d5,ridge_medium,30000,5,0,2,full_coverage_rmse_oracle,-0.23540790413835894,-0.23540790413835969,7.494005416219807e-16,True,True,1.3322676295501878e-15,1.1402750428388295e-15,True
ridge_medium_n30000_d5,ridge_medium,30000,5,99,1,no_partition;fixed_delta_bound,-0.028351260699450046,-0.028351260699449723,3.226585665316861e-16,True,True,8.881784197001252e-16,8.635821156292523e-16,True
ridge_medium_n30000_d5,ridge_medium,30000,5,99,2,full_coverage_rmse_oracle,-0.22997062415158995,-0.22997062415158934,6.106226635438361e-16,True,True,8.881784197001252e-16,7.5873931764779e-16,True
ridge_medium_n100000_d5,ridge_medium,100000,5,0,1,no_partition;fixed_delta_bound;sensitivity_all_saved_candidates,-0.016029358613373488,-0.01602935861337352,3.122502256758253e-17,True,True,2.220446049250313e-16,2.186073667942327e-16,True
ridge_medium_n100000_d5,ridge_medium,100000,5,0,2,full_coverage_rmse_oracle;sensitivity_all_saved_candidates,-0.1531622311338903,-0.15316223113388855,1.7486012637846216e-15,True,True,2.220446049250313e-16,2.0354649087864715e-16,True
ridge_medium_n100000_d5,ridge_medium,100000,5,0,3,sensitivity_all_saved_candidates,-0.3844461588411055,-0.3844461588411099,4.385380947269368e-15,True,True,4.440892098500626e-16,3.520707515622316e-16,True
ridge_medium_n100000_d5,ridge_medium,100000,5,0,4,sensitivity_all_saved_candidates,-0.7171062331045855,-0.7171062331045741,1.1435297153639112e-14,True,True,4.440892098500626e-16,2.8279636428216995e-16,True
ridge_medium_n100000_d5,ridge_medium,100000,5,0,5,sensitivity_all_saved_candidates,-1.3140992235201086,-1.314099223520096,1.2656542480726785e-14,True,True,8.881784197001252e-16,4.264272107066028e-16,True
ridge_medium_n100000_d5,ridge_medium,100000,5,0,6,sensitivity_all_saved_candidates,-2.344107674554578,-2.3441076745545764,1.7763568394002505e-15,True,True,4.440892098500626e-16,1.571335866819399e-16,True
ridge_medium_n100000_d5,ridge_medium,100000,5,0,7,sensitivity_all_saved_candidates,-3.8330195214266642,-3.833019521426668,3.552713678800501e-15,True,True,4.440892098500626e-16,1.236092279737523e-16,True
ridge_medium_n100000_d5,ridge_medium,100000,5,99,1,no_partition;fixed_delta_bound,-0.015761112202136166,-0.01576111220213586,3.0531133177191805e-16,True,True,6.661338147750939e-16,6.558495101283471e-16,True
ridge_medium_n100000_d5,ridge_medium,100000,5,99,2,full_coverage_rmse_oracle,-0.15129626883756556,-0.15129626883756572,1.6653345369377348e-16,True,True,6.661338147750939e-16,6.107588414816091e-16,True
ridge_frequency2_n1000_d2,ridge_frequency2,1000,2,0,1,no_partition,-0.065813699711169,-0.06581369971116904,4.163336342344337e-17,True,True,4.440892098500626e-16,4.165045989858065e-16,True
ridge_frequency2_n1000_d2,ridge_frequency2,1000,2,0,2,fixed_delta_bound;full_coverage_rmse_oracle,-0.1511767773674572,-0.15117677736745722,2.7755575615628914e-17,True,True,2.220446049250313e-16,1.9759261284921422e-16,True
ridge_frequency2_n1000_d2,ridge_frequency2,1000,2,99,1,no_partition,-0.06739744978787957,-0.06739744978787952,4.163336342344337e-17,True,True,2.220446049250313e-16,2.079073211305867e-16,True
ridge_frequency2_n1000_d2,ridge_frequency2,1000,2,99,2,fixed_delta_bound;full_coverage_rmse_oracle,-0.1324878262657971,-0.1324878262657972,8.326672684688674e-17,True,True,2.220446049250313e-16,1.968147334816548e-16,True
ridge_frequency2_n3000_d2,ridge_frequency2,3000,2,0,1,no_partition,-0.03730896502539438,-0.03730896502539435,2.7755575615628914e-17,True,True,2.220446049250313e-15,2.1416764352074515e-15,True
ridge_frequency2_n3000_d2,ridge_frequency2,3000,2,0,2,fixed_delta_bound,-0.08101833565927954,-0.08101833565927956,1.3877787807814457e-17,True,True,6.661338147750939e-16,6.210904914694285e-16,True
ridge_frequency2_n3000_d2,ridge_frequency2,3000,2,0,3,full_coverage_rmse_oracle,-0.15660533333200685,-0.15660533333200682,2.7755575615628914e-17,True,True,0.0,0.0,True
ridge_frequency2_n3000_d2,ridge_frequency2,3000,2,99,1,no_partition,-0.03712441893329012,-0.037124418933290056,6.245004513516506e-17,True,True,1.5543122344752192e-15,1.4991158588775814e-15,True
ridge_frequency2_n3000_d2,ridge_frequency2,3000,2,99,2,fixed_delta_bound,-0.07875965525876132,-0.07875965525876111,2.0816681711721685e-16,True,True,1.1102230246251565e-15,1.0335858639856792e-15,True
ridge_frequency2_n3000_d2,ridge_frequency2,3000,2,99,3,full_coverage_rmse_oracle,-0.15320347834422984,-0.15320347834422984,0.0,True,True,0.0,0.0,True
ridge_frequency2_n10000_d2,ridge_frequency2,10000,2,0,1,no_partition;sensitivity_all_saved_candidates,-0.0205540228454923,-0.020554022845492396,9.71445146547012e-17,True,True,2.886579864025407e-15,2.8292958583731195e-15,True
ridge_frequency2_n10000_d2,ridge_frequency2,10000,2,0,2,fixed_delta_bound;sensitivity_all_saved_candidates,-0.040549611630233594,-0.04054961163023342,1.734723475976807e-16,True,True,6.661338147750939e-16,6.404948534430252e-16,True
ridge_frequency2_n10000_d2,ridge_frequency2,10000,2,0,3,sensitivity_all_saved_candidates,-0.10390439104388893,-0.10390439104388886,6.938893903907228e-17,True,True,4.440892098500626e-16,4.1893306953857556e-16,True
ridge_frequency2_n10000_d2,ridge_frequency2,10000,2,0,4,full_coverage_rmse_oracle;sensitivity_all_saved_candidates,-0.14921834537658507,-0.14921834537658513,5.551115123125783e-17,True,True,0.0,0.0,True
ridge_frequency2_n10000_d2,ridge_frequency2,10000,2,0,5,sensitivity_all_saved_candidates,-0.22142227476114135,-0.2214222747611417,3.608224830031759e-16,True,True,2.220446049250313e-16,2.018490858910065e-16,True
ridge_frequency2_n10000_d2,ridge_frequency2,10000,2,0,6,sensitivity_all_saved_candidates,-0.2600572731376868,-0.260057273137687,2.220446049250313e-16,True,True,0.0,0.0,True
ridge_frequency2_n10000_d2,ridge_frequency2,10000,2,0,7,sensitivity_all_saved_candidates,-0.2851957696758207,-0.2851957696758201,6.106226635438361e-16,True,True,0.0,0.0,True
ridge_frequency2_n10000_d2,ridge_frequency2,10000,2,0,8,sensitivity_all_saved_candidates,-0.3090177102267096,-0.3090177102267097,1.1102230246251565e-16,True,True,2.220446049250313e-16,1.9198999695921723e-16,True
ridge_frequency2_n10000_d2,ridge_frequency2,10000,2,0,9,sensitivity_all_saved_candidates,-0.33921920399335637,-0.3392192039933576,1.2212453270876722e-15,True,True,0.0,0.0,True
ridge_frequency2_n10000_d2,ridge_frequency2,10000,2,0,10,sensitivity_all_saved_candidates,-0.37037244312682716,-0.37037244312682877,1.609823385706477e-15,True,True,0.0,0.0,True
ridge_frequency2_n10000_d2,ridge_frequency2,10000,2,0,11,sensitivity_all_saved_candidates,-0.402364722123737,-0.40236472212373664,3.3306690738754696e-16,True,True,6.661338147750939e-16,5.484238748912081e-16,True
ridge_frequency2_n10000_d2,ridge_frequency2,10000,2,0,12,sensitivity_all_saved_candidates,-0.42263639559143357,-0.4226363955914343,7.216449660063518e-16,True,True,2.220446049250313e-16,1.800365167457463e-16,True
ridge_frequency2_n10000_d2,ridge_frequency2,10000,2,0,13,sensitivity_all_saved_candidates,-0.46156426667154576,-0.4615642666715462,4.440892098500626e-16,True,True,2.220446049250313e-16,1.7754495391633494e-16,True
ridge_frequency2_n10000_d2,ridge_frequency2,10000,2,0,14,sensitivity_all_saved_candidates,-0.4944345329495164,-0.49443453294951667,2.7755575615628914e-16,True,True,2.220446049250313e-16,1.7489290607352983e-16,True
ridge_frequency2_n10000_d2,ridge_frequency2,10000,2,0,15,sensitivity_all_saved_candidates,-0.5134860897462915,-0.5134860897462906,8.881784197001252e-16,True,True,2.220446049250313e-16,1.7276441928949523e-16,True
ridge_frequency2_n10000_d2,ridge_frequency2,10000,2,0,16,sensitivity_all_saved_candidates,-0.554023376165906,-0.5540233761659044,1.6653345369377348e-15,True,True,6.661338147750939e-16,5.114172110322298e-16,True
ridge_frequency2_n10000_d2,ridge_frequency2,10000,2,0,17,sensitivity_all_saved_candidates,-0.5965323216606158,-0.596532321660614,1.7763568394002505e-15,True,True,2.220446049250313e-16,1.6778943609990683e-16,True
ridge_frequency2_n10000_d2,ridge_frequency2,10000,2,0,18,sensitivity_all_saved_candidates,-0.6210615792361867,-0.621061579236189,2.3314683517128287e-15,True,True,4.440892098500626e-16,3.318244302094631e-16,True
ridge_frequency2_n10000_d2,ridge_frequency2,10000,2,0,19,sensitivity_all_saved_candidates,-0.6656086718468198,-0.6656086718468198,0.0,True,True,2.220446049250313e-16,1.635311197644495e-16,True
ridge_frequency2_n10000_d2,ridge_frequency2,10000,2,0,20,sensitivity_all_saved_candidates,-0.6962092764159579,-0.6962092764159571,7.771561172376096e-16,True,True,2.220446049250313e-16,1.6178635680278432e-16,True
ridge_frequency2_n10000_d2,ridge_frequency2,10000,2,0,21,sensitivity_all_saved_candidates,-0.7508798479696198,-0.7508798479696179,1.887379141862766e-15,True,True,2.220446049250313e-16,1.598117140500603e-16,True
ridge_frequency2_n10000_d2,ridge_frequency2,10000,2,0,22,sensitivity_all_saved_candidates,-0.7881024344917739,-0.7881024344917746,7.771561172376096e-16,True,True,0.0,0.0,True
ridge_frequency2_n10000_d2,ridge_frequency2,10000,2,0,23,sensitivity_all_saved_candidates,-0.8376872175285219,-0.8376872175285206,1.3322676295501878e-15,True,True,2.220446049250313e-16,1.5595926699226615e-16,True
ridge_frequency2_n10000_d2,ridge_frequency2,10000,2,0,24,sensitivity_all_saved_candidates,-0.8678578124910198,-0.8678578124910252,5.440092820663267e-15,True,True,2.220446049250313e-16,1.537258292587111e-16,True
ridge_frequency2_n10000_d2,ridge_frequency2,10000,2,0,25,sensitivity_all_saved_candidates,-0.9114130105710064,-0.9114130105710084,1.9984014443252818e-15,True,True,4.440892098500626e-16,3.0440316459106895e-16,True
ridge_frequency2_n10000_d2,ridge_frequency2,10000,2,0,26,sensitivity_all_saved_candidates,-0.9670772179729145,-0.9670772179729108,3.6637359812630166e-15,True,True,4.440892098500626e-16,3.021811171513163e-16,True
ridge_frequency2_n10000_d2,ridge_frequency2,10000,2,0,27,sensitivity_all_saved_candidates,-1.0040585011475431,-1.0040585011475394,3.774758283725532e-15,True,True,2.220446049250313e-16,1.4903437436169882e-16,True
ridge_frequency2_n10000_d2,ridge_frequency2,10000,2,0,28,sensitivity_all_saved_candidates,-1.0490954502446932,-1.0490954502446976,4.440892098500626e-15,True,True,4.440892098500626e-16,2.955007964483123e-16,True
ridge_frequency2_n10000_d2,ridge_frequency2,10000,2,0,29,sensitivity_all_saved_candidates,-1.1058414526915712,-1.105841452691568,3.1086244689504383e-15,True,True,2.220446049250313e-16,1.4698183951943746e-16,True
ridge_frequency2_n10000_d2,ridge_frequency2,10000,2,0,30,sensitivity_all_saved_candidates,-1.1407261176749202,-1.1407261176749224,2.220446049250313e-15,True,True,2.220446049250313e-16,1.4593537662297916e-16,True
ridge_frequency2_n10000_d2,ridge_frequency2,10000,2,0,31,sensitivity_all_saved_candidates,-1.1845953936821259,-1.1845953936821254,4.440892098500626e-16,True,True,0.0,0.0,True
ridge_frequency2_n10000_d2,ridge_frequency2,10000,2,0,32,sensitivity_all_saved_candidates,-1.2530348239399731,-1.2530348239399707,2.4424906541753444e-15,True,True,2.220446049250313e-16,1.4335984843733023e-16,True
ridge_frequency2_n10000_d2,ridge_frequency2,10000,2,0,33,sensitivity_all_saved_candidates,-1.2920971667198944,-1.2920971667198968,2.4424906541753444e-15,True,True,4.440892098500626e-16,2.839329145783984e-16,True
ridge_frequency2_n10000_d2,ridge_frequency2,10000,2,0,34,sensitivity_all_saved_candidates,-1.3573193538117307,-1.3573193538117325,1.7763568394002505e-15,True,True,4.440892098500626e-16,2.822696840308521e-16,True
ridge_frequency2_n10000_d2,ridge_frequency2,10000,2,0,35,sensitivity_all_saved_candidates,-1.389610047221756,-1.389610047221753,3.1086244689504383e-15,True,True,2.220446049250313e-16,1.4104829466246045e-16,True
ridge_frequency2_n10000_d2,ridge_frequency2,10000,2,99,1,no_partition,-0.020059559961243232,-0.020059559961243208,2.42861286636753e-17,True,True,1.9984014443252818e-15,1.960002209204234e-15,True
ridge_frequency2_n10000_d2,ridge_frequency2,10000,2,99,2,fixed_delta_bound,-0.040705568273840156,-0.04070556827384008,7.632783294297951e-17,True,True,1.1102230246251565e-15,1.0684205103925025e-15,True
ridge_frequency2_n10000_d2,ridge_frequency2,10000,2,99,4,full_coverage_rmse_oracle,-0.14423317466968982,-0.1442331746696897,1.1102230246251565e-16,True,True,6.661338147750939e-16,6.181907686134216e-16,True
ridge_frequency2_n30000_d2,ridge_frequency2,30000,2,0,1,no_partition,-0.010803067584987265,-0.010803067584987282,1.734723475976807e-17,True,True,4.440892098500626e-16,4.391124643862924e-16,True
ridge_frequency2_n30000_d2,ridge_frequency2,30000,2,0,2,fixed_delta_bound,-0.022659985065998353,-0.022659985065998468,1.1449174941446927e-16,True,True,6.661338147750939e-16,6.512060924842985e-16,True
ridge_frequency2_n30000_d2,ridge_frequency2,30000,2,0,4,full_coverage_rmse_oracle,-0.10445017694458929,-0.10445017694458811,1.1796119636642288e-15,True,True,6.661338147750939e-16,6.369873264233359e-16,True
ridge_frequency2_n30000_d2,ridge_frequency2,30000,2,99,1,no_partition,-0.012718081342994753,-0.01271808134299473,2.2551405187698492e-17,True,True,2.220446049250313e-16,2.1949896207884778e-16,True
ridge_frequency2_n30000_d2,ridge_frequency2,30000,2,99,2,fixed_delta_bound,-0.024577485160821005,-0.024577485160821096,9.020562075079397e-17,True,True,1.1102230246251565e-15,1.085015117099169e-15,True
ridge_frequency2_n30000_d2,ridge_frequency2,30000,2,99,4,full_coverage_rmse_oracle,-0.10905264915081096,-0.10905264915081045,5.134781488891349e-16,True,True,4.440892098500626e-16,4.246187919076275e-16,True
ridge_frequency2_n100000_d2,ridge_frequency2,100000,2,0,1,no_partition;sensitivity_all_saved_candidates,-0.006460139263488573,-0.006460139263488539,3.382710778154774e-17,True,True,4.440892098500626e-16,4.4133384221615612e-16,True
ridge_frequency2_n100000_d2,ridge_frequency2,100000,2,0,2,sensitivity_all_saved_candidates,-0.013004962755981425,-0.013004962755981323,1.0234868508263162e-16,True,True,2.220446049250313e-16,2.1931103893457737e-16,True
ridge_frequency2_n100000_d2,ridge_frequency2,100000,2,0,3,fixed_delta_bound;sensitivity_all_saved_candidates,-0.06006599259091723,-0.06006599259091743,2.0122792321330962e-16,True,True,8.881784197001252e-16,8.717841734843048e-16,True
ridge_frequency2_n100000_d2,ridge_frequency2,100000,2,0,4,sensitivity_all_saved_candidates,-0.08803901954955776,-0.08803901954955803,2.7755575615628914e-16,True,True,0.0,0.0,True
ridge_frequency2_n100000_d2,ridge_frequency2,100000,2,0,5,full_coverage_rmse_oracle;sensitivity_all_saved_candidates,-0.13888933452055238,-0.13888933452055188,4.996003610813204e-16,True,True,8.881784197001252e-16,8.612543934095237e-16,True
ridge_frequency2_n100000_d2,ridge_frequency2,100000,2,0,6,sensitivity_all_saved_candidates,-0.16200982985848453,-0.16200982985848547,9.43689570931383e-16,True,True,0.0,0.0,True
ridge_frequency2_n100000_d2,ridge_frequency2,100000,2,0,7,sensitivity_all_saved_candidates,-0.17021007075264497,-0.17021007075264452,4.440892098500626e-16,True,True,6.661338147750939e-16,6.386212557654585e-16,True
ridge_frequency2_n100000_d2,ridge_frequency2,100000,2,0,8,sensitivity_all_saved_candidates,-0.1784919296009348,-0.178491929600936,1.1934897514720433e-15,True,True,2.220446049250313e-16,2.1159461293713675e-16,True
ridge_frequency2_n100000_d2,ridge_frequency2,100000,2,0,9,sensitivity_all_saved_candidates,-0.189582432039988,-0.18958243203998856,5.551115123125783e-16,True,True,4.440892098500626e-16,4.209011895036493e-16,True
ridge_frequency2_n100000_d2,ridge_frequency2,100000,2,0,10,sensitivity_all_saved_candidates,-0.19702277335986126,-0.197022773359859,2.275957200481571e-15,True,True,0.0,0.0,True
ridge_frequency2_n100000_d2,ridge_frequency2,100000,2,0,11,sensitivity_all_saved_candidates,-0.20425106999423545,-0.20425106999423598,5.273559366969494e-16,True,True,4.440892098500626e-16,4.160139785691673e-16,True
ridge_frequency2_n100000_d2,ridge_frequency2,100000,2,0,12,sensitivity_all_saved_candidates,-0.21114957797857095,-0.21114957797857314,2.192690473634684e-15,True,True,6.661338147750939e-16,6.205470417465528e-16,True
ridge_frequency2_n100000_d2,ridge_frequency2,100000,2,0,13,sensitivity_all_saved_candidates,-0.21859295004369542,-0.21859295004369306,2.3592239273284576e-15,True,True,0.0,0.0,True
ridge_frequency2_n100000_d2,ridge_frequency2,100000,2,0,14,sensitivity_all_saved_candidates,-0.22702355649868372,-0.2270235564986862,2.4702462297909733e-15,True,True,0.0,0.0,True
ridge_frequency2_n100000_d2,ridge_frequency2,100000,2,0,15,sensitivity_all_saved_candidates,-0.2342554984906197,-0.23425549849062022,5.273559366969494e-16,True,True,0.0,0.0,True
ridge_frequency2_n100000_d2,ridge_frequency2,100000,2,0,16,sensitivity_all_saved_candidates,-0.24088767533727717,-0.24088767533727615,1.0269562977782698e-15,True,True,0.0,0.0,True
ridge_frequency2_n100000_d2,ridge_frequency2,100000,2,0,17,sensitivity_all_saved_candidates,-0.2487598767749721,-0.24875987677497446,2.3592239273284576e-15,True,True,0.0,0.0,True
ridge_frequency2_n100000_d2,ridge_frequency2,100000,2,0,18,sensitivity_all_saved_candidates,-0.2574712040263895,-0.25747120402639045,9.43689570931383e-16,True,True,2.220446049250313e-16,2.001450814266496e-16,True
ridge_frequency2_n100000_d2,ridge_frequency2,100000,2,0,19,sensitivity_all_saved_candidates,-0.2636745357585673,-0.26367453575856403,3.2751579226442118e-15,True,True,2.220446049250313e-16,1.989959267470124e-16,True
ridge_frequency2_n100000_d2,ridge_frequency2,100000,2,0,20,sensitivity_all_saved_candidates,-0.27165120774613805,-0.2716512077461388,7.771561172376096e-16,True,True,2.220446049250313e-16,1.979069331772549e-16,True
ridge_frequency2_n100000_d2,ridge_frequency2,100000,2,0,21,sensitivity_all_saved_candidates,-0.2798316401343639,-0.2798316401343671,3.219646771412954e-15,True,True,2.220446049250313e-16,1.968825252352769e-16,True
ridge_frequency2_n100000_d2,ridge_frequency2,100000,2,0,22,sensitivity_all_saved_candidates,-0.2878496048156068,-0.28784960481560706,2.7755575615628914e-16,True,True,0.0,0.0,True
ridge_frequency2_n100000_d2,ridge_frequency2,100000,2,0,23,sensitivity_all_saved_candidates,-0.29551896415917356,-0.2955189641591733,2.7755575615628914e-16,True,True,2.220446049250313e-16,1.947293563580163e-16,True
ridge_frequency2_n100000_d2,ridge_frequency2,100000,2,0,24,sensitivity_all_saved_candidates,-0.303441226869033,-0.3034412268690321,9.43689570931383e-16,True,True,0.0,0.0,True
ridge_frequency2_n100000_d2,ridge_frequency2,100000,2,0,25,sensitivity_all_saved_candidates,-0.3126716826056692,-0.3126716826056703,1.1102230246251565e-15,True,True,4.440892098500626e-16,3.857363313919725e-16,True
ridge_frequency2_n100000_d2,ridge_frequency2,100000,2,0,26,sensitivity_all_saved_candidates,-0.3192494151248126,-0.3192494151248123,2.7755575615628914e-16,True,True,4.440892098500626e-16,3.8380933804356184e-16,True
ridge_frequency2_n100000_d2,ridge_frequency2,100000,2,0,27,sensitivity_all_saved_candidates,-0.3299594590157177,-0.3299594590157193,1.609823385706477e-15,True,True,0.0,0.0,True
ridge_frequency2_n100000_d2,ridge_frequency2,100000,2,0,28,sensitivity_all_saved_candidates,-0.33813400013216177,-0.3381340001321605,1.27675647831893e-15,True,True,2.220446049250313e-16,1.8982200140801111e-16,True
ridge_frequency2_n100000_d2,ridge_frequency2,100000,2,0,29,sensitivity_all_saved_candidates,-0.347279031744419,-0.3472790317444202,1.2212453270876722e-15,True,True,6.661338147750939e-16,5.660087025515275e-16,True
ridge_frequency2_n100000_d2,ridge_frequency2,100000,2,0,30,sensitivity_all_saved_candidates,-0.35490815158445743,-0.3549081515844592,1.7763568394002505e-15,True,True,2.220446049250313e-16,1.8792703119711257e-16,True
ridge_frequency2_n100000_d2,ridge_frequency2,100000,2,0,31,sensitivity_all_saved_candidates,-0.362305096637161,-0.36230509663715843,2.55351295663786e-15,True,True,0.0,0.0,True
ridge_frequency2_n100000_d2,ridge_frequency2,100000,2,0,32,sensitivity_all_saved_candidates,-0.3704893181358832,-0.37048931813588315,5.551115123125783e-17,True,True,2.220446049250313e-16,1.8584756912506406e-16,True
ridge_frequency2_n100000_d2,ridge_frequency2,100000,2,0,33,sensitivity_all_saved_candidates,-0.3810692562332366,-0.38106925623324284,6.217248937900877e-15,True,True,2.220446049250313e-16,1.851520202063814e-16,True
ridge_frequency2_n100000_d2,ridge_frequency2,100000,2,0,34,sensitivity_all_saved_candidates,-0.3907022899260921,-0.39070228992609307,9.992007221626409e-16,True,True,6.661338147750939e-16,5.524565086774208e-16,True
ridge_frequency2_n100000_d2,ridge_frequency2,100000,2,0,35,sensitivity_all_saved_candidates,-0.39929409155137197,-0.3992940915513724,4.440892098500626e-16,True,True,2.220446049250313e-16,1.831398575448953e-16,True
ridge_frequency2_n100000_d2,ridge_frequency2,100000,2,0,36,sensitivity_all_saved_candidates,-0.40957038476343366,-0.40957038476344076,7.105427357601002e-15,True,True,0.0,0.0,True
ridge_frequency2_n100000_d2,ridge_frequency2,100000,2,0,37,sensitivity_all_saved_candidates,-0.41845532970726956,-0.41845532970726623,3.3306690738754696e-15,True,True,2.220446049250313e-16,1.814496508641932e-16,True
ridge_frequency2_n100000_d2,ridge_frequency2,100000,2,0,38,sensitivity_all_saved_candidates,-0.42813053917458294,-0.42813053917458654,3.608224830031759e-15,True,True,0.0,0.0,True
ridge_frequency2_n100000_d2,ridge_frequency2,100000,2,0,39,sensitivity_all_saved_candidates,-0.4369219365888694,-0.4369219365888752,5.773159728050814e-15,True,True,2.220446049250313e-16,1.7997679329559371e-16,True
ridge_frequency2_n100000_d2,ridge_frequency2,100000,2,0,40,sensitivity_all_saved_candidates,-0.44686707961547034,-0.44686707961546956,7.771561172376096e-16,True,True,0.0,0.0,True
ridge_frequency2_n100000_d2,ridge_frequency2,100000,2,99,1,no_partition,-0.00635311877994304,-0.006353118779943116,7.546047120499111e-17,True,True,4.440892098500626e-16,4.4131493807224415e-16,True
ridge_frequency2_n100000_d2,ridge_frequency2,100000,2,99,3,fixed_delta_bound,-0.05966170049485528,-0.05966170049485544,1.5959455978986625e-16,True,True,6.661338147750939e-16,6.537465766949887e-16,True
ridge_frequency2_n100000_d2,ridge_frequency2,100000,2,99,5,full_coverage_rmse_oracle,-0.13730437731439957,-0.1373043773144,4.440892098500626e-16,True,True,2.220446049250313e-16,2.152499524747806e-16,True
ridge_frequency2_n1000_d5,ridge_frequency2,1000,5,0,1,no_partition;fixed_delta_bound;full_coverage_rmse_oracle,-0.15083862990893926,-0.15083862990893926,0.0,True,True,1.1102230246251565e-15,9.544254299263916e-16,True
ridge_frequency2_n1000_d5,ridge_frequency2,1000,5,99,1,no_partition;fixed_delta_bound;full_coverage_rmse_oracle,-0.17346564237760578,-0.17346564237760578,0.0,True,True,0.0,0.0,True
ridge_frequency2_n3000_d5,ridge_frequency2,3000,5,0,1,no_partition;fixed_delta_bound;full_coverage_rmse_oracle,-0.09353838155152126,-0.09353838155152115,1.1102230246251565e-16,True,True,6.8833827526759706e-15,6.2915964123566965e-15,True
ridge_frequency2_n3000_d5,ridge_frequency2,3000,5,99,1,no_partition;fixed_delta_bound;full_coverage_rmse_oracle,-0.0903734629683481,-0.09037346296834786,2.3592239273284576e-16,True,True,6.439293542825908e-15,5.890832175833298e-15,True
ridge_frequency2_n10000_d5,ridge_frequency2,10000,5,0,1,no_partition;fixed_delta_bound;full_coverage_rmse_oracle;sensitivity_all_saved_candidates,-0.053451957240786066,-0.0534519572407861,3.469446951953614e-17,True,True,6.661338147750939e-15,6.334695335200293e-15,True
ridge_frequency2_n10000_d5,ridge_frequency2,10000,5,0,2,sensitivity_all_saved_candidates,-0.31283947457136063,-0.3128394745713598,8.326672684688674e-16,True,True,2.220446049250313e-16,1.7036431612629885e-16,True
ridge_frequency2_n10000_d5,ridge_frequency2,10000,5,0,3,sensitivity_all_saved_candidates,-1.06438820284949,-1.0643882028494915,1.5543122344752192e-15,True,True,4.440892098500626e-16,2.2753217390181606e-16,True
ridge_frequency2_n10000_d5,ridge_frequency2,10000,5,0,4,sensitivity_all_saved_candidates,-2.8040139868557423,-2.804013986855753,1.0658141036401503e-14,True,True,4.440892098500626e-16,1.4024567642328124e-16,True
ridge_frequency2_n10000_d5,ridge_frequency2,10000,5,0,6,sensitivity_all_saved_candidates,-7.443174231626033,-7.443174231626032,8.881784197001252e-16,True,True,4.440892098500626e-16,1.5636154760647727e-16,True
ridge_frequency2_n10000_d5,ridge_frequency2,10000,5,99,1,no_partition;fixed_delta_bound;full_coverage_rmse_oracle,-0.051704208582240584,-0.05170420858224058,6.938893903907228e-18,True,True,6.661338147750939e-15,6.342657198136643e-15,True
ridge_frequency2_n30000_d5,ridge_frequency2,30000,5,0,1,no_partition;fixed_delta_bound,-0.02941908173697928,-0.029419081736979165,1.1449174941446927e-16,True,True,0.0,0.0,True
ridge_frequency2_n30000_d5,ridge_frequency2,30000,5,0,2,full_coverage_rmse_oracle,-0.17717352629078914,-0.1771735262907887,4.440892098500626e-16,True,True,4.440892098500626e-16,3.7940892281003464e-16,True
ridge_frequency2_n30000_d5,ridge_frequency2,30000,5,99,1,no_partition;fixed_delta_bound,-0.029553003282014663,-0.029553003282014576,8.673617379884035e-17,True,True,8.881784197001252e-16,8.635735399543115e-16,True
ridge_frequency2_n30000_d5,ridge_frequency2,30000,5,99,2,full_coverage_rmse_oracle,-0.16978171303592812,-0.1697817130359284,2.7755575615628914e-16,True,True,4.440892098500626e-16,3.7898467241279167e-16,True
ridge_frequency2_n100000_d5,ridge_frequency2,100000,5,0,1,no_partition;fixed_delta_bound;sensitivity_all_saved_candidates,-0.01631794250694998,-0.01631794250694989,9.020562075079397e-17,True,True,2.220446049250313e-16,2.1858661158523146e-16,True
ridge_frequency2_n100000_d5,ridge_frequency2,100000,5,0,2,full_coverage_rmse_oracle;sensitivity_all_saved_candidates,-0.09325161627534934,-0.09325161627534953,1.942890293094024e-16,True,True,2.6645352591003757e-15,2.440604208809002e-15,True
ridge_frequency2_n100000_d5,ridge_frequency2,100000,5,0,3,sensitivity_all_saved_candidates,-0.3071868371177473,-0.3071868371177472,1.1102230246251565e-16,True,True,8.881784197001252e-16,7.023320235960852e-16,True
ridge_frequency2_n100000_d5,ridge_frequency2,100000,5,0,4,sensitivity_all_saved_candidates,-0.6629281082470003,-0.6629281082469982,2.1094237467877974e-15,True,True,1.3322676295501878e-15,8.463985899005728e-16,True
ridge_frequency2_n100000_d5,ridge_frequency2,100000,5,0,5,sensitivity_all_saved_candidates,-1.296751167557619,-1.296751167557597,2.220446049250313e-14,True,True,8.881784197001252e-16,4.232621052667194e-16,True
ridge_frequency2_n100000_d5,ridge_frequency2,100000,5,0,6,sensitivity_all_saved_candidates,-2.3692567711632377,-2.3692567711632373,4.440892098500626e-16,True,True,4.440892098500626e-16,1.5451591237924252e-16,True
ridge_frequency2_n100000_d5,ridge_frequency2,100000,5,0,7,sensitivity_all_saved_candidates,-3.9601122235998343,-3.9601122235998285,5.773159728050814e-15,True,True,2.220446049250313e-15,6.001344504459081e-16,True
ridge_frequency2_n100000_d5,ridge_frequency2,100000,5,99,1,no_partition;fixed_delta_bound,-0.015599869366656189,-0.015599869366656017,1.717376241217039e-16,True,True,4.440892098500626e-16,4.370496426261047e-16,True
ridge_frequency2_n100000_d5,ridge_frequency2,100000,5,99,2,full_coverage_rmse_oracle,-0.09309133340774715,-0.0930913334077481,9.43689570931383e-16,True,True,6.661338147750939e-16,6.099619995150608e-16,True
ridge_medium_n300000_d2,ridge_medium,300000,2,0,1,no_partition,-0.0036532531969318076,-0.0036532531969318293,2.168404344971009e-17,True,True,1.5543122344752192e-15,1.5485189628957995e-15,True
ridge_medium_n300000_d2,ridge_medium,300000,2,0,3,fixed_delta_bound;full_coverage_rmse_oracle,-0.13341767658505807,-0.13341767658505627,1.8041124150158794e-15,True,True,2.220446049250313e-16,2.196472678697783e-16,True
ridge_medium_n300000_d2,ridge_medium,300000,2,29,1,no_partition,-0.003610805402600748,-0.0036108054026007344,1.3444106938820255e-17,True,True,8.881784197001252e-16,8.849342110298327e-16,True
ridge_medium_n300000_d2,ridge_medium,300000,2,29,3,fixed_delta_bound;full_coverage_rmse_oracle,-0.13370129192261287,-0.13370129192261485,1.970645868709653e-15,True,True,4.440892098500626e-16,4.3933073192674346e-16,True
ridge_medium_n1000000_d2,ridge_medium,1000000,2,0,1,no_partition,-0.002032601144623933,-0.0020326011446238947,3.8163916471489756e-17,True,True,8.881784197001252e-16,8.864333993706077e-16,True
ridge_medium_n1000000_d2,ridge_medium,1000000,2,0,3,fixed_delta_bound,-0.12780101546125575,-0.12780101546125003,5.717648576819556e-15,True,True,6.661338147750939e-16,6.622024595603675e-16,True
ridge_medium_n1000000_d2,ridge_medium,1000000,2,0,4,full_coverage_rmse_oracle,-0.13275474192074266,-0.13275474192073977,2.886579864025407e-15,True,True,8.881784197001252e-16,8.813062998021349e-16,True
ridge_medium_n1000000_d2,ridge_medium,1000000,2,29,1,no_partition,-0.0020390211169501707,-0.0020390211169500766,9.410874857174178e-17,True,True,6.661338147750939e-16,6.648016017506701e-16,True
ridge_medium_n1000000_d2,ridge_medium,1000000,2,29,3,fixed_delta_bound,-0.12734940955485646,-0.12734940955485813,1.6653345369377348e-15,True,True,2.220446049250313e-16,2.207369380540678e-16,True
ridge_medium_n1000000_d2,ridge_medium,1000000,2,29,4,full_coverage_rmse_oracle,-0.1324970838125278,-0.1324970838125253,2.4980018054066022e-15,True,True,2.220446049250313e-16,2.2031523982638376e-16,True
ridge_medium_n300000_d5,ridge_medium,300000,5,0,1,no_partition,-0.00914559522477352,-0.00914559522477334,1.8041124150158794e-16,True,True,3.3306690738754696e-15,3.300724735035735e-15,True
ridge_medium_n300000_d5,ridge_medium,300000,5,0,2,fixed_delta_bound;full_coverage_rmse_oracle,-0.11410475263287995,-0.11410475263287818,1.762479051592436e-15,True,True,0.0,0.0,True
ridge_medium_n300000_d5,ridge_medium,300000,5,29,1,no_partition,-0.00925364960592723,-0.009253649605927214,1.5612511283791264e-17,True,True,4.440892098500626e-15,4.400138390022611e-15,True
ridge_medium_n300000_d5,ridge_medium,300000,5,29,2,fixed_delta_bound;full_coverage_rmse_oracle,-0.11295706846025774,-0.11295706846025842,6.800116025829084e-16,True,True,1.1102230246251565e-15,1.055445290934346e-15,True
ridge_medium_n1000000_d5,ridge_medium,1000000,5,0,1,no_partition,-0.004982872708874822,-0.004982872708875025,2.0296264668928643e-16,True,True,1.9984014443252818e-15,1.988442692474818e-15,True
ridge_medium_n1000000_d5,ridge_medium,1000000,5,0,2,fixed_delta_bound;full_coverage_rmse_oracle,-0.08943745044579121,-0.08943745044578857,2.6367796834847468e-15,True,True,0.0,0.0,True
ridge_medium_n1000000_d5,ridge_medium,1000000,5,29,1,no_partition,-0.005054250877216533,-0.005054250877216549,1.6479873021779667e-17,True,True,1.9984014443252818e-15,1.9883544871670708e-15,True
ridge_medium_n1000000_d5,ridge_medium,1000000,5,29,2,fixed_delta_bound;full_coverage_rmse_oracle,-0.09011447176328688,-0.09011447176328619,6.938893903907228e-16,True,True,2.220446049250313e-16,2.1593750015603735e-16,True
ridge_frequency2_n300000_d2,ridge_frequency2,300000,2,0,1,no_partition,-0.0035567236167522204,-0.0035567236167522932,7.28583859910259e-17,True,True,1.7763568394002505e-15,1.7698446587105746e-15,True
ridge_frequency2_n300000_d2,ridge_frequency2,300000,2,0,3,fixed_delta_bound,-0.04988029488044717,-0.0498802948804468,3.7470027081099033e-16,True,True,0.0,0.0,True
ridge_frequency2_n300000_d2,ridge_frequency2,300000,2,0,5,full_coverage_rmse_oracle,-0.12413121410165566,-0.12413121410165646,8.049116928532385e-16,True,True,2.220446049250313e-16,2.1810962092585496e-16,True
ridge_frequency2_n300000_d2,ridge_frequency2,300000,2,29,1,no_partition,-0.0036570840170735727,-0.0036570840170735814,8.673617379884035e-18,True,True,1.1102230246251565e-15,1.1061531007553224e-15,True
ridge_frequency2_n300000_d2,ridge_frequency2,300000,2,29,3,fixed_delta_bound,-0.049525208578647145,-0.04952520857864758,4.371503159461554e-16,True,True,6.661338147750939e-16,6.589603655755129e-16,True
ridge_frequency2_n300000_d2,ridge_frequency2,300000,2,29,5,full_coverage_rmse_oracle,-0.12271446242249076,-0.12271446242249125,4.85722573273506e-16,True,True,0.0,0.0,True
ridge_frequency2_n1000000_d2,ridge_frequency2,1000000,2,0,1,no_partition,-0.001999571649697952,-0.001999571649697971,1.9081958235744878e-17,True,True,0.0,0.0,True
ridge_frequency2_n1000000_d2,ridge_frequency2,1000000,2,0,3,fixed_delta_bound,-0.044938081553456855,-0.04493808155345932,2.463307335887066e-15,True,True,2.220446049250313e-16,2.2071873971031814e-16,True
ridge_frequency2_n1000000_d2,ridge_frequency2,1000000,2,0,6,full_coverage_rmse_oracle,-0.13300818670373613,-0.13300818670373996,3.83026943495679e-15,True,True,2.220446049250313e-16,2.1944176160799644e-16,True
ridge_frequency2_n1000000_d2,ridge_frequency2,1000000,2,29,1,no_partition,-0.002058002741335439,-0.0020580027413354255,1.3444106938820255e-17,True,True,6.661338147750939e-16,6.648000854143196e-16,True
ridge_frequency2_n1000000_d2,ridge_frequency2,1000000,2,29,3,fixed_delta_bound,-0.04485734173272026,-0.044857341732719394,8.673617379884035e-16,True,True,2.220446049250313e-16,2.207266525537916e-16,True
ridge_frequency2_n1000000_d2,ridge_frequency2,1000000,2,29,6,full_coverage_rmse_oracle,-0.1336182423680737,-0.13361824236807182,1.887379141862766e-15,True,True,4.440892098500626e-16,4.388991636643979e-16,True
ridge_frequency2_n300000_d5,ridge_frequency2,300000,5,0,1,no_partition,-0.009307410867397396,-0.009307410867397479,8.326672684688674e-17,True,True,3.9968028886505635e-15,3.960809129853952e-15,True
ridge_frequency2_n300000_d5,ridge_frequency2,300000,5,0,2,fixed_delta_bound,-0.05326082694715208,-0.05326082694715263,5.48172618408671e-16,True,True,0.0,0.0,True
ridge_frequency2_n300000_d5,ridge_frequency2,300000,5,0,3,full_coverage_rmse_oracle,-0.18921889452879648,-0.18921889452879778,1.304512053934559e-15,True,True,1.1102230246251565e-15,9.671443835979859e-16,True
ridge_frequency2_n300000_d5,ridge_frequency2,300000,5,29,1,no_partition,-0.009434892775719366,-0.009434892775719569,2.0296264668928643e-16,True,True,5.329070518200751e-15,5.2806774381013405e-15,True
ridge_frequency2_n300000_d5,ridge_frequency2,300000,5,29,2,fixed_delta_bound,-0.05274596197338118,-0.052745961973380086,1.096345236817342e-15,True,True,1.3322676295501878e-15,1.265768239455922e-15,True
ridge_frequency2_n300000_d5,ridge_frequency2,300000,5,29,3,full_coverage_rmse_oracle,-0.18940670422954464,-0.18940670422954575,1.1102230246251565e-15,True,True,1.1102230246251565e-15,9.669642241515123e-16,True
ridge_frequency2_n1000000_d5,ridge_frequency2,1000000,5,0,1,no_partition,-0.0050113077891822955,-0.005011307789182289,6.071532165918825e-18,True,True,8.881784197001252e-16,8.837505724000615e-16,True
ridge_frequency2_n1000000_d5,ridge_frequency2,1000000,5,0,2,fixed_delta_bound,-0.028428297819533415,-0.028428297819533998,5.828670879282072e-16,True,True,1.1102230246251565e-15,1.0794093559592766e-15,True
ridge_frequency2_n1000000_d5,ridge_frequency2,1000000,5,0,3,full_coverage_rmse_oracle,-0.11920914808757813,-0.11920914808757758,5.412337245047638e-16,True,True,1.3322676295501878e-15,1.2337997271259954e-15,True
ridge_frequency2_n1000000_d5,ridge_frequency2,1000000,5,29,1,no_partition,-0.005055475908410679,-0.0050554759084105875,9.194034422677078e-17,True,True,1.3322676295501878e-15,1.3256362076621991e-15,True
ridge_frequency2_n1000000_d5,ridge_frequency2,1000000,5,29,2,fixed_delta_bound,-0.02851311930432492,-0.028513119304325242,3.226585665316861e-16,True,True,1.1102230246251565e-15,1.0794187455268653e-15,True
ridge_frequency2_n1000000_d5,ridge_frequency2,1000000,5,29,3,full_coverage_rmse_oracle,-0.1193443637329236,-0.11934436373292347,1.3877787807814457e-16,True,True,2.220446049250313e-15,2.0566504196594822e-15,True
