family,k,d,n,method,ell,reps,rmse,bias,estimate_sd,mae,coverage_mean,coverage_min,mean_cell_size,integrated_mass_mean,rmse_low,rmse_high,bias_low,bias_high
ridge_frequency2,2,2,1000,ell=1,1,100,0.06537311940054409,0.06515103472874609,0.005411119670866504,0.06515103472874609,1.0,1.0,1000.0,1.0641472731354182,0.06433674475816158,0.06642925689802948,0.06412593304640148,0.0662080449449944
ridge_frequency2,2,2,1000,bound,2,100,0.01302575546233742,-0.01040773244421741,0.007872045588772627,0.011034567038461425,1.0,1.0,250.0,1.1267248028961163,0.011620184544217265,0.01437282903638649,-0.011961087171475237,-0.008878977905624526
ridge_frequency2,2,2,1000,oracle,2,100,0.01302575546233742,-0.01040773244421741,0.007872045588772627,0.011034567038461425,1.0,1.0,250.0,1.1267248028961163,0.011621355678770406,0.01437822977980015,-0.011931362804302646,-0.008846153068535144
ridge_frequency2,2,2,3000,ell=1,1,100,0.09383827365147458,0.09380745561393589,0.0024168752529590836,0.09380745561393589,1.0,1.0,3000.0,1.036696380545714,0.09337184774915748,0.09431953544465817,0.09334150547097325,0.09429150492642895
ridge_frequency2,2,2,3000,bound,2,100,0.05316404161505375,0.053037797195778384,0.0036800567445464077,0.053037797195778384,1.0,1.0,750.0,1.0729585180333898,0.05244563720298202,0.053892757443092215,0.05231790145511655,0.053769952264830896
ridge_frequency2,2,2,3000,oracle,3,100,0.031029060385496254,-0.030298638481738277,0.0067266314201332895,0.030298638481738277,1.0,1.0,333.33333333333337,1.1093172940310552,0.029687538608318076,0.03235182947911738,-0.031582584159450575,-0.02902426513464979
ridge_frequency2,2,2,10000,ell=1,1,100,0.11120554262140044,0.11120135163714612,0.0009703190102829002,0.11120135163714612,1.0,1.0,10000.0,1.0199082474757277,0.11102855943042647,0.11139549692703918,0.1110247089130822,0.11139209342898554
ridge_frequency2,2,2,10000,bound,2,100,0.08992966350093541,0.08992139544412861,0.0012255770737723496,0.08992139544412861,1.0,1.0,2500.0,1.0399819259572705,0.08969973783603744,0.0901687540599126,0.08969086449276767,0.09016164446045169
ridge_frequency2,2,2,10000,oracle,4,100,0.01561766945760139,-0.01520588434492279,0.0035806269661096605,0.01520588434492279,1.0,1.0,625.0,1.0791605903183423,0.01496171206413223,0.01627361084891101,-0.01589552955176246,-0.01454235281024896
ridge_frequency2,2,2,30000,ell=1,1,100,0.11998274490486587,0.11998185041452106,0.00046563306923702667,0.11998185041452106,1.0,1.0,30000.0,1.0115406394711757,0.11989003922328131,0.1200731388399279,0.11988923186535275,0.12007240988609807
ridge_frequency2,2,2,30000,bound,2,100,0.1080622340405551,0.1080604062400145,0.0006316797222080461,0.1080604062400145,1.0,1.0,7500.0,1.0230950157760725,0.10794123688632998,0.10818534235692244,0.10793940453896991,0.10818371028222157
ridge_frequency2,2,2,30000,oracle,4,100,0.022729123329430466,0.022631741614335187,0.0021123300425157174,0.022631741614335187,1.0,1.0,1875.0,1.045636227999829,0.02230142901234378,0.02314149184634593,0.02221842441307436,0.0230367798058633
ridge_frequency2,2,2,100000,ell=1,1,100,0.1252695321189062,0.12526943868643056,0.0001537690656356557,0.12526943868643056,1.0,1.0,100000.0,1.006321141747324,0.12523824517822468,0.12529860256034075,0.12523813107268034,0.12529851422288113
ridge_frequency2,2,2,100000,bound,3,100,0.07346760061207387,0.07346059980841568,0.0010193162111813653,0.07346059980841568,1.0,1.0,11111.111111111108,1.0189502045047585,0.07326245044584494,0.07365808704772271,0.07325517762392474,0.07365178257009568
ridge_frequency2,2,2,100000,oracle,5,100,0.005591091336264864,-0.005391620791086221,0.001487567187374191,0.005391620791086221,1.0,1.0,4000.0,1.031297533228392,0.0052957260386663875,0.005887619256510619,-0.005681641262739393,-0.005094012315127417
ridge_frequency2,2,2,300000,ell=1,1,30,0.12794828759773066,0.12794826742222573,7.308126480916226e-05,0.12794826742222573,1.0,1.0,300000.0,1.0036503797334682,0.1279225448844823,0.12797363927438266,0.12792253233049383,0.1279736171773713
ridge_frequency2,2,2,300000,bound,3,30,0.0817310703033825,0.08172989579498822,0.0004456528842719716,0.08172989579498822,1.0,1.0,33333.33333333334,1.0109341021583584,0.08157315038062637,0.08188747821095976,0.08157207173679691,0.08188670995169534
ridge_frequency2,2,2,300000,oracle,5,30,0.008289913571705438,0.00825797790198666,0.000739385576687224,0.00825797790198666,1.0,1.0,12000.0,1.0180669323735687,0.008024589151518765,0.008552353056524626,0.00799464372364144,0.008525518096500645
ridge_frequency2,2,2,1000000,ell=1,1,30,0.12962087413643067,0.1296208709782486,2.9102659390666042e-05,0.1296208709782486,1.0,1.0,1000000.0,1.0019969032159926,0.12961023359090718,0.1296311998963786,0.1296102285614788,0.12963119740771656
ridge_frequency2,2,2,1000000,bound,3,30,0.08684242824856848,0.08684189319205024,0.000310057160973951,0.08684189319205024,1.0,1.0,111111.1111111111,1.005993182948927,0.08672950367687954,0.08695261383935449,0.0867287747753256,0.08695211910300414
ridge_frequency2,2,2,1000000,oracle,6,30,0.0017248624278334984,-0.0016540499209596999,0.000497513736346369,0.0016540499209596999,1.0,1.0,27777.77777777777,1.011860526014624,0.0015494418532329452,0.0018747156642849694,-0.001815604175515924,-0.0014731830315426638
ridge_frequency2,2,5,1000,ell=1,1,100,0.037060345289713595,-0.03581364019502264,0.009579669601346682,0.03581364019502264,1.0,1.0,1000.0,1.1668601631010587,0.03508628992674567,0.03883650163690465,-0.03769381546967668,-0.033838312011074435
ridge_frequency2,2,5,1000,bound,1,100,0.037060345289713595,-0.03581364019502264,0.009579669601346682,0.03581364019502264,1.0,1.0,1000.0,1.1668601631010587,0.035256367331067025,0.03877650268221377,-0.03759239476807214,-0.034026172955822026
ridge_frequency2,2,5,1000,oracle,1,100,0.037060345289713595,-0.03581364019502264,0.009579669601346682,0.03581364019502264,1.0,1.0,1000.0,1.1668601631010587,0.035089601035279014,0.03879318776579986,-0.037562591051100734,-0.03386959248321429
ridge_frequency2,2,5,3000,ell=1,1,100,0.037362993213035475,0.03720497952487948,0.0034498953857120874,0.03720497952487948,1.0,1.0,3000.0,1.0945940480317704,0.03670998390120676,0.038029823479656465,0.036549221427513066,0.037886271069076716
ridge_frequency2,2,5,3000,bound,1,100,0.037362993213035475,0.03720497952487948,0.0034498953857120874,0.03720497952487948,1.0,1.0,3000.0,1.0945940480317704,0.036666759400094825,0.03805351479208121,0.03650180530007098,0.03790205898365404
ridge_frequency2,2,5,3000,oracle,1,100,0.037362993213035475,0.03720497952487948,0.0034498953857120874,0.03720497952487948,1.0,1.0,3000.0,1.0945940480317704,0.03667005352660408,0.038036134239168296,0.03652293276933688,0.03786490303028894
ridge_frequency2,2,5,10000,ell=1,1,100,0.08093637991152759,0.08092274696457089,0.001492952092555556,0.08092274696457089,1.0,1.0,10000.0,1.050661988721844,0.08064061087866096,0.08123528811449339,0.08062992862550716,0.08122014458176308
ridge_frequency2,2,5,10000,bound,1,100,0.08093637991152759,0.08092274696457089,0.001492952092555556,0.08092274696457089,1.0,1.0,10000.0,1.050661988721844,0.08065101315144421,0.08122552998852012,0.0806392783617894,0.08121308848413962
ridge_frequency2,2,5,10000,oracle,1,100,0.08093637991152759,0.08092274696457089,0.001492952092555556,0.08092274696457089,1.0,1.0,10000.0,1.050661988721844,0.08065284963284484,0.08121946600502497,0.08064065856381065,0.08120591592278724
ridge_frequency2,2,5,30000,ell=1,1,100,0.10248657298709402,0.10248464510062226,0.0006317853797859198,0.10248464510062226,1.0,1.0,30000.0,1.0291226836381298,0.102365250910388,0.10260707891942261,0.10236345907795134,0.10260501759622329
ridge_frequency2,2,5,30000,bound,1,100,0.10248657298709402,0.10248464510062226,0.0006317853797859198,0.10248464510062226,1.0,1.0,30000.0,1.0291226836381298,0.10236530748491413,0.10260891876478277,0.1023633303447747,0.10260715772763189
ridge_frequency2,2,5,30000,oracle,2,100,0.041853357809064864,-0.041825105262308655,0.001545318668849163,0.041825105262308655,1.0,1.0,937.5,1.1711869484613966,0.04156082098422579,0.04216548086533107,-0.042137754671383684,-0.04153167252168765
ridge_frequency2,2,5,100000,ell=1,1,100,0.11574366632089297,0.11574333219087325,0.0002795139276262013,0.11574333219087325,1.0,1.0,100000.0,1.0159025525099845,0.11568717098457332,0.11579896004537797,0.11568687845351859,0.11579864700939006
ridge_frequency2,2,5,100000,bound,1,100,0.11574366632089297,0.11574333219087325,0.0002795139276262013,0.11574333219087325,1.0,1.0,100000.0,1.0159025525099845,0.1156880419780944,0.11579474322429087,0.11568768999614029,0.1157943887847503
ridge_frequency2,2,5,100000,oracle,2,100,0.039195171184088946,0.03918910852320963,0.000692832938697131,0.03918910852320963,1.0,1.0,3125.0,1.0917822698165782,0.0390630136685291,0.03933204837445074,0.03905846799509547,0.0393259688636319
ridge_frequency2,2,5,300000,ell=1,1,30,0.12244934891279752,0.12244928524474995,0.00012700346679902656,0.12244928524474995,1.0,1.0,300000.0,1.0091485471198707,0.12240527634469543,0.12249281796863022,0.122405216141108,0.1224927785747594
ridge_frequency2,2,5,300000,bound,2,30,0.07892853494426008,0.07892810512976425,0.00026493149180345125,0.07892810512976425,1.0,1.0,9375.0,1.052500358621164,0.07883299391643706,0.07901985212710684,0.07883266632264503,0.07901934537399673
ridge_frequency2,2,5,300000,oracle,3,30,0.057082670450893415,-0.057079325941463185,0.000628475885068435,0.057079325941463185,1.0,1.0,1234.5679012345674,1.1482752647748127,0.05686573360290423,0.057304184580733705,-0.05730122404754698,-0.05686259470739203
ridge_frequency2,2,5,1000000,ell=1,1,30,0.12661414442237576,0.12661413562645832,4.800188632239685e-05,0.12661413562645832,1.0,1.0,1000000.0,1.005004488803835,0.12659776262184533,0.12663069462197937,0.12659775599157153,0.12663068552070528
ridge_frequency2,2,5,1000000,bound,2,30,0.10302960145321395,0.10302954324472344,0.00011139116429915271,0.10302954324472344,1.0,1.0,31250.0,1.0285394584675485,0.10299112242584951,0.10306695187728702,0.1029910388543897,0.10306691340607597
ridge_frequency2,2,5,1000000,oracle,3,30,0.012620020559909642,0.012614231977037094,0.0003887254532047537,0.012614231977037094,1.0,1.0,4115.226337448561,1.07971063415722,0.012486399171958179,0.012764913910314592,0.012480943715260743,0.012758462349423379
ridge_medium,1,2,1000,ell=1,1,100,0.06483101951755595,0.06455596564714539,0.005995654238511701,0.06455596564714539,1.0,1.0,1000.0,1.06338237396614,0.063703858560336,0.06603227713936496,0.06343463781616995,0.06576644024329396
ridge_medium,1,2,1000,bound,2,100,0.06993908734763563,-0.06844978135124355,0.014428625167681548,0.06844978135124355,1.0,1.0,250.0,1.1256153759554364,0.0670968448524037,0.07292880840023508,-0.07130314591383122,-0.06576954940522409
ridge_medium,1,2,1000,oracle,1,100,0.06483101951755595,0.06455596564714539,0.005995654238511701,0.06455596564714539,1.0,1.0,1000.0,1.06338237396614,0.06370001154013706,0.06601588738053671,0.0634325823459039,0.06574746956090426
ridge_medium,1,2,3000,ell=1,1,100,0.09393983496077601,0.09390329450596901,0.0026330980683328753,0.09390329450596901,1.0,1.0,3000.0,1.0367383787693916,0.09341063844412356,0.0944564444698577,0.09337375881902528,0.09442165022906218
ridge_medium,1,2,3000,bound,2,100,0.008969463936687695,-0.00613077618180417,0.006580109814576244,0.007500079078430091,1.0,1.0,750.0,1.072228287672203,0.007997217295156055,0.00999764517484741,-0.007434976429615984,-0.004883662411085484
ridge_medium,1,2,3000,oracle,2,100,0.008969463936687695,-0.00613077618180417,0.006580109814576244,0.007500079078430091,1.0,1.0,750.0,1.072228287672203,0.007970062359378565,0.009931806311368752,-0.0073729480420172125,-0.004811611786889165
ridge_medium,1,2,10000,ell=1,1,100,0.11118092758826284,0.11117715720023386,0.0009202416574494028,0.11117715720023386,1.0,1.0,10000.0,1.020053260935227,0.11100349238366705,0.11136492193788716,0.11099958637561284,0.11136075727783792
ridge_medium,1,2,10000,bound,2,100,0.02915323098755372,0.028977191855575762,0.0032150575624889616,0.028977191855575762,1.0,1.0,2500.0,1.0397054334884164,0.0285358540286625,0.02974025234708432,0.02836021084400083,0.029577290281668465
ridge_medium,1,2,10000,oracle,2,100,0.02915323098755372,0.028977191855575762,0.0032150575624889616,0.028977191855575762,1.0,1.0,2500.0,1.0397054334884164,0.028517560645332857,0.02977328756243567,0.028336197555248344,0.029600680314808017
ridge_medium,1,2,30000,ell=1,1,100,0.12000062422957819,0.1199999364688022,0.0004083261865351886,0.1199999364688022,1.0,1.0,30000.0,1.0114791922139652,0.11992372948692903,0.12008235218541874,0.11992305661773552,0.12008155383064464
ridge_medium,1,2,30000,bound,2,100,0.047119249927672885,0.047073799085625215,0.0020795185419598223,0.047073799085625215,1.0,1.0,7500.0,1.0228404045407482,0.046708700602038,0.04750949446327746,0.04666595324000924,0.04746105996943949
ridge_medium,1,2,30000,oracle,3,100,0.025379047344948304,-0.02522077459014346,0.002844198989028963,0.02522077459014346,1.0,1.0,3333.3333333333326,1.034138138290741,0.024855374570387823,0.025895704477002957,-0.02575866430090281,-0.024673568693749492
ridge_medium,1,2,100000,ell=1,1,100,0.12525853906961934,0.1252584366351279,0.0001609993381340731,0.1252584366351279,1.0,1.0,100000.0,1.0063163399691617,0.1252268314857485,0.1252906574148581,0.12522672298939452,0.12529055636448194
ridge_medium,1,2,100000,bound,3,100,0.00899129373533344,-0.008851755557316309,0.0015858549580736114,0.008851755557316309,1.0,1.0,11111.111111111108,1.018715640601302,0.008674450928567898,0.009323005366687162,-0.009173404497230258,-0.008547275393803597
ridge_medium,1,2,100000,oracle,3,100,0.00899129373533344,-0.008851755557316309,0.0015858549580736114,0.008851755557316309,1.0,1.0,11111.111111111108,1.018715640601302,0.008675659720193043,0.009320705806918225,-0.009172834211349871,-0.008543521444053542
ridge_medium,1,2,300000,ell=1,1,30,0.12796695517774656,0.12796693817484403,6.709452185313528e-05,0.12796693817484403,1.0,1.0,300000.0,1.0036590598286719,0.12794359239197517,0.1279901833567225,0.12794357642278067,0.12799016775510433
ridge_medium,1,2,300000,bound,3,30,0.0011072696708214476,-0.0008213636076562032,0.0007552628781486184,0.0009008696258693633,1.0,1.0,33333.33333333334,1.0108227870350905,0.0008502917764856497,0.0013387050675328534,-0.0010965726663758166,-0.0005516274384074042
ridge_medium,1,2,300000,oracle,3,30,0.0011072696708214476,-0.0008213636076562032,0.0007552628781486184,0.0009008696258693633,1.0,1.0,33333.33333333334,1.0108227870350905,0.0008551523092134,0.0013393539270781351,-0.0010969980942128186,-0.0005634047061928063
ridge_medium,1,2,1000000,ell=1,1,30,0.1296194631392789,0.12961945979900158,2.9929743602933207e-05,0.12961945979900158,1.0,1.0,1000000.0,1.0019994264683796,0.12960924543215735,0.1296299680016353,0.1296092434642681,0.1296299643385467
ridge_medium,1,2,1000000,bound,3,30,0.004212296378089188,0.004199618140974003,0.000332153236653402,0.004199618140974003,1.0,1.0,111111.1111111111,1.005921305506312,0.0040935546376869025,0.0043330240350075945,0.004085334005116052,0.004316391872813238
ridge_medium,1,2,1000000,oracle,4,30,0.0009705728650281714,-0.0008999147000496056,0.0003697602470617886,0.000900693461039948,1.0,1.0,62500.0,1.0078229678148038,0.0008619522664925879,0.0010690046312743177,-0.0010254750611288549,-0.0007672202445157644
ridge_medium,1,5,1000,ell=1,1,100,0.03703801875903668,-0.036122990816154485,0.008223172978179554,0.036122990816154485,1.0,1.0,1000.0,1.167229362805168,0.03546692051578989,0.03849962937097789,-0.037635858925400334,-0.034545081201221274
ridge_medium,1,5,1000,bound,1,100,0.03703801875903668,-0.036122990816154485,0.008223172978179554,0.036122990816154485,1.0,1.0,1000.0,1.167229362805168,0.03544745446510875,0.03863237016622516,-0.03770595670514315,-0.03449568195545777
ridge_medium,1,5,1000,oracle,1,100,0.03703801875903668,-0.036122990816154485,0.008223172978179554,0.036122990816154485,1.0,1.0,1000.0,1.167229362805168,0.03550006988197492,0.03855997211075115,-0.03769939830538137,-0.03450477016106666
ridge_medium,1,5,3000,ell=1,1,100,0.03747726809440872,0.03728086312672129,0.0038511271270035238,0.03728086312672129,1.0,1.0,3000.0,1.0940077003573416,0.03674418846044279,0.0382131037386535,0.036545479331610904,0.038031849034389914
ridge_medium,1,5,3000,bound,1,100,0.03747726809440872,0.03728086312672129,0.0038511271270035238,0.03728086312672129,1.0,1.0,3000.0,1.0940077003573416,0.03670393384416663,0.03819258642035061,0.03649215527601103,0.03800776389720664
ridge_medium,1,5,3000,oracle,1,100,0.03747726809440872,0.03728086312672129,0.0038511271270035238,0.03728086312672129,1.0,1.0,3000.0,1.0940077003573416,0.03673674852666131,0.03816738049842667,0.03653984413587292,0.03799384133534503
ridge_medium,1,5,10000,ell=1,1,100,0.08053717698248188,0.08052472334576433,0.001423399826608216,0.08052472334576433,1.0,1.0,10000.0,1.050666795165764,0.08026517542802258,0.08082255393445767,0.08025237115493147,0.08081040288997608
ridge_medium,1,5,10000,bound,1,100,0.08053717698248188,0.08052472334576433,0.001423399826608216,0.08052472334576433,1.0,1.0,10000.0,1.050666795165764,0.08024675023649495,0.08082725147116311,0.08023348667575708,0.08081508039384273
ridge_medium,1,5,10000,oracle,1,100,0.08053717698248188,0.08052472334576433,0.001423399826608216,0.08052472334576433,1.0,1.0,10000.0,1.050666795165764,0.0802652697974118,0.0808111451932485,0.08025302476837454,0.08079860202072578
ridge_medium,1,5,30000,ell=1,1,100,0.1024972639057701,0.10249530133701666,0.000637476086485405,0.10249530133701666,1.0,1.0,30000.0,1.0290339473060157,0.10237637256643108,0.10262160256886915,0.10237459702911364,0.10261938315405236
ridge_medium,1,5,30000,bound,1,100,0.1024972639057701,0.10249530133701666,0.000637476086485405,0.10249530133701666,1.0,1.0,30000.0,1.0290339473060157,0.10237569474862154,0.10262699337563255,0.10237400810568882,0.1026252945112108
ridge_medium,1,5,30000,oracle,2,100,0.10129804146135464,-0.1012714715969659,0.0023316540475009327,0.1012714715969659,1.0,1.0,937.5,1.169756538978181,0.10084177351678164,0.101750251501578,-0.1017210724932646,-0.10081135509459459
ridge_medium,1,5,100000,ell=1,1,100,0.11572456693494185,0.11572430027481204,0.00024968300097636553,0.11572430027481204,1.0,1.0,100000.0,1.0158639669573406,0.11567684748392273,0.11577397065308166,0.11567656756671944,0.115773648057083
ridge_medium,1,5,100000,bound,1,100,0.11572456693494185,0.11572430027481204,0.00024968300097636553,0.11572430027481204,1.0,1.0,100000.0,1.0158639669573406,0.11567666905239976,0.11577463491465861,0.1156764603331896,0.11577430437743035
ridge_medium,1,5,100000,oracle,2,100,0.021016211733023607,-0.020988684243584434,0.0010807261543033673,0.020988684243584434,1.0,1.0,3125.0,1.0909432099604701,0.020811594791876616,0.021215470232580167,-0.02118679803694885,-0.02078281896587428
ridge_medium,1,5,300000,ell=1,1,30,0.12246003714301311,0.12245996140983127,0.0001385213942705718,0.12245996140983127,1.0,1.0,300000.0,1.009175487126107,0.12241020247914854,0.12250957754605432,0.12241013281812356,0.1225094878006277
ridge_medium,1,5,300000,bound,2,30,0.018125072120559034,0.01811656144140657,0.0005648688421524844,0.01811656144140657,1.0,1.0,9375.0,1.0519201066538328,0.017906545871611196,0.018316809913682213,0.017896510982938367,0.018311315583237568
ridge_medium,1,5,300000,oracle,2,30,0.018125072120559034,0.01811656144140657,0.0005648688421524844,0.01811656144140657,1.0,1.0,9375.0,1.0519201066538328,0.017923262318488703,0.018303128700848482,0.017910995786404267,0.018298455707627472
ridge_medium,1,5,1000000,ell=1,1,30,0.12661266820650913,0.12661265891828757,4.932663410357974e-05,0.12661265891828757,1.0,1.0,1000000.0,1.0050104659400625,0.12659506136631557,0.12663094423768553,0.12659504950604247,0.12663093337562734
ridge_medium,1,5,1000000,bound,2,30,0.042087422821029126,0.04208642058884224,0.00029541624957151185,0.04208642058884224,1.0,1.0,31250.0,1.0282245438847537,0.04198490858234041,0.04219040846120125,0.04198403553300156,0.04218973218471986
ridge_medium,1,5,1000000,oracle,2,30,0.042087422821029126,0.04208642058884224,0.00029541624957151185,0.04208642058884224,1.0,1.0,31250.0,1.0282245438847537,0.041985576544722264,0.04219181170179188,0.041984634968447204,0.04219043445687894
