n,d,ell,reps,rmse,rmse_low,rmse_high,bias,coverage_mean,coverage_min,truth
1000,5,1,30,0.7589619676756377,0.7344994911165629,0.7825825273617876,0.7559353315984211,1.0,1.0,6.257704449237527
1000,5,2,30,1.0487302040510667,1.0272525756376925,1.0720219581738828,-1.0467902062732826,0.9990333333333333,0.993,6.257704449237527
1000,5,3,30,1.8678847272865342,1.8249084990963704,1.9122251407951294,-1.86403181481842,0.9614333333333334,0.946,6.257704449237527
1000,5,4,30,2.840250680275137,2.763968853651641,2.918461375266297,-2.832035825858911,0.8724999999999999,0.85,6.257704449237527
1000,5,5,30,4.127302351771786,4.042412427456105,4.219865776309168,-4.1201727256024006,0.7624333333333332,0.679,6.257704449237527
1000,5,6,30,5.463222188117481,5.3534833935190855,5.579500091815081,-5.454532200634241,0.6229,0.537,6.257704449237527
1000,5,7,30,6.774071154675707,6.64334002837593,6.898259620608014,-6.764172011687364,0.4585666666666668,0.359,6.257704449237527
1000,5,8,30,7.90574845012338,7.771676910333275,8.041989903671999,-7.896369076448928,0.3030666666666667,0.21,6.257704449237527
1000,5,9,30,8.794528894457665,8.688848275012807,8.903370052877541,-8.788963908009464,0.17883333333333334,0.096,6.257704449237527
1000,5,10,30,9.486834600327999,9.341707226779292,9.624601330377942,-9.478294059055221,0.10139999999999999,0.055,6.257704449237527
1000,5,11,30,10.026446734978727,9.88006149548056,10.179307254160229,-10.017689952280671,0.055700000000000006,0.023,6.257704449237527
1000,5,12,30,10.503908661999816,10.342720046286574,10.66794037165658,-10.493738394264785,0.029966666666666673,0.013,6.257704449237527
1000,5,13,30,11.276737651301813,11.018030174464739,11.552760578030469,-11.251994602828482,0.01606666666666667,0.004,6.257704449237527
1000,5,14,30,11.215609445940753,10.62550481539203,11.813276534287422,-11.069593462257266,0.007200000000000001,0.0,6.257704449237527
1000,5,15,30,11.43904568395014,10.937660800993276,11.882772491486511,-11.351420539332274,0.005433333333333334,0.0,6.257704449237527
1000,5,16,30,10.82530152114325,9.982738330748676,11.671002249197638,-10.505027113888756,0.0027666666666666673,0.0,6.257704449237527
1000,5,17,30,11.121590242751438,10.092796399620228,12.03980993469049,-10.720016312338249,0.0018333333333333333,0.0,6.257704449237527
1000,5,18,30,10.59444610316162,9.34607788864324,11.780043571275332,-10.024043147920025,0.0010000000000000002,0.0,6.257704449237527
1000,5,19,30,9.615375985754739,8.29701418650871,10.85021088266107,-8.978351653902392,0.0005333333333333334,0.0,6.257704449237527
1000,5,20,30,9.157883290451016,7.895748668945951,10.36593876152837,-8.578514623963644,0.0005,0.0,6.257704449237527
1000,5,21,30,7.969914610127391,6.7375304054782434,9.277054831005211,-7.4947005615025635,0.00030000000000000003,0.0,6.257704449237527
1000,5,22,30,8.513306329767868,7.320898937234341,9.626522074794872,-8.030337009530069,0.0004,0.0,6.257704449237527
1000,5,23,30,10.04886166873042,8.42073604206687,11.573136837016172,-9.162282385630512,0.0006000000000000001,0.0,6.257704449237527
1000,5,24,30,7.623894909665139,6.418082503548746,9.065545916556527,-7.1763580739120565,0.00013333333333333334,0.0,6.257704449237527
1000,5,25,30,7.455180688997949,6.425794428251842,8.539298115435379,-7.110529299269413,0.00013333333333333334,0.0,6.257704449237527
1000,5,26,30,7.054665816422145,6.257704449237527,8.21784667917251,-6.769886520249577,0.0001,0.0,6.257704449237527
1000,5,27,30,6.547393559478247,6.257704449237527,7.091357932023837,-6.457966064931499,3.3333333333333335e-05,0.0,6.257704449237527
1000,5,28,30,7.331205348390091,6.257704449237527,8.558265613437735,-6.97222117657532,0.0001,0.0,6.257704449237527
1000,5,29,30,6.257704449237527,6.257704449237527,6.257704449237527,-6.257704449237528,0.0,0.0,6.257704449237527
1000,5,30,30,7.103790288022538,6.257704449237527,8.311414375877073,-6.796733758761132,6.666666666666667e-05,0.0,6.257704449237527
1000,5,31,30,6.257704449237527,6.257704449237527,6.257704449237527,-6.257704449237528,0.0,0.0,6.257704449237527
1000,5,32,30,6.257704449237527,6.257704449237527,6.257704449237527,-6.257704449237528,0.0,0.0,6.257704449237527
1000,5,33,30,6.816866286142312,6.257704449237527,7.81609032326372,-6.585027741958729,3.3333333333333335e-05,0.0,6.257704449237527
1000,5,34,30,6.805447408334788,6.257704449237527,7.7861809210175545,-6.580168125971139,3.3333333333333335e-05,0.0,6.257704449237527
1000,5,35,30,6.580543719005574,6.257704449237527,7.182822353728153,-6.47533748827282,3.3333333333333335e-05,0.0,6.257704449237527
1000,5,36,30,6.257704449237527,6.257704449237527,6.257704449237527,-6.257704449237528,0.0,0.0,6.257704449237527
1000,5,37,30,6.583369104503915,6.257704449237527,7.190585257849026,-6.476789383644792,3.3333333333333335e-05,0.0,6.257704449237527
1000,5,38,30,6.257704449237527,6.257704449237527,6.257704449237527,-6.257704449237528,0.0,0.0,6.257704449237527
1000,5,39,30,6.257704449237527,6.257704449237527,6.257704449237527,-6.257704449237528,0.0,0.0,6.257704449237527
1000,5,40,30,6.257704449237527,6.257704449237527,6.257704449237527,-6.257704449237528,0.0,0.0,6.257704449237527
3000,5,1,30,0.8094346894822608,0.7965597928196934,0.8220098143064204,0.808599787758226,1.0,1.0,6.257704449237527
3000,5,2,30,0.443520755277119,0.43258732510369036,0.4554308100104124,-0.4422320260012861,1.0,1.0,6.257704449237527
3000,5,3,30,0.8722805322300045,0.8535701163910567,0.8906415691619105,-0.8705932673660772,0.9899888888888888,0.9843333333333332,6.257704449237527
3000,5,4,30,1.5155673004098755,1.4790751334365166,1.5496299012863175,-1.5122217077158815,0.9541777777777779,0.9443333333333334,6.257704449237527
3000,5,5,30,2.2747365239540267,2.2181935927715384,2.3288010017505347,-2.26912268493726,0.910711111111111,0.885,6.257704449237527
3000,5,6,30,3.1819871415225145,3.1128511436163366,3.2574480298818758,-3.1752486440310337,0.8516888888888889,0.8113333333333334,6.257704449237527
3000,5,7,30,4.1346705515414675,4.053551252604232,4.219026584805892,-4.127603547877086,0.7652666666666669,0.7046666666666667,6.257704449237527
3000,5,8,30,5.149110511593239,5.045325972995836,5.248334660217619,-5.1408523723294355,0.6585,0.5913333333333334,6.257704449237527
3000,5,9,30,6.127376660392066,6.0221656220374316,6.2341144365493255,-6.120512274671504,0.5418222222222222,0.4253333333333333,6.257704449237527
3000,5,10,30,7.0861677637221865,6.965214296066474,7.20479595146022,-7.078208886932981,0.4181777777777777,0.3163333333333333,6.257704449237527
3000,5,11,30,7.8867113411169925,7.77232770721493,7.998658412929656,-7.880487536653178,0.3023111111111111,0.2093333333333333,6.257704449237527
3000,5,12,30,8.658251563196478,8.550372953752083,8.761771835861758,-8.65298049499148,0.2094444444444444,0.121,6.257704449237527
3000,5,13,30,9.24784658328253,9.13694351317992,9.353051576058004,-9.242430692981667,0.13469999999999996,0.076,6.257704449237527
3000,5,14,30,9.679652109009545,9.587187424926592,9.783173766802392,-9.675911032696439,0.08491111111111108,0.0496666666666666,6.257704449237527
3000,5,15,30,10.127625155944152,10.01389451632424,10.243347577997818,-10.12243152356776,0.05317777777777774,0.019,6.257704449237527
3000,5,16,30,10.561120126255602,10.450817729825598,10.680241438083547,-10.556405401964687,0.034244444444444404,0.0186666666666666,6.257704449237527
3000,5,17,30,10.865330267745719,10.687547862422878,11.052101024982282,-10.85402773206659,0.021499999999999977,0.012,6.257704449237527
3000,5,18,30,11.277520411659662,11.083516931835684,11.50651429939356,-11.263228613964094,0.014466666666666645,0.0056666666666666,6.257704449237527
3000,5,19,30,11.286484935736668,11.096937120452946,11.471274232411396,-11.273954789412517,0.00928888888888885,0.003,6.257704449237527
3000,5,20,30,11.818643629682578,11.60852420311589,12.028992200054057,-11.803322827515709,0.0061888888888888575,0.002,6.257704449237527
3000,5,21,30,11.788998827562084,11.316802200434564,12.200636727280589,-11.71021109562443,0.004199999999999977,0.0,6.257704449237527
3000,5,22,30,12.226074387323083,11.822207199430318,12.682246212670613,-12.172457182605234,0.0031222222222221903,0.0003333333333333,6.257704449237527
3000,5,23,30,12.489742504601375,11.818081833259221,13.204427201397353,-12.3487181967965,0.0020444444444444104,0.0,6.257704449237527
3000,5,24,30,13.071202380678622,12.509150361896454,13.651671208679788,-12.976171544654095,0.0019444444444444069,0.0003333333333333,6.257704449237527
3000,5,25,30,12.513251669816416,11.71444484741874,13.31255106919803,-12.299527144785879,0.0012333333333332968,0.0,6.257704449237527
3000,5,26,30,13.791778070714903,12.942574949863545,14.641416605849757,-13.579532461160152,0.0008999999999999633,0.0,6.257704449237527
3000,5,27,30,12.83729238352551,11.991350292422569,13.568080069360535,-12.630603633418191,0.0006666666666666334,0.0,6.257704449237527
3000,5,28,30,12.85509649112511,11.417928594133278,14.303093850463013,-12.297653370687984,0.0008111111111110834,0.0,6.257704449237527
3000,5,29,30,11.395364569086917,10.210234754211758,12.415214377158772,-10.90823386377799,0.00043333333333330664,0.0,6.257704449237527
3000,5,30,30,12.052486709462775,10.811871263556336,13.29273922426703,-11.475118877023904,0.00047777777777775,0.0,6.257704449237527
3000,5,31,30,10.689139651767041,8.895354183363565,12.596242669619496,-9.77349961092589,0.00028888888888887,0.0,6.257704449237527
3000,5,32,30,11.714948213608144,10.133747950050179,13.15530187224158,-10.886932399137542,0.0003555555555555333,0.0,6.257704449237527
3000,5,33,30,10.79422379856414,9.551229269502139,11.914482345006872,-10.178480261439582,0.0003333333333333133,0.0,6.257704449237527
3000,5,34,30,10.08690465981399,7.937376133868874,12.10132732047132,-8.973877595275829,0.00013333333333332334,0.0,6.257704449237527
3000,5,35,30,10.30798372134568,8.609972287394324,11.956438996248783,-9.383585028879477,0.00015555555555554334,0.0,6.257704449237527
3000,5,36,30,10.052673238777562,7.852700904212679,12.142504471200725,-8.869303292881677,8.888888888887999e-05,0.0,6.257704449237527
3000,5,37,30,7.790241959401151,6.61229986662621,9.025503245733557,-7.346348276513867,5.555555555555e-05,0.0,6.257704449237527
3000,5,38,30,9.217949697136781,7.559255067012453,10.819836759512267,-8.420973291612452,8.888888888887999e-05,0.0,6.257704449237527
3000,5,39,30,9.843244961525489,7.511596259716158,12.120864184874971,-8.566795876820047,7.777777777776999e-05,0.0,6.257704449237527
3000,5,40,30,9.50640584422019,7.026615896868588,11.899174285286342,-8.272840923813364,5.555555555555e-05,0.0,6.257704449237527
10000,5,1,30,0.8214467745245722,0.8141213041483436,0.828861785597333,0.8211755050035194,1.0,1.0,6.257704449237527
10000,5,2,30,0.15169587388103975,0.14668257146474661,0.15681359251250815,-0.15102008111470078,1.0,1.0,6.257704449237527
10000,5,3,30,0.32916238524361907,0.3196905891358111,0.33795874045728447,-0.328188550798757,0.9970066666666665,0.9956,6.257704449237527
10000,5,4,30,0.7039122764837535,0.6913627618854429,0.716295324083372,-0.7030303776681323,0.9874133333333334,0.983,6.257704449237527
10000,5,5,30,1.102797508439287,1.0826172361367719,1.1228580412165412,-1.1014222928240411,0.9747566666666667,0.9697,6.257704449237527
10000,5,6,30,1.56043722469931,1.5348277458361037,1.5879435999334686,-1.5587257912349592,0.9531066666666667,0.9447,6.257704449237527
10000,5,7,30,2.1234848943621203,2.0874577159465915,2.1614399373478563,-2.1209287584330587,0.9234766666666666,0.9068,6.257704449237527
10000,5,8,30,2.7518181743949874,2.7075892899183724,2.7956997324300894,-2.7488386263201448,0.8805666666666666,0.8555,6.257704449237527
10000,5,9,30,3.431194987577702,3.3772865342797926,3.4874464493249318,-3.427672697084566,0.8276233333333334,0.7891,6.257704449237527
10000,5,10,30,4.154879146462836,4.09100240875657,4.219938139172695,-4.1511669940253135,0.76179,0.7115,6.257704449237527
10000,5,11,30,4.894598402632609,4.817326052636995,4.974162861575698,-4.8901400061524205,0.6856399999999998,0.6154,6.257704449237527
10000,5,12,30,5.647899983236282,5.566917406953476,5.730019970450153,-5.643597636793419,0.6038100000000001,0.5272,6.257704449237527
10000,5,13,30,6.360856142717019,6.280683550317154,6.441666482043064,-6.356602472649689,0.5116933333333333,0.4263,6.257704449237527
10000,5,14,30,7.0546983973982025,6.969865503243684,7.1373695891302695,-7.050807667472464,0.42349,0.3413,6.257704449237527
10000,5,15,30,7.683718424967293,7.606678659088665,7.763246672739363,-7.680492143733401,0.33533666666666667,0.2517,6.257704449237527
10000,5,16,30,8.24628203766942,8.174837802050881,8.32019376476736,-8.243888124881293,0.25997000000000003,0.1848,6.257704449237527
10000,5,17,30,8.731437343438747,8.658016586259382,8.810457047686764,-8.728852197566423,0.19301333333333337,0.1331,6.257704449237527
10000,5,18,30,9.17106051387957,9.106030500782266,9.232637654051326,-9.169214549032727,0.14132333333333336,0.0907,6.257704449237527
10000,5,19,30,9.564462955185048,9.487902359786611,9.641442636337496,-9.56216340395868,0.10161333333333333,0.0636,6.257704449237527
10000,5,20,30,9.904472769154903,9.855936312220576,9.95476679725989,-9.903507771679726,0.07127333333333334,0.0395,6.257704449237527
10000,5,21,30,10.185731959363824,10.11238989725587,10.255459765301461,-10.183848784446727,0.05204999999999999,0.0286,6.257704449237527
10000,5,22,30,10.517700511567083,10.431555486798244,10.597533473711545,-10.515220673393177,0.03573,0.0209,6.257704449237527
10000,5,23,30,10.726697915898745,10.655496214161808,10.802863430513746,-10.724601972649348,0.026269999999999995,0.0139,6.257704449237527
10000,5,24,30,10.91935548405507,10.817958126792727,11.036374090834366,-10.915475134097635,0.018213333333333335,0.0076,6.257704449237527
10000,5,25,30,11.21232554271358,11.131145636541097,11.29753967832053,-11.20999584299417,0.013623333333333333,0.007,6.257704449237527
10000,5,26,30,11.451180544852082,11.367504981519236,11.537821119796671,-11.448556935618516,0.009746666666666666,0.0058,6.257704449237527
10000,5,27,30,11.605552702220335,11.512522326591574,11.700412748828782,-11.602578565012445,0.007853333333333332,0.0037,6.257704449237527
10000,5,28,30,11.928212105010711,11.787922480003505,12.070746131344071,-11.921752740664278,0.00547,0.0024,6.257704449237527
10000,5,29,30,11.966064781440641,11.81316486289266,12.115535753658145,-11.958469089367192,0.004043333333333334,0.0018,6.257704449237527
10000,5,30,30,12.20066520579819,12.026123214507185,12.388749160745599,-12.190657595772722,0.003346666666666667,0.001,6.257704449237527
10000,5,31,30,12.357253846975205,12.163941549453428,12.575784654896466,-12.343678359278961,0.0026699999999999996,0.0014,6.257704449237527
10000,5,32,30,12.33212970823922,12.127974162091471,12.523527809772766,-12.318828422239962,0.0020666666666666667,0.0009,6.257704449237527
10000,5,33,30,12.71698982422387,12.443885647723903,13.043124743776946,-12.690366826259162,0.0016033333333333336,0.0007,6.257704449237527
10000,5,34,30,12.613365750920064,12.133661865079294,13.02849208110476,-12.52830438461621,0.0014333333333333336,0.0,6.257704449237527
10000,5,35,30,13.037798122360822,12.681385155968082,13.402219474323193,-13.002338270737775,0.0010466666666666667,0.0003,6.257704449237527
10000,5,36,30,12.83062781972826,12.46416725290708,13.194846561235256,-12.787922803342472,0.0010433333333333334,0.0001,6.257704449237527
10000,5,37,30,13.076675295813828,12.707988791819197,13.445096906581869,-13.03220515613092,0.0008066666666666668,0.0003,6.257704449237527
10000,5,38,30,13.218930768759964,12.900356415618466,13.561339361302691,-13.188982379755954,0.0006866666666666668,0.0001,6.257704449237527
10000,5,39,30,13.984174575015908,13.52774604162702,14.458164951247591,-13.92705245714207,0.0005066666666666667,0.0002,6.257704449237527
10000,5,40,30,13.399183079341656,12.728908170114279,13.912190969481355,-13.27594370382125,0.0004733333333333333,0.0,6.257704449237527
20000,2,1,30,0.14435014972054402,0.1420392455898098,0.14661177878469223,0.14420275120655807,1.0,1.0,2.694036030183455
20000,2,2,30,0.012000134178691843,0.009975722578356935,0.01398356903508962,0.010341570714204969,1.0,1.0,2.694036030183455
20000,2,3,30,0.007121307456936243,0.005225266767206132,0.008818672164743522,0.002358997566363715,0.9999916666666666,0.99995,2.694036030183455
20000,2,4,30,0.0274419140628384,0.02551408310201944,0.02925763809495147,-0.026865423746031826,0.9999899999999999,0.99995,2.694036030183455
20000,2,5,30,0.04226595921734582,0.04020484140950805,0.04431394994841113,-0.041870680017064066,0.999898333333333,0.99975,2.694036030183455
20000,2,6,30,0.05518421439860038,0.053121742194349786,0.05726099626069343,-0.054844119840148926,0.9998799999999998,0.99975,2.694036030183455
20000,2,7,30,0.06620914577489588,0.06403515384011622,0.0682878819828018,-0.06594882452733933,0.9997966666666666,0.9995,2.694036030183455
20000,2,8,30,0.07723442932641626,0.07523250974937404,0.07918225027216691,-0.07703127166533358,0.9996766666666667,0.99945,2.694036030183455
20000,2,9,30,0.08812119144060863,0.08599087959137655,0.09022684860262695,-0.0879079430538567,0.9995816666666669,0.99935,2.694036030183455
20000,2,10,30,0.09967273408691951,0.09755289932824329,0.10190417593680444,-0.09948815078738774,0.9993366666666665,0.99895,2.694036030183455
20000,2,11,30,0.11094237262669478,0.10880759701913008,0.11295117378994773,-0.11078370889916446,0.9991983333333334,0.99885,2.694036030183455
20000,2,12,30,0.12225706761191474,0.12008467900317076,0.1244168444756136,-0.12209852486696524,0.9989666666666664,0.99855,2.694036030183455
20000,2,13,30,0.13370050538339007,0.13142098858660436,0.13590443121580037,-0.13356028853509722,0.99874,0.9984,2.694036030183455
20000,2,14,30,0.14513760046786983,0.1427915785435484,0.1474230045686434,-0.1449963750107133,0.9985633333333334,0.99815,2.694036030183455
20000,2,15,30,0.15687094371923305,0.15444304749192259,0.1591545545581543,-0.1567357552121985,0.9983749999999998,0.9979,2.694036030183455
20000,2,16,30,0.16895982884862523,0.16676270890205183,0.17131062534258062,-0.1688349273072714,0.9981516666666667,0.9976,2.694036030183455
20000,2,17,30,0.18030708082614844,0.17797662038963144,0.18255230254609126,-0.18019539825168385,0.9979366666666668,0.9972,2.694036030183455
20000,2,18,30,0.19286480221541374,0.19009352116406053,0.19548045160421781,-0.19272222034471984,0.9976249999999999,0.99705,2.694036030183455
20000,2,19,30,0.20554312463191646,0.20245417664678092,0.208427533767648,-0.20538000072102475,0.9972750000000001,0.99655,2.694036030183455
20000,2,20,30,0.21743734380795696,0.21477480648107392,0.22018836971694003,-0.21730787369682295,0.9969616666666664,0.9965,2.694036030183455
20000,2,21,30,0.2307216039430746,0.22769478374323662,0.23379505132345607,-0.2305517723037784,0.9965883333333334,0.99555,2.694036030183455
20000,2,22,30,0.2430025782224421,0.2400846239716472,0.24611757767876327,-0.24285425773214014,0.9963466666666668,0.9955,2.694036030183455
20000,2,23,30,0.2558170142878006,0.25268433451736394,0.25873565601884707,-0.25567280563106753,0.9959216666666666,0.99515,2.694036030183455
20000,2,24,30,0.268955026932279,0.2656580586402543,0.2722470032557211,-0.26878891959501383,0.9956450000000001,0.9948,2.694036030183455
20000,2,25,30,0.28250836702541327,0.2791488525879222,0.28589833505901663,-0.28235496970132634,0.9953716666666668,0.9944,2.694036030183455
20000,2,26,30,0.29524527977722465,0.29132290950474465,0.2989570504550029,-0.29505316954846117,0.9948066666666668,0.99375,2.694036030183455
20000,2,27,30,0.3085862338222644,0.304758368717309,0.3122612386947513,-0.30841529195918993,0.9944850000000002,0.99355,2.694036030183455
20000,2,28,30,0.3216430301856955,0.31764630839810537,0.32525924490203917,-0.3214607229858931,0.9939650000000001,0.99325,2.694036030183455
20000,2,29,30,0.3348578423833207,0.3310669082041892,0.3385090462523344,-0.3346989812693584,0.9936133333333335,0.9928,2.694036030183455
20000,2,30,30,0.3482492054109664,0.34433638495859115,0.3522444697328892,-0.3480593853144631,0.9932350000000001,0.9912,2.694036030183455
20000,2,31,30,0.36287819287715833,0.35806291742740404,0.367315598831268,-0.36263689148159867,0.9928450000000002,0.9918,2.694036030183455
20000,2,32,30,0.3754677036984279,0.371286381622823,0.37972866322373283,-0.37527996503171873,0.9921766666666666,0.9914,2.694036030183455
20000,2,33,30,0.3900605913845513,0.38509665258827896,0.3946461466611138,-0.3898268563302393,0.9919966666666666,0.99085,2.694036030183455
20000,2,34,30,0.4033069428800763,0.3986920614225202,0.4081412974280058,-0.4030707494792351,0.9914516666666666,0.9902,2.694036030183455
20000,2,35,30,0.4181506354250351,0.41286196201180525,0.4232377240623588,-0.4179045754972716,0.9908633333333334,0.9894,2.694036030183455
20000,2,36,30,0.430459701187584,0.42507939000649186,0.4356589909478181,-0.4302082779813236,0.9902949999999997,0.9889,2.694036030183455
20000,2,37,30,0.44522583055066783,0.43957156747864456,0.45067878089905233,-0.4449566739450691,0.9900033333333335,0.9884,2.694036030183455
20000,2,38,30,0.4594224647849892,0.4533943820538894,0.4651796823930162,-0.45915489758319095,0.9890900000000001,0.9876,2.694036030183455
20000,2,39,30,0.4742985106069333,0.4682401262036665,0.47999733125994387,-0.4740325074200816,0.9884749999999999,0.98685,2.694036030183455
20000,2,40,30,0.4874531192775149,0.481435915729888,0.4929182803709734,-0.487183853164159,0.9880150000000002,0.98565,2.694036030183455
20000,5,1,30,0.8313167579757017,0.8262958936491533,0.8362863686124626,0.8311935032301324,1.0,1.0,6.257704449237527
20000,5,2,30,0.06079478078739817,0.05660064121666941,0.06492450142058959,-0.0596137437609288,1.0,1.0,6.257704449237527
20000,5,3,30,0.15425550888509842,0.14637144240317543,0.16180469953386972,-0.15263473621848805,0.9984683333333334,0.9977,6.257704449237527
20000,5,4,30,0.42993321645620486,0.42152899302305485,0.4384427685122085,-0.4292005287115007,0.9943033333333332,0.9935,6.257704449237527
20000,5,5,30,0.7009225094350235,0.6867913028666748,0.7144883794329763,-0.6997904811480505,0.9883833333333334,0.9854,6.257704449237527
20000,5,6,30,1.0106880134795113,0.9907140055303152,1.0290041842611402,-1.0092660432402252,0.9767583333333333,0.9719,6.257704449237527
20000,5,7,30,1.3922128778920422,1.3655040243638676,1.4172338884720275,-1.3903480651076512,0.9605650000000002,0.95475,6.257704449237527
20000,5,8,30,1.8420549089288711,1.8075664652223986,1.8740887008695517,-1.8396703167044124,0.939135,0.9306,6.257704449237527
20000,5,9,30,2.3404920690432918,2.294930887817667,2.382066951985558,-2.3373939739085614,0.9087633333333331,0.8955,6.257704449237527
20000,5,10,30,2.8811796232043188,2.8301626841550735,2.9311121104006084,-2.8775793432892485,0.8716133333333332,0.8528,6.257704449237527
20000,5,11,30,3.4650219367908877,3.4080193062083786,3.520889167063282,-3.461025224985492,0.8263733333333333,0.80165,6.257704449237527
20000,5,12,30,4.07132114991729,4.006291119202362,4.134991850573083,-4.067099245223683,0.7716449999999998,0.74135,6.257704449237527
20000,5,13,30,4.682789450689252,4.6077711060017625,4.756624595432503,-4.678207376342221,0.7094900000000001,0.6734,6.257704449237527
20000,5,14,30,5.305332953069253,5.230627653729784,5.382441704216079,-5.300754382371613,0.6410733333333334,0.60385,6.257704449237527
20000,5,15,30,5.915831315980756,5.827439989264132,5.998908429128381,-5.911024820810462,0.5672666666666667,0.52215,6.257704449237527
20000,5,16,30,6.530140890175317,6.451864686542171,6.611352578765872,-6.526107149121608,0.4937816666666666,0.43955,6.257704449237527
20000,5,17,30,7.086426276823924,6.991026415772546,7.174240437562547,-7.081853832691422,0.41566833333333336,0.35915,6.257704449237527
20000,5,18,30,7.61686423119177,7.536170673780382,7.695843235503992,-7.613485444660437,0.3465416666666667,0.2954,6.257704449237527
20000,5,19,30,8.090779010698656,8.008539421446734,8.172002098712008,-8.087717152698279,0.27840666666666664,0.23115,6.257704449237527
20000,5,20,30,8.523198451003923,8.441739889710309,8.596945359320731,-8.52043096076395,0.22106333333333336,0.1772,6.257704449237527
20000,5,21,30,8.905610050218112,8.833792524212784,8.97700753301154,-8.903231236323183,0.17170500000000005,0.1278,6.257704449237527
20000,5,22,30,9.252947541910558,9.1825956297691,9.3235315984,-9.250826123306673,0.13079499999999997,0.09445,6.257704449237527
20000,5,23,30,9.571561026289565,9.501423944898795,9.639720607027602,-9.569730582201409,0.09963000000000001,0.0707,6.257704449237527
20000,5,24,30,9.863881175808523,9.801569831311943,9.923471546816556,-9.86233409911791,0.07518166666666666,0.05365,6.257704449237527
20000,5,25,30,10.118429544355536,10.045816064645956,10.18517332766458,-10.116630881159047,0.05612666666666667,0.03935,6.257704449237527
20000,5,26,30,10.36315638872869,10.296517048410271,10.42814843154946,-10.361500730149649,0.04148333333333333,0.0279,6.257704449237527
20000,5,27,30,10.594004332060875,10.527538627443297,10.660239166031527,-10.5922484406836,0.03146,0.0188,6.257704449237527
20000,5,28,30,10.770907624360252,10.70548909931253,10.837410194095993,-10.769284502600698,0.02390666666666667,0.0144,6.257704449237527
20000,5,29,30,10.988021568136583,10.927703945798058,11.050604576689905,-10.986689091509378,0.017863333333333332,0.0117,6.257704449237527
20000,5,30,30,11.178915566788843,11.100008451613094,11.255159682331223,-11.176835933210702,0.013665,0.0072,6.257704449237527
20000,5,31,30,11.388840608335084,11.30915964209733,11.473796810738591,-11.38649454795823,0.010838333333333335,0.0065,6.257704449237527
20000,5,32,30,11.500798933573442,11.421908824335514,11.579555147831229,-11.49869719242298,0.008301666666666667,0.00455,6.257704449237527
20000,5,33,30,11.640399516248134,11.556504855926372,11.728834687113107,-11.637931377249979,0.006563333333333333,0.00395,6.257704449237527
20000,5,34,30,11.83318457679486,11.749192462813088,11.92563832109611,-11.830781563800091,0.005384999999999999,0.00365,6.257704449237527
20000,5,35,30,11.842411577603288,11.746800135092995,11.945156416799508,-11.838998417922586,0.004235,0.0021,6.257704449237527
20000,5,36,30,12.13892275756782,12.014428108302843,12.276538992725909,-12.13362536482128,0.0033283333333333338,0.0018,6.257704449237527
20000,5,37,30,12.2364707016419,12.128307250516023,12.350192453598428,-12.23248461491474,0.002781666666666667,0.0013,6.257704449237527
20000,5,38,30,12.394245075529621,12.264328685047495,12.520386050978862,-12.389123395798288,0.002341666666666667,0.00085,6.257704449237527
20000,5,39,30,12.391716683978272,12.24574184767465,12.530168160008635,-12.384917417944864,0.0018933333333333335,0.00115,6.257704449237527
20000,5,40,30,12.632084525170157,12.474369030655252,12.802674824261342,-12.62388186943504,0.0015766666666666665,0.00065,6.257704449237527
20000,10,1,30,2.2476472614071894,2.2396316259327658,2.2557385293638323,2.2475363346212673,1.0,1.0,11.922597065646183
20000,10,2,30,2.724958548411948,2.6853812903185883,2.764011091262436,-2.722600122958646,0.9919766666666666,0.9876,11.922597065646183
20000,10,3,30,2.752690869541811,2.6903974954733023,2.8086392707261068,-2.7476177497461616,0.9306366666666666,0.92305,11.922597065646183
20000,10,4,30,4.8762542533560955,4.810206015718812,4.9425737612459475,-4.872560436713,0.8588083333333333,0.8293,11.922597065646183
20000,10,5,30,7.9446478982913895,7.830518226702554,8.054435965462783,-7.93789182070094,0.6682916666666665,0.61315,11.922597065646183
20000,10,6,30,10.922942417510964,10.802280911753348,11.057611929224253,-10.91692918215488,0.4174566666666666,0.3476,11.922597065646183
20000,10,7,30,14.213470164752678,14.059605167759466,14.357753770429186,-14.207452672962525,0.19906000000000004,0.13755,11.922597065646183
20000,10,8,30,16.752732794574868,16.61974229243119,16.8966097145227,-16.748324911430462,0.06555666666666665,0.03565,11.922597065646183
20000,10,9,30,18.709798325862455,18.577453384374444,18.852492792846625,-18.70578297816763,0.015361666666666666,0.0074,11.922597065646183
20000,10,10,30,20.207547830772583,20.017587255655968,20.393914337877277,-20.200206659722205,0.002985,0.0014,11.922597065646183
20000,10,11,30,20.64668638306719,20.01951541244895,21.137043214117504,-20.563054105467163,0.0006216666666666666,0.0,11.922597065646183
20000,10,12,30,19.43424842454414,17.58478451969451,21.022412262959474,-18.702655980962355,0.0001233333333333333,0.0,11.922597065646183
20000,20,1,30,5.3900155455321075,5.369773701391401,5.410984473782355,5.38969786794468,1.0,1.0,22.96956007735571
20000,20,2,30,9.250144096378015,9.117765082379274,9.377861390366453,-9.242994797062476,0.30899,0.2962,22.96956007735571
20000,20,3,30,9.826725508504815,9.709081304939396,9.951002336437927,-9.82123295268394,0.49239166666666667,0.4536,22.96956007735571
20000,20,4,30,22.775778492510508,22.48583128878247,23.033953502076358,-22.762644101772782,0.065395,0.0498,22.96956007735571
20000,20,5,30,31.692309828821035,31.167872892812372,32.24915288029763,-31.657774173127017,0.004971666666666667,0.0028,22.96956007735571
20000,20,6,30,26.93351569932951,24.305554545981597,29.736138460114606,-26.14201378167729,2.9999999999999994e-05,0.0,22.96956007735571
20000,20,7,30,22.969560077355712,22.969560077355712,22.969560077355712,-22.96956007735571,0.0,0.0,22.96956007735571
20000,20,8,30,22.969560077355712,22.969560077355712,22.969560077355712,-22.96956007735571,0.0,0.0,22.96956007735571
30000,5,1,30,0.8283579605969716,0.822986512902674,0.8342401161456481,0.8282118052065996,1.0,1.0,6.257704449237527
30000,5,2,30,0.028889869411878464,0.02358535345236142,0.033708528755724276,-0.0246811486340917,1.0,1.0,6.257704449237527
30000,5,3,30,0.09544465906060084,0.08811620601758917,0.10175656819736262,-0.09334705300151305,0.9988766666666666,0.9981333333333332,6.257704449237527
30000,5,4,30,0.3321700970032118,0.32341880130182143,0.3404854206324743,-0.3312449861723908,0.9963711111111111,0.9958666666666668,6.257704449237527
30000,5,5,30,0.549087362020179,0.5365572699432397,0.5603176072524584,-0.5480405812458177,0.9922277777777777,0.9904,6.257704449237527
30000,5,6,30,0.8026908241224358,0.7870904682090649,0.8172305530156215,-0.8014941714900482,0.9839455555555555,0.9811666666666666,6.257704449237527
30000,5,7,30,1.1145614898484553,1.0924292164361684,1.1341942141162618,-1.112993792981235,0.9721400000000001,0.9656,6.257704449237527
30000,5,8,30,1.4905611840967552,1.462210913191349,1.5160011983997495,-1.488623035438086,0.9568566666666667,0.9494333333333334,6.257704449237527
30000,5,9,30,1.9081437442074973,1.8747849511946093,1.940518226939007,-1.9056222430437582,0.9353122222222221,0.9258666666666666,6.257704449237527
30000,5,10,30,2.36374561694169,2.321313379080372,2.4024961025678424,-2.3609000889872402,0.9067066666666669,0.8917333333333334,6.257704449237527
30000,5,11,30,2.8658682502486,2.8168410597340916,2.914828773523756,-2.862526421745265,0.8725599999999999,0.8507333333333333,6.257704449237527
30000,5,12,30,3.401356684769409,3.344764778567571,3.457617787270205,-3.397825183126304,0.8312611111111111,0.8055666666666667,6.257704449237527
30000,5,13,30,3.949465034942892,3.884796097709137,4.0119794711077015,-3.945303806493681,0.7818044444444444,0.7527333333333334,6.257704449237527
30000,5,14,30,4.509872795341099,4.442500881475501,4.576942360897131,-4.505553619458793,0.7275333333333335,0.6932666666666667,6.257704449237527
30000,5,15,30,5.07848661317562,5.000999360465262,5.147212861033871,-5.0743538284853065,0.6662844444444447,0.6257,6.257704449237527
30000,5,16,30,5.652644384114263,5.571799677218072,5.724553687027365,-5.648274049396983,0.6009088888888888,0.5501666666666667,6.257704449237527
30000,5,17,30,6.200726862079688,6.116373191829422,6.278162492713652,-6.196468714186421,0.5328499999999999,0.4865,6.257704449237527
30000,5,18,30,6.741527865133008,6.661879489650992,6.819812484201154,-6.737524992061463,0.46319222222222217,0.4139,6.257704449237527
30000,5,19,30,7.247668229057772,7.16204628046481,7.324433918339397,-7.24394412587797,0.39571888888888895,0.3474333333333333,6.257704449237527
30000,5,20,30,7.72325732500789,7.633664874336321,7.802768009605277,-7.719713193847723,0.33146111111111115,0.2786333333333333,6.257704449237527
30000,5,21,30,8.15145243682807,8.070134338686692,8.225524535470475,-8.14850926812503,0.27076999999999996,0.2204333333333333,6.257704449237527
30000,5,22,30,8.5541522015105,8.472219486547703,8.621946446768412,-8.551496127740421,0.21824555555555553,0.1763,6.257704449237527
30000,5,23,30,8.897633629365087,8.821487249530458,8.966532390165442,-8.895191070596264,0.17350333333333331,0.1357333333333333,6.257704449237527
30000,5,24,30,9.22731704084425,9.153390378090977,9.294017026820002,-9.22528590508173,0.13583444444444442,0.1045333333333333,6.257704449237527
30000,5,25,30,9.503374713930214,9.425605875330739,9.571989642286894,-9.501188530376117,0.10594999999999995,0.0799,6.257704449237527
30000,5,26,30,9.779493077954115,9.712299149892393,9.837792862400832,-9.77767757226147,0.08147333333333329,0.0621333333333333,6.257704449237527
30000,5,27,30,10.007306395382397,9.938657182438236,10.070190829336573,-10.005470499883645,0.06284666666666665,0.0449666666666666,6.257704449237527
30000,5,28,30,10.23850053778165,10.180042738734956,10.295676587671771,-10.237191782716653,0.04911999999999995,0.0358666666666666,6.257704449237527
30000,5,29,30,10.476253037461687,10.402438570578548,10.54258014745924,-10.474424880566316,0.03736888888888886,0.0247666666666666,6.257704449237527
30000,5,30,30,10.676607495323346,10.61189541072933,10.73454072378687,-10.675178633875742,0.029009999999999973,0.0198666666666666,6.257704449237527
30000,5,31,30,10.885708434563925,10.811391086333893,10.955373186954901,-10.883902462887573,0.02211222222222219,0.0146666666666666,6.257704449237527
30000,5,32,30,11.047215791259141,10.974982651424822,11.112457999489404,-11.04551634944351,0.01738777777777775,0.0123666666666666,6.257704449237527
30000,5,33,30,11.207982908376104,11.13479264691687,11.276174930098296,-11.206307259444403,0.01342111111111107,0.0078333333333333,6.257704449237527
30000,5,34,30,11.33551889513329,11.283064966064499,11.383694879719274,-11.334565695667907,0.011077777777777747,0.0071,6.257704449237527
30000,5,35,30,11.520580476171691,11.449247915885353,11.589789296557651,-11.51888798684463,0.008599999999999958,0.0051666666666666,6.257704449237527
30000,5,36,30,11.628301692017622,11.552934803008414,11.700905377755552,-11.62639440410267,0.007006666666666641,0.0045,6.257704449237527
30000,5,37,30,11.801229239248874,11.70778414163892,11.898842548505632,-11.798268712336055,0.005589999999999965,0.0033333333333333,6.257704449237527
30000,5,38,30,11.935726421868319,11.84730678550994,12.028984139393732,-11.932873071598545,0.004485555555555518,0.0030666666666666,6.257704449237527
30000,5,39,30,12.093183998750028,11.971755357775685,12.222715289686773,-12.08848751904648,0.003913333333333293,0.0026666666666666,6.257704449237527
30000,5,40,30,12.256360843102138,12.137966208734431,12.37427431030534,-12.251739481253031,0.0031077777777777506,0.0019666666666666,6.257704449237527
