method,count,accuracy,sd,repeats
KL k=1,1,0.563024263919383,0.0005429066464556688,3
KL k=1,2,0.5853177954174408,0.002585365648416379,3
KL k=1,3,0.6225299780442493,0.0067745891302589695,3
KL k=1,4,0.6717896751674829,0.001436395971645896,3
KL k=1,5,0.6897483533186962,0.005843216987673124,3
KL k=1,6,0.700669931880876,0.0021251574720685634,3
KL k=1,7,0.7118729944266171,0.004150719718778766,3
KL k=1,8,0.7165456285537353,0.004644741616243489,3
KL k=1,9,0.7336598547542645,0.009697603256176683,3
KL k=1,10,0.7592186004616338,0.002787117895510151,3
KL k=1,11,0.7669312616112144,0.002382492143162595,3
KL k=1,12,0.7801047120418848,0.007215000629384813,3
KL k=1,13,0.7838203006248944,0.0076505668994468,3
KL k=1,14,0.7931092720824185,0.009817457611439734,3
KL k=1,15,0.7969937510555649,0.013232861151797953,3
KL k=1,16,0.8026234307267917,0.01021798491831012,3
KL k=1,17,0.8084220007881552,0.016823325402871004,3
KL k=1,18,0.8116309182007543,0.012778132775968936,3
KL k=1,19,0.8143331644429432,0.010615044291767047,3
KL k=1,20,0.8225524967629342,0.005695722510810904,3
KL tuned,1,0.6065979845746777,0.0020430385983926545,3
KL tuned,2,0.6520294995214772,0.006066747183943324,3
KL tuned,3,0.692675786747734,0.007897017983445807,3
KL tuned,4,0.7337161515509768,0.004801757053772442,3
KL tuned,5,0.7459888532342509,0.005035653273391526,3
KL tuned,6,0.7625964082643697,0.004729936116938595,3
KL tuned,7,0.7776839497832574,0.004075592590832234,3
KL tuned,8,0.7913077745876259,0.0022042191015540437,3
KL tuned,9,0.8000900748747396,0.005357668863582783,3
KL tuned,10,0.8058323481393909,0.00845858199702562,3
KL tuned,11,0.807971626414457,0.00967699196134219,3
KL tuned,12,0.815965771547599,0.005457886612899362,3
KL tuned,13,0.8243539942577267,0.004312496313056398,3
KL tuned,14,0.8286888476045714,0.0034211596248918874,3
KL tuned,15,0.832010358610595,0.004735962795259326,3
KL tuned,16,0.8364015087541518,0.003720702953748456,3
KL tuned,17,0.8378652254686708,0.003489947360204677,3
KL tuned,18,0.8415808140516804,0.004984412958410249,3
KL tuned,19,0.8396667229634635,0.004669241522207675,3
KL tuned,20,0.8405111749141474,0.004459900314212287,3
PSS class-aware SC-CV,1,0.600968304903451,0.011757407748018207,3
PSS class-aware SC-CV,2,0.6625570005066712,0.03840464977494327,3
PSS class-aware SC-CV,3,0.6698192872825537,0.04101672724193586,3
PSS class-aware SC-CV,4,0.6919439283904746,0.0224331962667993,3
PSS class-aware SC-CV,5,0.7324213252265946,0.010676669314663692,3
PSS class-aware SC-CV,6,0.7497607386139729,0.009435719329186878,3
PSS class-aware SC-CV,7,0.7665934808309407,0.011558816843282303,3
PSS class-aware SC-CV,8,0.7730113156561392,0.009543427930813527,3
PSS class-aware SC-CV,9,0.7826380678939368,0.00834769691353315,3
PSS class-aware SC-CV,10,0.7905759162303664,0.004098855294548766,3
PSS class-aware SC-CV,11,0.7969374542588527,0.003470824217035079,3
PSS class-aware SC-CV,12,0.8005967460451501,0.005233785753476923,3
PSS class-aware SC-CV,13,0.8044249282215842,0.004628336296586555,3
PSS class-aware SC-CV,14,0.8075212520407589,0.0037550427620676686,3
PSS class-aware SC-CV,15,0.8134324156955469,0.003874675856008526,3
PSS class-aware SC-CV,16,0.8175420818555423,0.0034625962539394433,3
PSS class-aware SC-CV,17,0.81996284411417,0.002321858990857559,3
PSS class-aware SC-CV,18,0.8256488205821088,0.008198290485861121,3
PSS class-aware SC-CV,19,0.8311659066599111,0.010888301147358625,3
PSS class-aware SC-CV,20,0.8349940888363453,0.0052898023183130674,3
PSS theory C=1,1,0.6062039069976918,0.01666147425870774,3
PSS theory C=1,2,0.6293981872431459,0.018107013802146583,3
PSS theory C=1,3,0.6756178573439171,0.011586340319957776,3
PSS theory C=1,4,0.6985306536058098,0.018590988955425606,3
PSS theory C=1,5,0.7320835444463211,0.0058562199900955726,3
PSS theory C=1,6,0.7431177166019253,0.0068997460617515735,3
PSS theory C=1,7,0.7522377976693125,0.0036575591669832518,3
PSS theory C=1,8,0.7582615549175252,0.00583181557781017,3
PSS theory C=1,9,0.7632156730282048,0.006924505995608898,3
PSS theory C=1,10,0.7736868772166864,0.0010273201368515758,3
PSS theory C=1,11,0.7827506614873614,0.002305420844389302,3
PSS theory C=1,12,0.7951922535607724,0.005192750124461054,3
PSS theory C=1,13,0.7985700613635084,0.008645362534621061,3
PSS theory C=1,14,0.8041997410347351,0.007462458407442849,3
PSS theory C=1,15,0.8074649552440466,0.009947342896556098,3
PSS theory C=1,16,0.8113494342171931,0.011702288263009624,3
PSS theory C=1,17,0.8186117209930756,0.003657559166983262,3
PSS theory C=1,18,0.8302088611158025,0.004693613544355005,3
PSS theory C=1,19,0.8343185272757979,0.005443932261876751,3
PSS theory C=1,20,0.8354444632100434,0.004513935998513993,3
