seed,step,rule,ell,pooled_coverage,min_conditional_coverage,score_neff,score_n,absolute_difference
42,1,original_selected_ell,5,1.0,1.0,0.04810356997129514,0.04810356997129514,0.0
42,1,fixed_ell2,2,1.0,1.0,0.03657117212297745,0.03657117212297745,0.0
42,2,original_selected_ell,5,0.9998552193426958,0.9996809189534142,0.14556417957284037,0.14555298967981917,1.118989302120732e-05
42,2,fixed_ell2,2,1.0,1.0,-0.03927037369511024,-0.03927037369511024,0.0
42,3,original_selected_ell,5,0.9989865353988707,0.9976146302676915,0.39127183751134015,0.37644920170310775,0.014822635808232398
42,3,fixed_ell2,2,1.0,1.0,-0.009346758680165301,-0.009346758680165301,0.0
42,4,original_selected_ell,5,0.9965252642246996,0.9916512059369202,0.7834725126949381,0.7248801157336817,0.0585923969612564
42,4,fixed_ell2,2,0.9998552193426958,0.9996024383779486,0.051701461695773866,0.04927185265648688,0.0024296090392869896
42,5,original_selected_ell,3,0.999203706384827,0.998245054243778,0.29916524703539865,0.28890045316295376,0.010264793872444888
42,5,fixed_ell2,2,0.9996380483567395,0.9993618379068283,0.11858484662655104,0.11687088232038474,0.001713964306166299
42,6,original_selected_ell,2,0.999203706384827,0.9977664326738992,0.2730716668823129,0.26352530963632853,0.00954635724598435
42,6,fixed_ell2,2,0.999203706384827,0.9977664326738992,0.2730716668823129,0.26352530963632853,0.00954635724598435
42,7,original_selected_ell,2,0.9986245837556103,0.9953733248245055,0.45824469650488986,0.4349557153224897,0.023288981182400137
42,7,fixed_ell2,2,0.9986245837556103,0.9953733248245055,0.45824469650488986,0.4349557153224897,0.023288981182400137
42,8,original_selected_ell,2,0.9963804835673954,0.9928206764518187,0.7847470793187705,0.7501672424473391,0.0345798368714314
42,8,fixed_ell2,2,0.9963804835673954,0.9928206764518187,0.7847470793187705,0.7501672424473391,0.0345798368714314
42,9,original_selected_ell,1,1.0,1.0,-0.6012587875936579,-0.6012587875936579,0.0
42,9,fixed_ell2,2,0.9947878963370493,0.9899489470325462,0.9561455124088295,0.9096883161398923,0.046457196268937184
42,10,original_selected_ell,1,1.0,1.0,-0.5672283857579778,-0.5672283857579778,0.0
42,10,fixed_ell2,2,0.9926161864774866,0.9851627313337588,1.1674366839336159,1.087693889978551,0.07974279395506478
42,11,original_selected_ell,1,1.0,1.0,-0.5354170947185513,-0.5354170947185513,0.0
42,11,fixed_ell2,2,0.9902996959606196,0.9805360561582642,1.620720473791652,1.4917435803701482,0.12897689342150387
42,12,original_selected_ell,1,1.0,1.0,-0.5063474466936353,-0.5063474466936353,0.0
42,12,fixed_ell2,2,0.9871145214999276,0.9696873005743459,1.9752274493801807,1.7421634961738515,0.23306395320632922
42,13,original_selected_ell,1,1.0,1.0,-0.4775896767135007,-0.4775896767135007,0.0
42,13,fixed_ell2,2,0.9840741276965398,0.9631461391193363,2.2341865539228727,1.9458199122545845,0.2883666416682882
42,14,original_selected_ell,1,1.0,1.0,-0.452163038546306,-0.452163038546306,0.0
42,14,fixed_ell2,2,0.9783552917330245,0.9500638162093171,2.5107463225310176,2.0758973845899393,0.43484893794107826
42,15,original_selected_ell,1,1.0,1.0,-0.4319652662749655,-0.4319652662749655,0.0
42,15,fixed_ell2,2,0.9729984074127697,0.9387364390555201,3.05141069843873,2.4480201947954043,0.6033905036433258
42,16,original_selected_ell,1,1.0,1.0,-0.41790326729477767,-0.41790326729477767,0.0
42,16,fixed_ell2,2,0.9662661068481251,0.9262922782386727,3.2846342208697603,2.4859172415308843,0.798716979338876
42,17,original_selected_ell,1,1.0,1.0,-0.40985684043072756,-0.40985684043072756,0.0
42,17,fixed_ell2,2,0.9616331258143912,0.9135290363752393,3.4741813740513066,2.395209784885423,1.0789715891658838
42,18,original_selected_ell,1,1.0,1.0,-0.4150015108488983,-0.4150015108488983,0.0
42,18,fixed_ell2,2,0.9552627768930071,0.9017230376515635,3.731457212599899,2.516505585965694,1.2149516266342046
42,19,original_selected_ell,1,1.0,1.0,-0.4546342963578118,-0.4546342963578118,0.0
42,19,fixed_ell2,2,0.9375271463732445,0.8656668793873644,4.2692804475590815,2.3548897275540663,1.9143907200050152
42,20,original_selected_ell,1,1.0,1.0,-0.5118227584505496,-0.5118227584505496,0.0
42,20,fixed_ell2,2,0.9268133777327349,0.841576260370134,4.210971950154927,1.7956154411436342,2.4153565090112927
43,1,original_selected_ell,4,1.0,1.0,0.0472408199501967,0.0472408199501967,0.0
43,1,fixed_ell2,2,1.0,1.0,0.032024382257735184,0.032024382257735184,0.0
43,2,original_selected_ell,5,1.0,0.9998674970186829,0.14159335398274364,0.14150853064585733,8.482333688630828e-05
43,2,fixed_ell2,2,1.0,1.0,0.08216925120873485,0.08216925120873485,0.0
43,3,original_selected_ell,2,1.0,1.0,0.16438316919453294,0.16438316919453294,0.0
43,3,fixed_ell2,2,1.0,1.0,0.16438316919453294,0.16438316919453294,0.0
43,4,original_selected_ell,2,0.9997104386853917,0.9993617360778682,0.23103702568056336,0.23077106207119058,0.0002659636093727824
43,4,fixed_ell2,2,0.9997104386853917,0.9993617360778682,0.23103702568056336,0.23077106207119058,0.0002659636093727824
43,5,original_selected_ell,1,1.0,1.0,0.1176150132047508,0.1176150132047508,0.0
43,5,fixed_ell2,2,0.9997104386853917,0.9990426041168023,0.34385959812491557,0.3420209684896183,0.0018386296352972398
43,6,original_selected_ell,1,1.0,1.0,0.15312386373056566,0.15312386373056566,0.0
43,6,fixed_ell2,2,0.9994208773707832,0.9980852082336046,0.487070791760861,0.48215273761271926,0.004918054148141726
43,7,original_selected_ell,1,1.0,1.0,0.18506614913032757,0.18506614913032757,0.0
43,7,fixed_ell2,2,0.9986245837556103,0.9964895484282751,0.6312942058096954,0.6169394865138786,0.014354719295816776
43,8,original_selected_ell,1,1.0,1.0,0.21506283329214576,0.21506283329214576,0.0
43,8,fixed_ell2,2,0.9979006804690893,0.9944151906813468,0.8250426694436385,0.7968639493149279,0.028178720128710588
43,9,original_selected_ell,1,1.0,1.0,0.23810128810440914,0.23810128810440914,0.0
43,9,fixed_ell2,2,0.9969596061966122,0.9923408329344183,0.9998961313491911,0.9562173798316936,0.04367875151749745
43,10,original_selected_ell,1,1.0,1.0,0.25985144769096136,0.25985144769096136,0.0
43,10,fixed_ell2,2,0.9959461415954829,0.9877134194989629,1.1167999672724245,1.0424211869062905,0.07437878036613399
43,11,original_selected_ell,1,1.0,1.0,0.2779514315510564,0.2779514315510564,0.0
43,11,fixed_ell2,2,0.994498335022441,0.9821286101803095,1.3205014941720505,1.1898490602250689,0.13065243394698167
43,12,original_selected_ell,1,1.0,1.0,0.29546429590959805,0.29546429590959805,0.0
43,12,fixed_ell2,2,0.9911683799044447,0.974150311153662,1.5945413161118371,1.4056347711744912,0.18890654493734593
43,13,original_selected_ell,1,1.0,1.0,0.3069462197453596,0.3069462197453596,0.0
43,13,fixed_ell2,2,0.9872593021572318,0.9642572203606191,2.1345421825705233,1.8205563700427334,0.3139858125277899
43,14,original_selected_ell,1,1.0,1.0,0.2979140645695939,0.2979140645695939,0.0
43,14,fixed_ell2,2,0.9838569567105835,0.9561193553534386,2.303320901152134,1.8958270141701536,0.4074938869819804
43,15,original_selected_ell,1,1.0,1.0,0.284490906519385,0.284490906519385,0.0
43,15,fixed_ell2,2,0.9790068046908933,0.9479814903462582,2.605041249540839,2.1090151296579545,0.4960261198828846
43,16,original_selected_ell,1,1.0,1.0,0.23170741418302596,0.23170741418302596,0.0
43,16,fixed_ell2,2,0.9673519617779065,0.9267592149353758,2.89064359906335,2.0306532041769767,0.8599903948863732
43,17,original_selected_ell,1,1.0,1.0,0.1487323902238027,0.1487323902238027,0.0
43,17,fixed_ell2,2,0.965325032575648,0.9226104994415191,3.066962336246497,1.9111967593233024,1.1557655769231947
43,18,original_selected_ell,1,1.0,1.0,0.0493659983560692,0.0493659983560692,0.0
43,18,fixed_ell2,2,0.956782973794701,0.9028243178554333,3.238880047183572,1.6534188411738804,1.5854612060096918
43,19,original_selected_ell,1,1.0,1.0,-0.07583331718561932,-0.07583331718561932,0.0
43,19,fixed_ell2,2,0.9472998407412769,0.8814424764640179,3.6863908590912753,1.5608578993598077,2.1255329597314674
43,20,original_selected_ell,1,1.0,1.0,-0.23750737066170377,-0.23750737066170377,0.0
43,20,fixed_ell2,2,0.9427392500361952,0.871389819690442,4.068636645597244,1.5247464086900802,2.5438902369071634
44,1,original_selected_ell,5,1.0,1.0,0.04803262594832661,0.04803262594832661,0.0
44,1,fixed_ell2,2,1.0,1.0,0.03980403404918993,0.03980403404918993,0.0
44,2,original_selected_ell,5,1.0,0.9998672331386086,0.14534666684671269,0.14523679340468107,0.00010987344203161609
44,2,fixed_ell2,2,1.0,1.0,0.09396010588490679,0.09396010588490679,0.0
44,3,original_selected_ell,5,0.9997828290140437,0.9990448901623686,0.41303983027717983,0.41075417916889456,0.0022856511082852693
44,3,fixed_ell2,2,1.0,1.0,0.1593662800417229,0.1593662800417229,0.0
44,4,original_selected_ell,3,1.0,0.9997344662772172,0.4702579687709504,0.46940988126821825,0.0008480875027321311
44,4,fixed_ell2,2,1.0,1.0,0.2890565341552311,0.2890565341552311,0.0
44,5,original_selected_ell,2,1.0,1.0,0.4334325869165591,0.4334325869165591,0.0
44,5,fixed_ell2,2,1.0,1.0,0.4334325869165591,0.4334325869165591,0.0
44,6,original_selected_ell,2,0.9995656580280875,0.998672331386086,0.6081492587020318,0.604426610430017,0.00372264827201485
44,6,fixed_ell2,2,0.9995656580280875,0.998672331386086,0.6081492587020318,0.604426610430017,0.00372264827201485
44,7,original_selected_ell,1,1.0,1.0,0.17413463266305226,0.17413463266305226,0.0
44,7,fixed_ell2,2,0.9991313160561749,0.9969463621879979,0.8409079980608971,0.8247486435097183,0.016159354551178784
44,8,original_selected_ell,1,1.0,1.0,0.206051573235745,0.206051573235745,0.0
44,8,fixed_ell2,2,0.9979006804690893,0.9946893255443441,1.0269025939398,0.9962056612214629,0.030696932718337067
44,9,original_selected_ell,1,1.0,1.0,0.23357084366984196,0.23357084366984196,0.0
44,9,fixed_ell2,2,0.9967424352106559,0.9921999363260108,1.1847989949428985,1.139371259763037,0.04542773517986154
44,10,original_selected_ell,1,1.0,1.0,0.2601889814281227,0.2601889814281227,0.0
44,10,fixed_ell2,2,0.9947878963370493,0.9867876472461,1.3991206536474292,1.3136483174412954,0.08547233620613381
44,11,original_selected_ell,1,1.0,1.0,0.2832989429825615,0.2832989429825615,0.0
44,11,fixed_ell2,2,0.9910235992471406,0.9746895893027698,1.552602787267904,1.3767072452830602,0.1758955419848438
44,12,original_selected_ell,1,1.0,1.0,0.30131740263326334,0.30131740263326334,0.0
44,12,fixed_ell2,2,0.9878384247864486,0.9652976758993951,1.7562219426803878,1.4979824559575614,0.2582394867228264
44,13,original_selected_ell,1,1.0,1.0,0.3185011389138861,0.3185011389138861,0.0
44,13,fixed_ell2,2,0.9845084696684523,0.9576567971983445,1.9760524166835953,1.6040816461343863,0.371970770549209
44,14,original_selected_ell,1,1.0,1.0,0.3083677942583674,0.3083677942583674,0.0
44,14,fixed_ell2,2,0.9805270015925872,0.9496975485514167,2.1492380062403904,1.6881914649242695,0.4610465413161209
44,15,original_selected_ell,1,1.0,1.0,0.29811806928341655,0.29811806928341655,0.0
44,15,fixed_ell2,2,0.9770522658172868,0.9439668895256288,2.3957940738084322,1.855457979132199,0.5403360946762332
44,16,original_selected_ell,1,1.0,1.0,0.2756736471981758,0.2756736471981758,0.0
44,16,fixed_ell2,2,0.966990010134646,0.9229544730977396,2.769991946454412,1.852481323858532,0.9175106225958798
44,17,original_selected_ell,1,1.0,1.0,0.21502271611609183,0.21502271611609183,0.0
44,17,fixed_ell2,2,0.9647459099464312,0.9175421840178287,2.949303543292758,1.768365121458615,1.180938421834143
44,18,original_selected_ell,1,1.0,1.0,0.15092757230255305,0.15092757230255305,0.0
44,18,fixed_ell2,2,0.9571449254379615,0.9008277618592805,3.147284566397645,1.5541343431940318,1.5931502232036134
44,19,original_selected_ell,1,1.0,1.0,0.04511029987546106,0.04511029987546106,0.0
44,19,fixed_ell2,2,0.9515708701317503,0.8904807386182745,3.435002817303178,1.5107534649738736,1.9242493523293043
44,20,original_selected_ell,1,1.0,1.0,-0.07276427084391851,-0.07276427084391851,0.0
44,20,fixed_ell2,2,0.9415810047777617,0.8681948424068768,3.565274817121743,1.0903417929079844,2.474933024213759
45,1,original_selected_ell,5,0.9999276096713479,0.9998410680228862,0.05684322823363843,0.05686629605092268,2.3067817284248837e-05
45,1,fixed_ell2,2,1.0,1.0,-0.003327485263995743,-0.003327485263995743,0.0
45,2,original_selected_ell,5,0.9997828290140437,0.9993642720915448,0.15716911559578703,0.15610308282750515,0.001066032768281877
45,2,fixed_ell2,2,1.0,1.0,0.014908188811380311,0.014908188811380311,0.0
45,3,original_selected_ell,5,0.9994932676994354,0.9987285441830897,0.3923586836514328,0.38676073335210776,0.005597950299325027
45,3,fixed_ell2,2,0.9999276096713479,0.9998410680228862,0.029622437008774673,0.029640899296192416,1.8462287417742723e-05
45,4,original_selected_ell,3,0.9995656580280875,0.9987285441830897,0.2883964962059626,0.2853347922099652,0.003061703995997367
45,4,fixed_ell2,2,0.9999276096713479,0.9995232040686586,0.1097205645398707,0.10798705118640796,0.0017335133534627373
45,5,original_selected_ell,2,0.9999276096713479,0.9995232040686586,0.23728421031229566,0.2346311678867047,0.0026530424255909457
45,5,fixed_ell2,2,0.9999276096713479,0.9995232040686586,0.23728421031229566,0.2346311678867047,0.0026530424255909457
45,6,original_selected_ell,2,0.9995656580280875,0.9989364530709918,0.38621623611021433,0.3813981536795781,0.00481808243063625
45,6,fixed_ell2,2,0.9995656580280875,0.9989364530709918,0.38621623611021433,0.3813981536795781,0.00481808243063625
45,7,original_selected_ell,1,1.0,1.0,0.07796908322805561,0.07796908322805561,0.0
45,7,fixed_ell2,2,0.9993484870421312,0.9984046796064876,0.5489267637119892,0.5378910181837563,0.011035745528232943
45,8,original_selected_ell,1,1.0,1.0,0.10983720994954267,0.10983720994954267,0.0
45,8,fixed_ell2,2,0.9986969740842624,0.9972081893113534,0.7069890230821305,0.6878798038083076,0.01910921927382292
45,9,original_selected_ell,1,1.0,1.0,0.13605357754573938,0.13605357754573938,0.0
45,9,fixed_ell2,2,0.9975387288258288,0.995612868917841,0.9067891646862332,0.8771865829265856,0.029602581759647584
45,10,original_selected_ell,1,1.0,1.0,0.16202098484165414,0.16202098484165414,0.0
45,10,fixed_ell2,2,0.9960185319241349,0.992212333121424,1.1790955006705437,1.1154674710035155,0.06362802966702819
45,11,original_selected_ell,1,1.0,1.0,0.18789631688779002,0.18789631688779002,0.0
45,11,fixed_ell2,2,0.9939916027218764,0.986808645899555,1.3381383313816284,1.2420163378726252,0.09612199350900319
45,12,original_selected_ell,1,1.0,1.0,0.20893408449824044,0.20893408449824044,0.0
45,12,fixed_ell2,2,0.9908788185898364,0.9794977749523204,1.6186591417610052,1.448193086313079,0.17046605544792626
45,13,original_selected_ell,1,1.0,1.0,0.2283255780276462,0.2283255780276462,0.0
45,13,fixed_ell2,2,0.9889242797162299,0.972027972027972,1.9208428542796467,1.6316479149359058,0.28919493934374096
45,14,original_selected_ell,1,1.0,1.0,0.24637978411524605,0.24637978411524605,0.0
45,14,fixed_ell2,2,0.9832778340813667,0.9574062301335029,1.9858825150869168,1.569852108446085,0.4160304066408318
45,15,original_selected_ell,1,1.0,1.0,0.25370318886747495,0.25370318886747495,0.0
45,15,fixed_ell2,2,0.9784276820616765,0.9451684678957406,2.226940921578515,1.6741021455715346,0.5528387760069806
45,16,original_selected_ell,1,1.0,1.0,0.2471055090238956,0.2471055090238956,0.0
45,16,fixed_ell2,2,0.973287968727378,0.9365861411315957,2.540807073549616,1.9130826517423218,0.6277244218072944
45,17,original_selected_ell,1,1.0,1.0,0.22822915593834434,0.22822915593834434,0.0
45,17,fixed_ell2,2,0.9600405385840451,0.9111570247933884,2.980386153302011,2.0033835288169315,0.9770026244850794
45,18,original_selected_ell,1,1.0,1.0,0.15581051283245076,0.15581051283245076,0.0
45,18,fixed_ell2,2,0.9514260894744462,0.8954227590591227,3.3816397063764185,2.0747128795992222,1.3069268267771963
45,19,original_selected_ell,1,1.0,1.0,0.05463089074007241,0.05463089074007241,0.0
45,19,fixed_ell2,2,0.9461415954828435,0.8842975206611571,3.680260910337203,1.939574786917341,1.740686123419862
45,20,original_selected_ell,1,1.0,1.0,-0.05317025458362815,-0.05317025458362815,0.0
45,20,fixed_ell2,2,0.935572607499638,0.8661792752701843,4.0313350754590065,1.845973418567531,2.1853616568914758
46,1,original_selected_ell,5,0.9999276096713479,0.9998423955870764,0.04879759170637649,0.04881795745537373,2.0365748997233646e-05
46,1,fixed_ell2,2,1.0,1.0,0.004701537500146176,0.004701537500146176,0.0
46,2,original_selected_ell,5,0.9999276096713479,0.9998423955870764,0.14287179814463216,0.1428736380235258,1.839878893628022e-06
46,2,fixed_ell2,2,1.0,1.0,0.02194586930501988,0.02194586930501988,0.0
46,3,original_selected_ell,5,0.9996380483567395,0.9970544918998527,0.3481830302203107,0.3340217244530443,0.01416130576726643
46,3,fixed_ell2,2,1.0,0.9995271867612293,0.050172771041667535,0.04801016814616611,0.0021626028955014226
46,4,original_selected_ell,3,0.9997104386853917,0.9988967691095351,0.2681610797910361,0.26384412096721543,0.00431695882382066
46,4,fixed_ell2,2,0.9997828290140437,0.9995271867612293,0.09561379480856702,0.09504914381755436,0.0005646509910126607
46,5,original_selected_ell,2,0.9997104386853917,0.9990543735224586,0.23426495297347955,0.22955703990390897,0.0047079130695705795
46,5,fixed_ell2,2,0.9997104386853917,0.9990543735224586,0.23426495297347955,0.22955703990390897,0.0047079130695705795
46,6,original_selected_ell,2,0.999203706384827,0.9975900388271522,0.38618725174218815,0.37365174237052606,0.01253550937166209
46,6,fixed_ell2,2,0.999203706384827,0.9975900388271522,0.38618725174218815,0.37365174237052606,0.01253550937166209
46,7,original_selected_ell,1,1.0,1.0,0.015108322103516597,0.015108322103516597,0.0
46,7,fixed_ell2,2,0.9989865353988707,0.9966528317043781,0.5376764788379006,0.5137317017418809,0.02394477709601972
46,8,original_selected_ell,1,1.0,1.0,0.041651976043612836,0.041651976043612836,0.0
46,8,fixed_ell2,2,0.9985521934269581,0.9959833980452537,0.6648258904703102,0.6297909796923163,0.03503491077799381
46,9,original_selected_ell,1,1.0,1.0,0.06797413319730523,0.06797413319730523,0.0
46,9,fixed_ell2,2,0.9981902417836978,0.9951142631993696,0.9278810157794813,0.8782248259087858,0.04965618987069553
46,10,original_selected_ell,1,1.0,1.0,0.09378629644518273,0.09378629644518273,0.0
46,10,fixed_ell2,2,0.9973215578398726,0.9903861308116627,1.2209849602408083,1.107559213597292,0.11342574664351623
46,11,original_selected_ell,1,1.0,1.0,0.11431123913735144,0.11431123913735144,0.0
46,11,fixed_ell2,2,0.995222238308962,0.9847123719464145,1.5388832034715707,1.3450628107219158,0.1938203927496549
46,12,original_selected_ell,1,1.0,1.0,0.1334749367298626,0.1334749367298626,0.0
46,12,fixed_ell2,2,0.9900825249746634,0.9736800630417651,1.6263582800678074,1.3584905168349883,0.267867763232819
46,13,original_selected_ell,1,1.0,1.0,0.15115320138937846,0.15115320138937846,0.0
46,13,fixed_ell2,2,0.9880555957724048,0.9680063041765169,1.7947762487907275,1.4631784291727659,0.33159781961796164
46,14,original_selected_ell,1,1.0,1.0,0.16870251910357517,0.16870251910357517,0.0
46,14,fixed_ell2,2,0.9840017373678877,0.9588652482269504,2.1106254194522958,1.6410803609651206,0.4695450584871752
46,15,original_selected_ell,1,1.0,1.0,0.18537131649707025,0.18537131649707025,0.0
46,15,fixed_ell2,2,0.9781381207470682,0.9468873128447597,2.3356734792829106,1.7022979998251613,0.6333754794577493
46,16,original_selected_ell,1,1.0,1.0,0.19796227471820957,0.19796227471820957,0.0
46,16,fixed_ell2,2,0.9738670913565948,0.9402679275019701,2.6300648667970226,1.9259595267516951,0.7041053400453274
46,17,original_selected_ell,1,1.0,1.0,0.20776480925750423,0.20776480925750423,0.0
46,17,fixed_ell2,2,0.9665556681627334,0.9241922773837667,2.831236337522085,1.914729407073105,0.9165069304489801
46,18,original_selected_ell,1,1.0,1.0,0.19045568854135148,0.19045568854135148,0.0
46,18,fixed_ell2,2,0.9514984798030983,0.8955082742316784,3.3092968399365614,1.847417719784697,1.4618791201518644
46,19,original_selected_ell,1,1.0,1.0,0.11487586864976325,0.11487586864976325,0.0
46,19,fixed_ell2,2,0.9441146662805849,0.881323877068558,3.568477302169172,1.710458249739752,1.85801905242942
46,20,original_selected_ell,1,1.0,1.0,-0.0010291625803266222,-0.0010291625803266222,0.0
46,20,fixed_ell2,2,0.9391921239322426,0.8732860520094563,3.8804364520991514,1.6441525487527262,2.2362839033464255
