"N_Samples","Replicate","ell","cv_raw_nll","cv_coverage","stable_coverage","selection_rule","Tuning","Estimate","True_Entropy","Error"
1000,1,2,-7.90411642116737,0.994,0.978,"oracle_rmse","Oracle",-7.87332002913927,-7.72062856687611,-0.15269146226316
1000,2,2,-7.5796069591746,0.998,0.963,"oracle_rmse","Oracle",-7.6235872867209,-7.72062856687611,0.0970412801552101
1000,3,2,-7.63258896269235,0.993,0.993,"oracle_rmse","Oracle",-7.62443494399956,-7.72062856687611,0.0961936228765499
1000,4,2,-7.7684627957489,0.996,0.979,"oracle_rmse","Oracle",-7.77068968168506,-7.72062856687611,-0.0500611148089503
1000,5,2,-7.57947372128649,0.996,0.968,"oracle_rmse","Oracle",-7.60680694387179,-7.72062856687611,0.11382162300432
1000,6,2,-7.78782919837143,0.996,0.977,"oracle_rmse","Oracle",-7.78581491953354,-7.72062856687611,-0.0651863526574301
1000,7,2,-7.38011625467564,0.998,0.985,"oracle_rmse","Oracle",-7.38607738739043,-7.72062856687611,0.33455117948568
1000,8,2,-7.71279323702956,0.994,0.985,"oracle_rmse","Oracle",-7.71470989313445,-7.72062856687611,0.00591867374166011
1000,9,2,-7.72421200335982,0.998,0.986,"oracle_rmse","Oracle",-7.75158394093662,-7.72062856687611,-0.0309553740605102
1000,10,2,-7.67246029477988,0.996,0.988,"oracle_rmse","Oracle",-7.6320949752481,-7.72062856687611,0.0885335916280097
1000,11,2,-7.64970430994189,0.996,0.979,"oracle_rmse","Oracle",-7.71993715975119,-7.72062856687611,0.000691407124920218
1000,12,2,-7.79718702740589,0.996,0.982,"oracle_rmse","Oracle",-7.83542828377287,-7.72062856687611,-0.11479971689676
1000,13,2,-7.31915354573422,1,0.979,"oracle_rmse","Oracle",-7.39568424693928,-7.72062856687611,0.32494431993683
1000,14,2,-7.60963661919196,0.991,0.982,"oracle_rmse","Oracle",-7.60897337992702,-7.72062856687611,0.11165518694909
1000,15,2,-7.6013850491959,0.991,0.983,"oracle_rmse","Oracle",-7.57357557664398,-7.72062856687611,0.14705299023213
1000,16,2,-7.45300365633535,0.997,0.978,"oracle_rmse","Oracle",-7.45484465942639,-7.72062856687611,0.26578390744972
1000,17,2,-7.74129569979454,0.994,0.974,"oracle_rmse","Oracle",-7.76426918486489,-7.72062856687611,-0.04364061798878
1000,18,2,-7.70918866985442,0.997,0.987,"oracle_rmse","Oracle",-7.75843846335681,-7.72062856687611,-0.0378098964806997
1000,19,2,-7.76869965618855,0.999,0.982,"oracle_rmse","Oracle",-7.81929716618488,-7.72062856687611,-0.0986685993087697
1000,20,2,-7.86132220957403,0.995,0.971,"oracle_rmse","Oracle",-7.86067524440582,-7.72062856687611,-0.14004667752971
1000,21,2,-7.53400055470177,0.998,0.979,"oracle_rmse","Oracle",-7.49201954887551,-7.72062856687611,0.2286090180006
1000,22,2,-7.82912684858543,0.995,0.978,"oracle_rmse","Oracle",-7.81202867678144,-7.72062856687611,-0.0914001099053303
1000,23,2,-7.72181431807989,0.997,0.975,"oracle_rmse","Oracle",-7.69603768275428,-7.72062856687611,0.0245908841218299
1000,24,2,-7.59440235340932,0.996,0.984,"oracle_rmse","Oracle",-7.61712571866743,-7.72062856687611,0.10350284820868
1000,25,2,-7.8533115498618,0.998,0.98,"oracle_rmse","Oracle",-7.8513564946129,-7.72062856687611,-0.13072792773679
1000,26,2,-7.75755288073525,0.997,0.984,"oracle_rmse","Oracle",-7.76792302508483,-7.72062856687611,-0.0472944582087198
1000,27,2,-7.81833292828153,0.996,0.972,"oracle_rmse","Oracle",-7.79587335439107,-7.72062856687611,-0.0752447875149596
1000,28,2,-7.6839512387764,0.998,0.97,"oracle_rmse","Oracle",-7.69160552246408,-7.72062856687611,0.0290230444120301
1000,29,2,-7.80797500147759,0.995,0.972,"oracle_rmse","Oracle",-7.80178537658126,-7.72062856687611,-0.08115680970515
1000,30,2,-7.80359215663181,0.995,0.974,"oracle_rmse","Oracle",-7.83843782418652,-7.72062856687611,-0.11780925731041
3000,1,3,-7.70302335470918,0.993333333333333,0.981,"oracle_rmse","Oracle",-7.69915636244499,-7.72062856687611,0.0214722044311202
3000,2,3,-7.91989958184523,0.995,0.977666666666667,"oracle_rmse","Oracle",-7.92858282446382,-7.72062856687611,-0.20795425758771
3000,3,3,-7.69962463060041,0.994,0.980333333333333,"oracle_rmse","Oracle",-7.69580763762147,-7.72062856687611,0.0248209292546404
3000,4,3,-7.74209765442039,0.993333333333333,0.976,"oracle_rmse","Oracle",-7.71821662953845,-7.72062856687611,0.00241193733766032
3000,5,3,-7.7786450564672,0.991666666666667,0.981,"oracle_rmse","Oracle",-7.77427473572665,-7.72062856687611,-0.0536461688505403
3000,6,3,-7.67062981508057,0.991666666666667,0.983,"oracle_rmse","Oracle",-7.64456207508069,-7.72062856687611,0.0760664917954204
3000,7,3,-7.71089468550618,0.993666666666667,0.979666666666667,"oracle_rmse","Oracle",-7.71140578968196,-7.72062856687611,0.00922277719415021
3000,8,3,-7.69943811290358,0.996,0.983,"oracle_rmse","Oracle",-7.6840740932212,-7.72062856687611,0.0365544736549097
3000,9,3,-7.63730691569524,0.992,0.972333333333333,"oracle_rmse","Oracle",-7.59620354903666,-7.72062856687611,0.12442501783945
3000,10,3,-7.71772654370787,0.994333333333333,0.980333333333333,"oracle_rmse","Oracle",-7.72929648132411,-7.72062856687611,-0.00866791444799997
3000,11,3,-7.72602462367871,0.993333333333333,0.972,"oracle_rmse","Oracle",-7.72976904599185,-7.72062856687611,-0.00914047911574034
3000,12,3,-7.82681198622833,0.994666666666667,0.980333333333333,"oracle_rmse","Oracle",-7.82500452591684,-7.72062856687611,-0.10437595904073
3000,13,3,-7.61263070447523,0.997333333333333,0.986,"oracle_rmse","Oracle",-7.62584370008788,-7.72062856687611,0.0947848667882303
3000,14,3,-7.84242998620779,0.992333333333333,0.98,"oracle_rmse","Oracle",-7.84662134298684,-7.72062856687611,-0.12599277611073
3000,15,3,-7.68883111734578,0.995666666666667,0.985,"oracle_rmse","Oracle",-7.69401623258295,-7.72062856687611,0.0266123342931603
3000,16,3,-7.89277909928536,0.996333333333333,0.984666666666667,"oracle_rmse","Oracle",-7.89090054915524,-7.72062856687611,-0.17027198227913
3000,17,3,-7.72887250068346,0.993333333333333,0.980333333333333,"oracle_rmse","Oracle",-7.72283473438084,-7.72062856687611,-0.00220616750473024
3000,18,3,-7.81098656792578,0.991333333333333,0.975333333333333,"oracle_rmse","Oracle",-7.8081152637796,-7.72062856687611,-0.0874866969034898
3000,19,3,-7.63427393895524,0.995333333333333,0.976,"oracle_rmse","Oracle",-7.61384300712086,-7.72062856687611,0.10678555975525
3000,20,3,-7.60860926918556,0.993666666666667,0.974333333333333,"oracle_rmse","Oracle",-7.57555848152177,-7.72062856687611,0.14507008535434
3000,21,3,-7.75535856700082,0.991,0.978,"oracle_rmse","Oracle",-7.7489952146474,-7.72062856687611,-0.0283666477712901
3000,22,3,-7.71752902046974,0.994333333333333,0.977,"oracle_rmse","Oracle",-7.68991344867426,-7.72062856687611,0.0307151182018499
3000,23,3,-7.62311622755638,0.991666666666667,0.982333333333333,"oracle_rmse","Oracle",-7.60157630331599,-7.72062856687611,0.11905226356012
3000,24,3,-7.70775495647981,0.990666666666667,0.975666666666667,"oracle_rmse","Oracle",-7.68281840008924,-7.72062856687611,0.03781016678687
3000,25,3,-7.63369447712518,0.995333333333333,0.982,"oracle_rmse","Oracle",-7.61562858585098,-7.72062856687611,0.10499998102513
3000,26,3,-7.66532000447657,0.993333333333333,0.984666666666667,"oracle_rmse","Oracle",-7.6538668860602,-7.72062856687611,0.0667616808159099
3000,27,3,-7.74448491929816,0.997,0.989333333333333,"oracle_rmse","Oracle",-7.77387603168188,-7.72062856687611,-0.0532474648057697
3000,28,3,-7.70265176637179,0.994666666666667,0.983,"oracle_rmse","Oracle",-7.71972624009308,-7.72062856687611,0.000902326783029928
3000,29,3,-7.88983616174219,0.992666666666667,0.980666666666667,"oracle_rmse","Oracle",-7.85895865670058,-7.72062856687611,-0.138330089824469
3000,30,3,-7.7804408663833,0.992666666666667,0.977,"oracle_rmse","Oracle",-7.77233941653443,-7.72062856687611,-0.0517108496583196
10000,1,4,-7.74379579902371,0.997,0.9902,"oracle_rmse","Oracle",-7.7567291924621,-7.72062856687611,-0.0361006255859895
10000,2,4,-7.74016470048248,0.9958,0.9857,"oracle_rmse","Oracle",-7.74211426027402,-7.72062856687611,-0.02148569339791
10000,3,4,-7.74545285024839,0.9958,0.9879,"oracle_rmse","Oracle",-7.73276426949849,-7.72062856687611,-0.0121357026223796
10000,4,4,-7.72075336324659,0.9954,0.9832,"oracle_rmse","Oracle",-7.71802305482414,-7.72062856687611,0.00260551205196968
10000,5,4,-7.6756600216975,0.9957,0.9847,"oracle_rmse","Oracle",-7.68054662023665,-7.72062856687611,0.04008194663946
10000,6,4,-7.77675885102288,0.9969,0.9859,"oracle_rmse","Oracle",-7.7688813618032,-7.72062856687611,-0.0482527949270901
10000,7,4,-7.65688331214006,0.9957,0.9854,"oracle_rmse","Oracle",-7.65169263215129,-7.72062856687611,0.06893593472482
10000,8,4,-7.73537900251814,0.9965,0.9874,"oracle_rmse","Oracle",-7.73435918239006,-7.72062856687611,-0.0137306155139498
10000,9,4,-7.7499178486525,0.996,0.986,"oracle_rmse","Oracle",-7.74865101562801,-7.72062856687611,-0.0280224487518996
10000,10,4,-7.73687248168039,0.9963,0.9824,"oracle_rmse","Oracle",-7.73226313535213,-7.72062856687611,-0.01163456847602
10000,11,4,-7.71117301386278,0.9968,0.9863,"oracle_rmse","Oracle",-7.7146149152918,-7.72062856687611,0.00601365158431033
10000,12,4,-7.71105232736935,0.9964,0.985,"oracle_rmse","Oracle",-7.71602981317656,-7.72062856687611,0.00459875369955043
10000,13,4,-7.68036166045599,0.9978,0.9863,"oracle_rmse","Oracle",-7.69555494663267,-7.72062856687611,0.0250736202434405
10000,14,4,-7.66986546051046,0.9967,0.9878,"oracle_rmse","Oracle",-7.67970237797779,-7.72062856687611,0.0409261888983199
10000,15,4,-7.6202456800999,0.9975,0.9879,"oracle_rmse","Oracle",-7.62752442288809,-7.72062856687611,0.09310414398802
10000,16,4,-7.71680528635644,0.9959,0.9831,"oracle_rmse","Oracle",-7.70976296477219,-7.72062856687611,0.0108656021039204
10000,17,4,-7.67737635164528,0.9975,0.9853,"oracle_rmse","Oracle",-7.68223633548539,-7.72062856687611,0.0383922313907199
10000,18,4,-7.68795371560202,0.996,0.9859,"oracle_rmse","Oracle",-7.68535822723762,-7.72062856687611,0.0352703396384904
10000,19,4,-7.76428185215432,0.997,0.9867,"oracle_rmse","Oracle",-7.76221721510214,-7.72062856687611,-0.0415886482260301
10000,20,4,-7.70987294966856,0.997,0.9863,"oracle_rmse","Oracle",-7.71496989439931,-7.72062856687611,0.00565867247679996
10000,21,4,-7.65661477348491,0.9971,0.9871,"oracle_rmse","Oracle",-7.66549275611108,-7.72062856687611,0.0551358107650302
10000,22,4,-7.74245912272567,0.9956,0.9826,"oracle_rmse","Oracle",-7.7550308486847,-7.72062856687611,-0.0344022818085898
10000,23,4,-7.66023201368457,0.9958,0.986,"oracle_rmse","Oracle",-7.66786463888899,-7.72062856687611,0.0527639279871197
10000,24,4,-7.72124623455254,0.9958,0.9854,"oracle_rmse","Oracle",-7.70890031337275,-7.72062856687611,0.0117282535033603
10000,25,4,-7.81021415530937,0.9958,0.9861,"oracle_rmse","Oracle",-7.81263728097905,-7.72062856687611,-0.0920087141029402
10000,26,4,-7.75228096077154,0.9965,0.9837,"oracle_rmse","Oracle",-7.75472612904684,-7.72062856687611,-0.0340975621707296
10000,27,4,-7.72376823760856,0.9973,0.9868,"oracle_rmse","Oracle",-7.72097882022829,-7.72062856687611,-0.000350253352180196
10000,28,4,-7.80658168928897,0.9966,0.9867,"oracle_rmse","Oracle",-7.80591531535453,-7.72062856687611,-0.0852867484784197
10000,29,4,-7.69759172189835,0.9965,0.9883,"oracle_rmse","Oracle",-7.69649272683399,-7.72062856687611,0.0241358400421197
10000,30,4,-7.69943984730179,0.9959,0.985,"oracle_rmse","Oracle",-7.69218865677832,-7.72062856687611,0.0284399100977897
30000,1,5,-7.75954878632005,0.9973,0.991633333333333,"oracle_rmse","Oracle",-7.76731238465389,-7.72062856687611,-0.0466838177777795
30000,2,5,-7.71425018363929,0.9984,0.992866666666667,"oracle_rmse","Oracle",-7.71755092449438,-7.72062856687611,0.00307764238173025
30000,3,5,-7.70962636443096,0.997633333333333,0.991533333333333,"oracle_rmse","Oracle",-7.7145836889098,-7.72062856687611,0.00604487796631048
30000,4,5,-7.72896679704846,0.9978,0.993466666666667,"oracle_rmse","Oracle",-7.73135334991569,-7.72062856687611,-0.0107247830395796
30000,5,5,-7.73542046887344,0.997466666666667,0.992166666666667,"oracle_rmse","Oracle",-7.73741392990043,-7.72062856687611,-0.0167853630243195
30000,6,5,-7.6901116717983,0.997766666666667,0.992866666666667,"oracle_rmse","Oracle",-7.69548109943771,-7.72062856687611,0.0251474674384005
30000,7,5,-7.71611120715549,0.997766666666667,0.9901,"oracle_rmse","Oracle",-7.72084093572153,-7.72062856687611,-0.000212368845420308
30000,8,5,-7.74282674566145,0.997533333333333,0.993566666666667,"oracle_rmse","Oracle",-7.74718611072333,-7.72062856687611,-0.0265575438472201
30000,9,5,-7.72213826144598,0.9974,0.991533333333333,"oracle_rmse","Oracle",-7.72622245722565,-7.72062856687611,-0.00559389034954005
30000,10,5,-7.70432172887805,0.998266666666667,0.9937,"oracle_rmse","Oracle",-7.70705815285731,-7.72062856687611,0.0135704140188002
30000,11,5,-7.71045039831993,0.997566666666667,0.993133333333333,"oracle_rmse","Oracle",-7.71463398299401,-7.72062856687611,0.00599458388210028
30000,12,5,-7.74708346215408,0.998166666666667,0.991833333333333,"oracle_rmse","Oracle",-7.75294071284174,-7.72062856687611,-0.0323121459656299
30000,13,5,-7.73279354484789,0.997066666666667,0.989766666666667,"oracle_rmse","Oracle",-7.73553997119952,-7.72062856687611,-0.01491140432341
30000,14,5,-7.68299312059008,0.997866666666667,0.9919,"oracle_rmse","Oracle",-7.68842027122537,-7.72062856687611,0.0322082956507401
30000,15,5,-7.75143086668379,0.998033333333333,0.994266666666667,"oracle_rmse","Oracle",-7.75874203520651,-7.72062856687611,-0.0381134683304003
30000,16,5,-7.74267016499719,0.9974,0.991566666666667,"oracle_rmse","Oracle",-7.74627987271742,-7.72062856687611,-0.0256513058413095
30000,17,5,-7.67654351513132,0.996866666666667,0.991066666666667,"oracle_rmse","Oracle",-7.67546556373666,-7.72062856687611,0.0451630031394501
30000,18,5,-7.73307055986708,0.997633333333333,0.9926,"oracle_rmse","Oracle",-7.73788185082686,-7.72062856687611,-0.0172532839507502
30000,19,5,-7.67429367330021,0.9978,0.992533333333333,"oracle_rmse","Oracle",-7.67600678645314,-7.72062856687611,0.04462178042297
30000,20,5,-7.71448902178061,0.9973,0.9938,"oracle_rmse","Oracle",-7.71706632430361,-7.72062856687611,0.00356224257250037
30000,21,5,-7.69228777566804,0.9978,0.992333333333333,"oracle_rmse","Oracle",-7.69747621635565,-7.72062856687611,0.0231523505204603
30000,22,5,-7.69395330091163,0.9971,0.9914,"oracle_rmse","Oracle",-7.69951681736037,-7.72062856687611,0.0211117495157405
30000,23,5,-7.73414436546078,0.997,0.991133333333333,"oracle_rmse","Oracle",-7.73143584827165,-7.72062856687611,-0.0108072813955395
30000,24,5,-7.68817817488373,0.998066666666667,0.992566666666667,"oracle_rmse","Oracle",-7.69521448314448,-7.72062856687611,0.0254140837316301
30000,25,5,-7.69612086769416,0.9975,0.9909,"oracle_rmse","Oracle",-7.70135427977178,-7.72062856687611,0.0192742871043299
30000,26,5,-7.73676798622371,0.997066666666667,0.989966666666667,"oracle_rmse","Oracle",-7.73939821484378,-7.72062856687611,-0.0187696479676696
30000,27,5,-7.74137793987306,0.9969,0.990366666666667,"oracle_rmse","Oracle",-7.74231243026883,-7.72062856687611,-0.0216838633927203
30000,28,5,-7.72242621754963,0.9967,0.9913,"oracle_rmse","Oracle",-7.71990542893723,-7.72062856687611,0.000723137938879681
30000,29,5,-7.69894418254562,0.998533333333333,0.994466666666667,"oracle_rmse","Oracle",-7.70371295452848,-7.72062856687611,0.0169156123476304
30000,30,5,-7.73337662277733,0.998333333333333,0.994566666666667,"oracle_rmse","Oracle",-7.74386145142194,-7.72062856687611,-0.0232328845458296
1000,1,1,-7.68322969762985,1,1,"stable_coverage","Stable CV",-7.77208781073258,-7.72062856687611,-0.0514592438564696
1000,2,1,-7.42116379008089,1,1,"stable_coverage","Stable CV",-7.53337029107262,-7.72062856687611,0.18725827580349
1000,3,2,-7.63258896269235,0.993,0.993,"stable_coverage","Stable CV",-7.62443494399956,-7.72062856687611,0.0961936228765499
1000,4,1,-7.55693316963305,1,1,"stable_coverage","Stable CV",-7.64902827257579,-7.72062856687611,0.0716002943003202
1000,5,1,-7.44829156338417,1,1,"stable_coverage","Stable CV",-7.52708575493575,-7.72062856687611,0.19354281194036
1000,6,1,-7.61062386512188,1,1,"stable_coverage","Stable CV",-7.70163797023593,-7.72062856687611,0.0189905966401804
1000,7,1,-7.19072316309836,1,1,"stable_coverage","Stable CV",-7.24940685583358,-7.72062856687611,0.47122171104253
1000,8,1,-7.52296824922378,1,1,"stable_coverage","Stable CV",-7.60123902097158,-7.72062856687611,0.11938954590453
1000,9,1,-7.54482050074068,1,1,"stable_coverage","Stable CV",-7.61999590745239,-7.72062856687611,0.10063265942372
1000,10,1,-7.4388931305747,1,1,"stable_coverage","Stable CV",-7.52687886839421,-7.72062856687611,0.1937496984819
1000,11,1,-7.51505528423162,1,1,"stable_coverage","Stable CV",-7.60758239111442,-7.72062856687611,0.11304617576169
1000,12,1,-7.63263637473668,1,1,"stable_coverage","Stable CV",-7.72071415734774,-7.72062856687611,-8.55904716301481e-05
1000,13,1,-7.17636039376342,1,1,"stable_coverage","Stable CV",-7.27737284674109,-7.72062856687611,0.44325572013502
1000,14,1,-7.42816825149779,1,1,"stable_coverage","Stable CV",-7.50337206230631,-7.72062856687611,0.2172565045698
1000,15,1,-7.42363171561395,1,1,"stable_coverage","Stable CV",-7.50621883576113,-7.72062856687611,0.21440973111498
1000,16,1,-7.29407386629459,1,1,"stable_coverage","Stable CV",-7.36067781184228,-7.72062856687611,0.35995075503383
1000,17,1,-7.5251600663436,1,1,"stable_coverage","Stable CV",-7.6172159609393,-7.72062856687611,0.10341260593681
1000,18,1,-7.58098868730678,1,1,"stable_coverage","Stable CV",-7.6606046167852,-7.72062856687611,0.0600239500909101
1000,19,1,-7.6011118500777,1,1,"stable_coverage","Stable CV",-7.68900474796823,-7.72062856687611,0.0316238189078799
1000,20,1,-7.66193891872192,1,1,"stable_coverage","Stable CV",-7.74338004698081,-7.72062856687611,-0.0227514801046995
1000,21,1,-7.30852662017866,1,1,"stable_coverage","Stable CV",-7.36590711172115,-7.72062856687611,0.35472145515496
1000,22,1,-7.60159394212503,1,1,"stable_coverage","Stable CV",-7.67554681657902,-7.72062856687611,0.0450817502970899
1000,23,1,-7.52617606305186,1,1,"stable_coverage","Stable CV",-7.59460417651586,-7.72062856687611,0.12602439036025
1000,24,1,-7.43219020187234,1,1,"stable_coverage","Stable CV",-7.51684479804138,-7.72062856687611,0.20378376883473
1000,25,1,-7.69959931347103,1,1,"stable_coverage","Stable CV",-7.76556597137222,-7.72062856687611,-0.0449374044961095
1000,26,1,-7.6034206198695,1,1,"stable_coverage","Stable CV",-7.68380341062643,-7.72062856687611,0.0368251562496802
1000,27,1,-7.57497224814269,1,1,"stable_coverage","Stable CV",-7.64744743484141,-7.72062856687611,0.0731811320347004
1000,28,1,-7.50536150890944,1,1,"stable_coverage","Stable CV",-7.60301733460459,-7.72062856687611,0.11761123227152
1000,29,1,-7.59685533924724,1,1,"stable_coverage","Stable CV",-7.66239540800177,-7.72062856687611,0.0582331588743399
1000,30,1,-7.63662748432418,1,1,"stable_coverage","Stable CV",-7.7132163030256,-7.72062856687611,0.00741226385050986
3000,1,2,-7.6007741217916,0.999333333333333,0.995666666666667,"stable_coverage","Stable CV",-7.64240476626897,-7.72062856687611,0.0782238006071401
3000,2,2,-7.85772424968911,1,0.997333333333333,"stable_coverage","Stable CV",-7.90049498456937,-7.72062856687611,-0.17986641769326
3000,3,2,-7.6233953876774,0.999333333333333,0.993666666666667,"stable_coverage","Stable CV",-7.66071510716292,-7.72062856687611,0.0599134597131901
3000,4,2,-7.65246719278823,0.999333333333333,0.997333333333333,"stable_coverage","Stable CV",-7.69424876043905,-7.72062856687611,0.0263798064370597
3000,5,2,-7.70214562786587,0.999666666666667,0.997,"stable_coverage","Stable CV",-7.73992463849517,-7.72062856687611,-0.0192960716190598
3000,6,2,-7.5962619878073,0.998666666666667,0.994333333333333,"stable_coverage","Stable CV",-7.62777629673249,-7.72062856687611,0.0928522701436201
3000,7,2,-7.66325722057639,0.998666666666667,0.996333333333333,"stable_coverage","Stable CV",-7.67857588241958,-7.72062856687611,0.0420526844565305
3000,8,2,-7.63491149168586,0.999666666666667,0.996,"stable_coverage","Stable CV",-7.68169885338484,-7.72062856687611,0.0389297134912701
3000,9,2,-7.49846349345222,0.998,0.998,"stable_coverage","Stable CV",-7.54377812799347,-7.72062856687611,0.17685043888264
3000,10,2,-7.65770655622195,1,0.996333333333333,"stable_coverage","Stable CV",-7.69675590588416,-7.72062856687611,0.02387266099195
3000,11,2,-7.64503189818389,0.999,0.999,"stable_coverage","Stable CV",-7.6694601619752,-7.72062856687611,0.0511684049009098
3000,12,2,-7.74662417757908,0.998,0.998,"stable_coverage","Stable CV",-7.77292715561412,-7.72062856687611,-0.0522985887380099
3000,13,2,-7.55248034014826,0.999666666666667,0.994,"stable_coverage","Stable CV",-7.59885773697975,-7.72062856687611,0.12177082989636
3000,14,2,-7.76543808222913,0.999,0.996333333333333,"stable_coverage","Stable CV",-7.79705250205484,-7.72062856687611,-0.0764239351787301
3000,15,2,-7.62547977146925,0.999333333333333,0.994666666666667,"stable_coverage","Stable CV",-7.65717128077715,-7.72062856687611,0.0634572860989602
3000,16,2,-7.82862838653611,0.999333333333333,0.996333333333333,"stable_coverage","Stable CV",-7.86422897340604,-7.72062856687611,-0.14360040652993
3000,17,2,-7.64464738665247,0.999333333333333,0.997,"stable_coverage","Stable CV",-7.68564694455502,-7.72062856687611,0.0349816223210899
3000,18,2,-7.71648241972199,0.999,0.998666666666667,"stable_coverage","Stable CV",-7.76673723729388,-7.72062856687611,-0.0461086704177696
3000,19,2,-7.57455501642541,0.999,0.995666666666667,"stable_coverage","Stable CV",-7.59406749735246,-7.72062856687611,0.126561069523651
3000,20,2,-7.49353224939353,0.998666666666667,0.998666666666667,"stable_coverage","Stable CV",-7.52350389346285,-7.72062856687611,0.19712467341326
3000,21,2,-7.64971484319749,0.998333333333333,0.998333333333333,"stable_coverage","Stable CV",-7.67837625758153,-7.72062856687611,0.0422523092945797
3000,22,2,-7.59823106571953,0.998333333333333,0.995,"stable_coverage","Stable CV",-7.63452084981275,-7.72062856687611,0.08610771706336
3000,23,2,-7.53924482671499,0.999,0.997333333333333,"stable_coverage","Stable CV",-7.57338626869601,-7.72062856687611,0.1472422981801
3000,24,2,-7.59171308427904,0.998666666666667,0.993666666666667,"stable_coverage","Stable CV",-7.62179511753558,-7.72062856687611,0.0988334493405301
3000,25,2,-7.55329958758688,0.998666666666667,0.994666666666667,"stable_coverage","Stable CV",-7.56645535363169,-7.72062856687611,0.15417321324442
3000,26,2,-7.5699623482041,0.998333333333333,0.995333333333333,"stable_coverage","Stable CV",-7.60254426075464,-7.72062856687611,0.11808430612147
3000,27,2,-7.70192956164326,0.999333333333333,0.996666666666667,"stable_coverage","Stable CV",-7.73905102886242,-7.72062856687611,-0.0184224619863098
3000,28,2,-7.63150460359587,0.999666666666667,0.996666666666667,"stable_coverage","Stable CV",-7.66747972896301,-7.72062856687611,0.0531488379131
3000,29,2,-7.75585531067292,0.999,0.999,"stable_coverage","Stable CV",-7.78609645042483,-7.72062856687611,-0.0654678835487195
3000,30,2,-7.71076337226831,0.998,0.993,"stable_coverage","Stable CV",-7.72889958963232,-7.72062856687611,-0.00827102275620994
10000,1,4,-7.74379579902371,0.997,0.9902,"stable_coverage","Stable CV",-7.7567291924621,-7.72062856687611,-0.0361006255859895
10000,2,3,-7.70158745410279,0.9983,0.992,"stable_coverage","Stable CV",-7.72773717607456,-7.72062856687611,-0.00710860919844958
10000,3,3,-7.7097439699233,0.9986,0.9927,"stable_coverage","Stable CV",-7.72048747663177,-7.72062856687611,0.00014109024434017
10000,4,3,-7.68191244121143,0.9981,0.9921,"stable_coverage","Stable CV",-7.70020306281201,-7.72062856687611,0.0204255040641002
10000,5,3,-7.63766638536469,0.9983,0.9927,"stable_coverage","Stable CV",-7.66372394704711,-7.72062856687611,0.056904619829
10000,6,3,-7.72812880582505,0.9984,0.9941,"stable_coverage","Stable CV",-7.74761205299189,-7.72062856687611,-0.0269834861157801
10000,7,3,-7.61085313476122,0.9989,0.9965,"stable_coverage","Stable CV",-7.62472276327253,-7.72062856687611,0.0959058036035803
10000,8,3,-7.71506766760065,0.9989,0.9944,"stable_coverage","Stable CV",-7.72309361736763,-7.72062856687611,-0.00246505049152024
10000,9,3,-7.71434334377234,0.9992,0.9931,"stable_coverage","Stable CV",-7.73063684460876,-7.72062856687611,-0.0100082777326502
10000,10,3,-7.69744872802879,0.9982,0.9938,"stable_coverage","Stable CV",-7.71414981910414,-7.72062856687611,0.00647874777197011
10000,11,3,-7.67890298947063,0.9984,0.9927,"stable_coverage","Stable CV",-7.69685115314561,-7.72062856687611,0.0237774137305005
10000,12,3,-7.6746120378472,0.9984,0.9939,"stable_coverage","Stable CV",-7.68669586583857,-7.72062856687611,0.0339327010375401
10000,13,3,-7.65714821540116,0.999,0.9947,"stable_coverage","Stable CV",-7.67817638124972,-7.72062856687611,0.0424521856263897
10000,14,3,-7.65046133428286,0.9988,0.9953,"stable_coverage","Stable CV",-7.67196548087315,-7.72062856687611,0.0486630860029598
10000,15,3,-7.59224742057428,0.9981,0.9934,"stable_coverage","Stable CV",-7.60981006898228,-7.72062856687611,0.11081849789383
10000,16,3,-7.67439497291505,0.9977,0.9929,"stable_coverage","Stable CV",-7.69362742671243,-7.72062856687611,0.02700114016368
10000,17,3,-7.64671197799097,0.9981,0.9953,"stable_coverage","Stable CV",-7.67384371133571,-7.72062856687611,0.0467848555404
10000,18,3,-7.64916985993845,0.9979,0.9935,"stable_coverage","Stable CV",-7.67055856542465,-7.72062856687611,0.0500700014514601
10000,19,3,-7.72264716234332,0.9986,0.9929,"stable_coverage","Stable CV",-7.74427887090628,-7.72062856687611,-0.0236503040301699
10000,20,3,-7.6729693857381,0.999,0.9953,"stable_coverage","Stable CV",-7.69980342322266,-7.72062856687611,0.0208251436534503
10000,21,3,-7.64180895670355,0.9975,0.9956,"stable_coverage","Stable CV",-7.65437110770922,-7.72062856687611,0.0662574591668905
10000,22,3,-7.70702860049893,0.9987,0.9949,"stable_coverage","Stable CV",-7.73794739812139,-7.72062856687611,-0.0173188312452801
10000,23,3,-7.62639724400842,0.9979,0.9926,"stable_coverage","Stable CV",-7.6454651154023,-7.72062856687611,0.0751634514738102
10000,24,3,-7.66589441273388,0.9982,0.9942,"stable_coverage","Stable CV",-7.67704930242835,-7.72062856687611,0.0435792644477599
10000,25,3,-7.77339967585709,0.9984,0.9932,"stable_coverage","Stable CV",-7.7987139662446,-7.72062856687611,-0.07808539936849
10000,26,3,-7.70951129155981,0.9987,0.9936,"stable_coverage","Stable CV",-7.72567653819712,-7.72062856687611,-0.00504797132100965
10000,27,3,-7.69283499808517,0.9979,0.9938,"stable_coverage","Stable CV",-7.70656720545841,-7.72062856687611,0.0140613614177001
10000,28,3,-7.76670593780844,0.9979,0.9938,"stable_coverage","Stable CV",-7.78116993363742,-7.72062856687611,-0.06054136676131
10000,29,3,-7.66385597740441,0.9986,0.9954,"stable_coverage","Stable CV",-7.68396254838615,-7.72062856687611,0.0366660184899601
10000,30,3,-7.6580479211976,0.9992,0.9935,"stable_coverage","Stable CV",-7.67076930311787,-7.72062856687611,0.0498592637582398
30000,1,5,-7.75954878632005,0.9973,0.991633333333333,"stable_coverage","Stable CV",-7.76731238465389,-7.72062856687611,-0.0466838177777795
30000,2,5,-7.71425018363929,0.9984,0.992866666666667,"stable_coverage","Stable CV",-7.71755092449438,-7.72062856687611,0.00307764238173025
30000,3,5,-7.70962636443096,0.997633333333333,0.991533333333333,"stable_coverage","Stable CV",-7.7145836889098,-7.72062856687611,0.00604487796631048
30000,4,5,-7.72896679704846,0.9978,0.993466666666667,"stable_coverage","Stable CV",-7.73135334991569,-7.72062856687611,-0.0107247830395796
30000,5,5,-7.73542046887344,0.997466666666667,0.992166666666667,"stable_coverage","Stable CV",-7.73741392990043,-7.72062856687611,-0.0167853630243195
30000,6,5,-7.6901116717983,0.997766666666667,0.992866666666667,"stable_coverage","Stable CV",-7.69548109943771,-7.72062856687611,0.0251474674384005
30000,7,5,-7.71611120715549,0.997766666666667,0.9901,"stable_coverage","Stable CV",-7.72084093572153,-7.72062856687611,-0.000212368845420308
30000,8,5,-7.74282674566145,0.997533333333333,0.993566666666667,"stable_coverage","Stable CV",-7.74718611072333,-7.72062856687611,-0.0265575438472201
30000,9,5,-7.72213826144598,0.9974,0.991533333333333,"stable_coverage","Stable CV",-7.72622245722565,-7.72062856687611,-0.00559389034954005
30000,10,5,-7.70432172887805,0.998266666666667,0.9937,"stable_coverage","Stable CV",-7.70705815285731,-7.72062856687611,0.0135704140188002
30000,11,5,-7.71045039831993,0.997566666666667,0.993133333333333,"stable_coverage","Stable CV",-7.71463398299401,-7.72062856687611,0.00599458388210028
30000,12,5,-7.74708346215408,0.998166666666667,0.991833333333333,"stable_coverage","Stable CV",-7.75294071284174,-7.72062856687611,-0.0323121459656299
30000,13,4,-7.70671685873248,0.998533333333333,0.996233333333333,"stable_coverage","Stable CV",-7.7187195808917,-7.72062856687611,0.00190898598440992
30000,14,5,-7.68299312059008,0.997866666666667,0.9919,"stable_coverage","Stable CV",-7.68842027122537,-7.72062856687611,0.0322082956507401
30000,15,5,-7.75143086668379,0.998033333333333,0.994266666666667,"stable_coverage","Stable CV",-7.75874203520651,-7.72062856687611,-0.0381134683304003
30000,16,5,-7.74267016499719,0.9974,0.991566666666667,"stable_coverage","Stable CV",-7.74627987271742,-7.72062856687611,-0.0256513058413095
30000,17,5,-7.67654351513132,0.996866666666667,0.991066666666667,"stable_coverage","Stable CV",-7.67546556373666,-7.72062856687611,0.0451630031394501
30000,18,5,-7.73307055986708,0.997633333333333,0.9926,"stable_coverage","Stable CV",-7.73788185082686,-7.72062856687611,-0.0172532839507502
30000,19,5,-7.67429367330021,0.9978,0.992533333333333,"stable_coverage","Stable CV",-7.67600678645314,-7.72062856687611,0.04462178042297
30000,20,5,-7.71448902178061,0.9973,0.9938,"stable_coverage","Stable CV",-7.71706632430361,-7.72062856687611,0.00356224257250037
30000,21,5,-7.69228777566804,0.9978,0.992333333333333,"stable_coverage","Stable CV",-7.69747621635565,-7.72062856687611,0.0231523505204603
30000,22,5,-7.69395330091163,0.9971,0.9914,"stable_coverage","Stable CV",-7.69951681736037,-7.72062856687611,0.0211117495157405
30000,23,5,-7.73414436546078,0.997,0.991133333333333,"stable_coverage","Stable CV",-7.73143584827165,-7.72062856687611,-0.0108072813955395
30000,24,5,-7.68817817488373,0.998066666666667,0.992566666666667,"stable_coverage","Stable CV",-7.69521448314448,-7.72062856687611,0.0254140837316301
30000,25,5,-7.69612086769416,0.9975,0.9909,"stable_coverage","Stable CV",-7.70135427977178,-7.72062856687611,0.0192742871043299
30000,26,4,-7.71285787961348,0.998466666666667,0.995266666666667,"stable_coverage","Stable CV",-7.72323693698206,-7.72062856687611,-0.00260837010594983
30000,27,5,-7.74137793987306,0.9969,0.990366666666667,"stable_coverage","Stable CV",-7.74231243026883,-7.72062856687611,-0.0216838633927203
30000,28,5,-7.72242621754963,0.9967,0.9913,"stable_coverage","Stable CV",-7.71990542893723,-7.72062856687611,0.000723137938879681
30000,29,6,-7.72160569114398,0.997033333333333,0.990033333333333,"stable_coverage","Stable CV",-7.71644229935718,-7.72062856687611,0.00418626751893036
30000,30,5,-7.73337662277733,0.998333333333333,0.994566666666667,"stable_coverage","Stable CV",-7.74386145142194,-7.72062856687611,-0.0232328845458296
