study_config_id,config_id,family,n,d,rho,replicate,seed,truth,origin,assumption_matched,array_sha256,clips,ties,failure,status
1,8,Normal,20000,2,0.0,1,2026108701,2.8378770664093453,new_lower_rho_same_seed_schedule,False,b2aa5090742722a132189187ee1c3bd74e8016909f506271b126e8ed3487a5b8,0,0,,ok
1,8,Normal,20000,2,0.0,2,2026108702,2.8378770664093453,new_lower_rho_same_seed_schedule,False,64e175db7c197a66a399b9bae4923097422309b97b2cb86e453d50d326c6fdf1,0,0,,ok
1,8,Normal,20000,2,0.0,3,2026108703,2.8378770664093453,new_lower_rho_same_seed_schedule,False,435523b26d59d6ddcdf17eeeb39b82fc93d7388d86ef67521432a5851a371dd3,0,0,,ok
1,8,Normal,20000,2,0.0,4,2026108704,2.8378770664093453,new_lower_rho_same_seed_schedule,False,b09543a4bbe41a987fd7c916f21b539f1ad50daca3f1a95dc0001604e9d5ad5f,0,0,,ok
1,8,Normal,20000,2,0.0,5,2026108705,2.8378770664093453,new_lower_rho_same_seed_schedule,False,ca8d075f728c06ce7474e3cdccd1f3d6cae64df8dc82e4c448a86309471973b5,0,0,,ok
1,8,Normal,20000,2,0.0,6,2026108706,2.8378770664093453,new_lower_rho_same_seed_schedule,False,a9703282c7249e460d12352b7127d06d3933794a789709143cd5bab7777c7724,0,0,,ok
1,8,Normal,20000,2,0.0,7,2026108707,2.8378770664093453,new_lower_rho_same_seed_schedule,False,215a4c3873b2b6a7d1b18a42932c2ef2758074be8e8d1eb53d8654d5f4238ad8,0,0,,ok
1,8,Normal,20000,2,0.0,8,2026108708,2.8378770664093453,new_lower_rho_same_seed_schedule,False,1ec031e3ea7b9cef669aae43f087fb6feeb5e2d4ee01a3288352ec50c074dc64,0,0,,ok
1,8,Normal,20000,2,0.0,9,2026108709,2.8378770664093453,new_lower_rho_same_seed_schedule,False,87d0a51c689585b17ff159820e2c150c4b1bdc0e58bf8d05ff3f20f57c859fbb,0,0,,ok
1,8,Normal,20000,2,0.0,10,2026108710,2.8378770664093453,new_lower_rho_same_seed_schedule,False,fa1167b89bf8ddfbd08db93e36738fff1b44e16b95eec7e5ff4b3732015da2ae,0,0,,ok
1,8,Normal,20000,2,0.0,11,2026108711,2.8378770664093453,new_lower_rho_same_seed_schedule,False,5eef3efcfa461d95fee70c3de11410c3ddb20e575a56ce8bd7e265551ca93ef6,0,0,,ok
1,8,Normal,20000,2,0.0,12,2026108712,2.8378770664093453,new_lower_rho_same_seed_schedule,False,f4f5c34c73e5d324a5a7555297bad0d268288971dae37827ddf0e28a1b62b327,0,0,,ok
1,8,Normal,20000,2,0.0,13,2026108713,2.8378770664093453,new_lower_rho_same_seed_schedule,False,cd8c3dab48160c8c142125b6c788438ffdeed784b423ef0780bd894dbcd337c5,0,0,,ok
1,8,Normal,20000,2,0.0,14,2026108714,2.8378770664093453,new_lower_rho_same_seed_schedule,False,1ab5dddcc9cfcedc8785cd54c6bad3551128df0d36af0e68003d9e89a1b67ae3,0,0,,ok
1,8,Normal,20000,2,0.0,15,2026108715,2.8378770664093453,new_lower_rho_same_seed_schedule,False,2cb6b1ba1337d67872ed1ec1a4ea081aa39dfb74974d9cc6bf78a765165b5c05,0,0,,ok
1,8,Normal,20000,2,0.0,16,2026108716,2.8378770664093453,new_lower_rho_same_seed_schedule,False,b0e1e638b6cf6d87e6fa0d0ae6368cfc18062c719f2cbed819716a2362136e1f,0,0,,ok
1,8,Normal,20000,2,0.0,17,2026108717,2.8378770664093453,new_lower_rho_same_seed_schedule,False,ade87cd753310ccc6d656c711947e062df0fda6d3bf5e869191ebb5dec986aa0,0,0,,ok
1,8,Normal,20000,2,0.0,18,2026108718,2.8378770664093453,new_lower_rho_same_seed_schedule,False,486a91a76de392fcff0db11252bf0c4a03ecd714f84266315ab3291c9de01356,0,0,,ok
1,8,Normal,20000,2,0.0,19,2026108719,2.8378770664093453,new_lower_rho_same_seed_schedule,False,3938e89c6efb1274a8227a6aab99bd6beb815c203045cb6c84e24351aa80066d,0,0,,ok
1,8,Normal,20000,2,0.0,20,2026108720,2.8378770664093453,new_lower_rho_same_seed_schedule,False,75b7b114473b408c60e136c66e39dae822ff60f1f0879fd4a8c8584d63951bad,0,0,,ok
1,8,Normal,20000,2,0.0,21,2026108721,2.8378770664093453,new_lower_rho_same_seed_schedule,False,d27a69014f4d4687adb14fc4aa2008c3f0a00deb4b2cf75d3b564c252288fffe,0,0,,ok
1,8,Normal,20000,2,0.0,22,2026108722,2.8378770664093453,new_lower_rho_same_seed_schedule,False,c64ca0e28343074d2aacc2943eefd5fac528a89dae18a9669d41fc7c86400ebe,0,0,,ok
1,8,Normal,20000,2,0.0,23,2026108723,2.8378770664093453,new_lower_rho_same_seed_schedule,False,d471d31920979dff96f4fc58a8ef3b68045d441e4404a1ad5812d3609d7733cb,0,0,,ok
1,8,Normal,20000,2,0.0,24,2026108724,2.8378770664093453,new_lower_rho_same_seed_schedule,False,4c33669f14936d92ea5fea6083542dbf1ef5f1197ee915327e275c6224108d72,0,0,,ok
1,8,Normal,20000,2,0.0,25,2026108725,2.8378770664093453,new_lower_rho_same_seed_schedule,False,fa08f7cd43940bc4879faea6899e5fbc3c41c4468d10249272c1bdda36bc2ffd,0,0,,ok
1,8,Normal,20000,2,0.0,26,2026108726,2.8378770664093453,new_lower_rho_same_seed_schedule,False,bd30f6bc55d6cfcc54d1057839a1a4476d7a861a7f819d04d2383c908db965bb,0,0,,ok
1,8,Normal,20000,2,0.0,27,2026108727,2.8378770664093453,new_lower_rho_same_seed_schedule,False,495a207e0d017def83d874f8616e1a9c29deba351eabc0819b94c18a8637a5b5,0,0,,ok
1,8,Normal,20000,2,0.0,28,2026108728,2.8378770664093453,new_lower_rho_same_seed_schedule,False,9e04016c6580719520cf2081438f18cec413c7e48483ad7e3e222a9026aef8d1,0,0,,ok
1,8,Normal,20000,2,0.0,29,2026108729,2.8378770664093453,new_lower_rho_same_seed_schedule,False,a1401383f898390e85c81eb01ae682a801bb7734d963a0fbf3b9a45ad30e99e3,0,0,,ok
1,8,Normal,20000,2,0.0,30,2026108730,2.8378770664093453,new_lower_rho_same_seed_schedule,False,b38b530b68107e2cc53015f5ad64048b4716effd7ebec5aa4985ef2c7336f794,0,0,,ok
