study_config_id,config_id,family,n,d,rho,replicate,seed,truth,origin,assumption_matched,ell,estimate,coverage,n_valid,skipped_point_fraction,mean_cell_size,occupied_cells,min_cell_size,singleton_cells,integrated_mass,degenerate,error,zero_valid,status,failure,elapsed_s
28,10,Normal,20000,20,0.3,1,2026110701,25.941412459873952,new_lower_rho_same_seed_schedule,False,1,28.367492371214933,1.0,20000,0.0,20000.0,1,20000,0,1.2462918153265885,False,2.426079911340981,False,ok,,0.046343041001819074
28,10,Normal,20000,20,0.3,1,2026110701,25.941412459873952,new_lower_rho_same_seed_schedule,False,2,10.114979939693264,0.136,2720,0.864,1.1859582542694498,16864,1,15632,116.02371905769961,False,-15.826432520180688,False,ok,,0.022943041985854506
28,10,Normal,20000,20,0.3,1,2026110701,25.941412459873952,new_lower_rho_same_seed_schedule,False,3,11.447198622315303,0.36285,7257,0.63715,1.582403671176517,12639,1,10855,205.49261478290245,False,-14.494213837558648,False,ok,,0.028227625007275492
28,10,Normal,20000,20,0.3,1,2026110701,25.941412459873952,new_lower_rho_same_seed_schedule,False,4,-4.280080536607631,0.00435,87,0.99565,1.015744032503809,19690,1,19421,7.974176811255223,False,-30.221492996481583,False,ok,,0.017005875008180737
28,10,Normal,20000,20,0.3,1,2026110701,25.941412459873952,new_lower_rho_same_seed_schedule,False,5,-13.479553530825976,0.00015,3,0.99985,1.001151324022626,19977,1,19955,0.4913021330456005,False,-39.420965990699926,False,ok,,0.016145290981512517
28,10,Normal,20000,20,0.3,1,2026110701,25.941412459873952,new_lower_rho_same_seed_schedule,False,6,0.0,0.0,0,1.0,1.0,20000,1,20000,0.0,False,-25.941412459873952,True,ok,,0.015932000009343028
28,10,Normal,20000,20,0.3,1,2026110701,25.941412459873952,new_lower_rho_same_seed_schedule,False,7,0.0,0.0,0,1.0,1.0,20000,1,20000,0.0,False,-25.941412459873952,True,ok,,0.015862165950238705
28,10,Normal,20000,20,0.3,1,2026110701,25.941412459873952,new_lower_rho_same_seed_schedule,False,8,0.0,0.0,0,1.0,1.0,20000,1,20000,0.0,False,-25.941412459873952,True,ok,,0.015809375036042184
28,10,Normal,20000,20,0.3,2,2026110702,25.941412459873952,new_lower_rho_same_seed_schedule,False,1,28.418625495101157,1.0,20000,0.0,20000.0,1,20000,0,1.2501370194102905,False,2.477213035227205,False,ok,,0.04886758397333324
28,10,Normal,20000,20,0.3,2,2026110702,25.941412459873952,new_lower_rho_same_seed_schedule,False,2,10.402245072710732,0.1357,2714,0.8643000000000001,1.189202045427518,16818,1,15562,107.9703077278948,False,-15.53916738716322,False,ok,,0.023879459011368454
28,10,Normal,20000,20,0.3,2,2026110702,25.941412459873952,new_lower_rho_same_seed_schedule,False,3,12.076376898234962,0.38495,7699,0.61505,1.6265452179570592,12296,1,10585,202.41597189669918,False,-13.86503556163899,False,ok,,0.028371917025651783
28,10,Normal,20000,20,0.3,2,2026110702,25.941412459873952,new_lower_rho_same_seed_schedule,False,4,-5.755919954538357,0.00585,117,0.99415,1.0169836265636123,19666,1,19385,11.705413994764191,False,-31.69733241441231,False,ok,,0.017332500021439046
28,10,Normal,20000,20,0.3,2,2026110702,25.941412459873952,new_lower_rho_same_seed_schedule,False,5,-8.778920463946575,0.0003,6,0.9997,1.0023555355084448,19953,1,19908,1.1822707985870593,False,-34.72033292382053,False,ok,,0.01586812495952472
28,10,Normal,20000,20,0.3,2,2026110702,25.941412459873952,new_lower_rho_same_seed_schedule,False,6,0.0,0.0,0,1.0,1.000050002500125,19999,1,19998,0.0001,False,-25.941412459873952,True,ok,,0.01555770798586309
28,10,Normal,20000,20,0.3,2,2026110702,25.941412459873952,new_lower_rho_same_seed_schedule,False,7,0.0,0.0,0,1.0,1.000050002500125,19999,1,19998,0.0001,False,-25.941412459873952,True,ok,,0.016416250029578805
28,10,Normal,20000,20,0.3,2,2026110702,25.941412459873952,new_lower_rho_same_seed_schedule,False,8,0.0,0.0,0,1.0,1.0,20000,1,20000,0.0,False,-25.941412459873952,True,ok,,0.015684165991842747
28,10,Normal,20000,20,0.3,3,2026110703,25.941412459873952,new_lower_rho_same_seed_schedule,False,1,28.383450430034078,1.0,20000,0.0,20000.0,1,20000,0,1.246300448609816,False,2.4420379701601256,False,ok,,0.04682445799699053
28,10,Normal,20000,20,0.3,3,2026110703,25.941412459873952,new_lower_rho_same_seed_schedule,False,2,9.282035428407939,0.14025,2805,0.85975,1.1856770215793218,16868,1,15645,132.85309644433934,False,-16.659377031466015,False,ok,,0.022681624977849424
28,10,Normal,20000,20,0.3,3,2026110703,25.941412459873952,new_lower_rho_same_seed_schedule,False,3,11.567437307480395,0.35985,7197,0.64015,1.5736879376819577,12709,1,10977,187.50008840732264,False,-14.373975152393557,False,ok,,0.028031209018081427
28,10,Normal,20000,20,0.3,3,2026110703,25.941412459873952,new_lower_rho_same_seed_schedule,False,4,-4.496717823909778,0.00545,109,0.99455,1.0136847440446022,19730,1,19511,11.12232577031842,False,-30.438130283783728,False,ok,,0.01700387499295175
28,10,Normal,20000,20,0.3,3,2026110703,25.941412459873952,new_lower_rho_same_seed_schedule,False,5,0.0,0.0,0,1.0,1.001151324022626,19977,1,19954,0.0022999999999999995,False,-25.941412459873952,True,ok,,0.016124832967761904
28,10,Normal,20000,20,0.3,3,2026110703,25.941412459873952,new_lower_rho_same_seed_schedule,False,6,0.0,0.0,0,1.0,1.000050002500125,19999,1,19998,0.00010000000000000003,False,-25.941412459873952,True,ok,,0.015741750015877187
28,10,Normal,20000,20,0.3,3,2026110703,25.941412459873952,new_lower_rho_same_seed_schedule,False,7,0.0,0.0,0,1.0,1.0,20000,1,20000,0.0,False,-25.941412459873952,True,ok,,0.015955458977259696
28,10,Normal,20000,20,0.3,3,2026110703,25.941412459873952,new_lower_rho_same_seed_schedule,False,8,0.0,0.0,0,1.0,1.0,20000,1,20000,0.0,False,-25.941412459873952,True,ok,,0.015760499984025955
28,10,Normal,20000,20,0.3,4,2026110704,25.941412459873952,new_lower_rho_same_seed_schedule,False,1,28.325118264919723,1.0,20000,0.0,20000.0,1,20000,0,1.2441352010477218,False,2.3837058050457713,False,ok,,0.04700333398068324
28,10,Normal,20000,20,0.3,4,2026110704,25.941412459873952,new_lower_rho_same_seed_schedule,False,2,10.170193894636173,0.1408,2816,0.8592,1.1856067342462506,16869,1,15716,115.75771073973885,False,-15.77121856523778,False,ok,,0.022543582948856056
28,10,Normal,20000,20,0.3,4,2026110704,25.941412459873952,new_lower_rho_same_seed_schedule,False,3,11.01094278877802,0.3487,6974,0.6513,1.5392903871315324,12993,1,11296,190.70806514758965,False,-14.930469671095931,False,ok,,0.02763370901811868
28,10,Normal,20000,20,0.3,4,2026110704,25.941412459873952,new_lower_rho_same_seed_schedule,False,4,-2.706635654640364,0.004,80,0.996,1.0120433154539015,19762,1,19564,7.760531535331654,False,-28.648048114514317,False,ok,,0.01637812500121072
28,10,Normal,20000,20,0.3,4,2026110704,25.941412459873952,new_lower_rho_same_seed_schedule,False,5,-9.221305089721128,0.00015,3,0.99985,1.0010511036588419,19979,1,19959,0.3908643028749307,False,-35.16271754959508,False,ok,,0.015650250017642975
28,10,Normal,20000,20,0.3,4,2026110704,25.941412459873952,new_lower_rho_same_seed_schedule,False,6,0.0,0.0,0,1.0,1.0,20000,1,20000,0.0,False,-25.941412459873952,True,ok,,0.01591958396602422
28,10,Normal,20000,20,0.3,4,2026110704,25.941412459873952,new_lower_rho_same_seed_schedule,False,7,0.0,0.0,0,1.0,1.0,20000,1,20000,0.0,False,-25.941412459873952,True,ok,,0.016143166983965784
28,10,Normal,20000,20,0.3,4,2026110704,25.941412459873952,new_lower_rho_same_seed_schedule,False,8,0.0,0.0,0,1.0,1.0,20000,1,20000,0.0,False,-25.941412459873952,True,ok,,0.015905833977740258
28,10,Normal,20000,20,0.3,5,2026110705,25.941412459873952,new_lower_rho_same_seed_schedule,False,1,28.33300492383027,1.0,20000,0.0,20000.0,1,20000,0,1.245047874062043,False,2.391592463956318,False,ok,,0.047816166013944894
28,10,Normal,20000,20,0.3,5,2026110705,25.941412459873952,new_lower_rho_same_seed_schedule,False,2,10.739540440478356,0.12975,2595,0.87025,1.177232326799694,16989,1,15823,104.73455503039857,False,-15.201872019395596,False,ok,,0.023249209043569863
28,10,Normal,20000,20,0.3,5,2026110705,25.941412459873952,new_lower_rho_same_seed_schedule,False,3,11.687963108225611,0.36055,7211,0.6394500000000001,1.576913979342427,12683,1,10955,190.59910886401514,False,-14.25344935164834,False,ok,,0.027936583035625517
28,10,Normal,20000,20,0.3,5,2026110705,25.941412459873952,new_lower_rho_same_seed_schedule,False,4,-4.988952359987249,0.00555,111,0.99445,1.0136847440446022,19730,1,19507,11.557195493613861,False,-30.9303648198612,False,ok,,0.016846249985974282
28,10,Normal,20000,20,0.3,5,2026110705,25.941412459873952,new_lower_rho_same_seed_schedule,False,5,-7.176394168722098,0.0003,6,0.9997,1.0014521055530519,19971,1,19944,0.8264975036283072,False,-33.11780662859605,False,ok,,0.015948333020787686
28,10,Normal,20000,20,0.3,5,2026110705,25.941412459873952,new_lower_rho_same_seed_schedule,False,6,0.0,0.0,0,1.0,1.000050002500125,19999,1,19998,9.999999999999996e-05,False,-25.941412459873952,True,ok,,0.016145041037816554
28,10,Normal,20000,20,0.3,5,2026110705,25.941412459873952,new_lower_rho_same_seed_schedule,False,7,0.0,0.0,0,1.0,1.0,20000,1,20000,0.0,False,-25.941412459873952,True,ok,,0.015874458011239767
28,10,Normal,20000,20,0.3,5,2026110705,25.941412459873952,new_lower_rho_same_seed_schedule,False,8,0.0,0.0,0,1.0,1.0,20000,1,20000,0.0,False,-25.941412459873952,True,ok,,0.01609345799079165
28,10,Normal,20000,20,0.3,6,2026110706,25.941412459873952,new_lower_rho_same_seed_schedule,False,1,28.43071144604484,1.0,20000,0.0,20000.0,1,20000,0,1.2472667354861098,False,2.489298986170887,False,ok,,0.04671587503980845
28,10,Normal,20000,20,0.3,6,2026110706,25.941412459873952,new_lower_rho_same_seed_schedule,False,2,10.184319735352474,0.1393,2786,0.8607,1.1872959335114277,16845,1,15637,117.01346569605107,False,-15.757092724521478,False,ok,,0.02321395801845938
28,10,Normal,20000,20,0.3,6,2026110706,25.941412459873952,new_lower_rho_same_seed_schedule,False,3,12.073353100121277,0.38595,7719,0.61405,1.6351892731583682,12231,1,10483,196.372590756996,False,-13.868059359752674,False,ok,,0.02850058302283287
28,10,Normal,20000,20,0.3,6,2026110706,25.941412459873952,new_lower_rho_same_seed_schedule,False,4,-5.252886130382153,0.0067,134,0.9933,1.017967119662035,19647,1,19352,13.830088574897179,False,-31.194298590256103,False,ok,,0.017297249985858798
28,10,Normal,20000,20,0.3,6,2026110706,25.941412459873952,new_lower_rho_same_seed_schedule,False,5,0.0,0.0,0,1.0,1.0017530678687703,19965,1,19930,0.0034999999999999966,False,-25.941412459873952,True,ok,,0.0168733749887906
28,10,Normal,20000,20,0.3,6,2026110706,25.941412459873952,new_lower_rho_same_seed_schedule,False,6,0.0,0.0,0,1.0,1.0002000400080016,19996,1,19992,0.0003999999999999999,False,-25.941412459873952,True,ok,,0.01603333296952769
28,10,Normal,20000,20,0.3,6,2026110706,25.941412459873952,new_lower_rho_same_seed_schedule,False,7,0.0,0.0,0,1.0,1.0,20000,1,20000,0.0,False,-25.941412459873952,True,ok,,0.015761165996082127
28,10,Normal,20000,20,0.3,6,2026110706,25.941412459873952,new_lower_rho_same_seed_schedule,False,8,0.0,0.0,0,1.0,1.0,20000,1,20000,0.0,False,-25.941412459873952,True,ok,,0.01621833397075534
28,10,Normal,20000,20,0.3,7,2026110707,25.941412459873952,new_lower_rho_same_seed_schedule,False,1,28.368975772686063,1.0,20000,0.0,20000.0,1,20000,0,1.2498408944199353,False,2.4275633128121115,False,ok,,0.04679716599639505
28,10,Normal,20000,20,0.3,7,2026110707,25.941412459873952,new_lower_rho_same_seed_schedule,False,2,10.225849827352354,0.13745,2749,0.86255,1.1882835244489336,16831,1,15595,117.39433895005413,False,-15.715562632521598,False,ok,,0.023206292011309415
28,10,Normal,20000,20,0.3,7,2026110707,25.941412459873952,new_lower_rho_same_seed_schedule,False,3,12.571754403037245,0.40365,8073,0.5963499999999999,1.6835016835016836,11880,1,10142,194.8807139136597,False,-13.369658056836707,False,ok,,0.028962875017896295
28,10,Normal,20000,20,0.3,7,2026110707,25.941412459873952,new_lower_rho_same_seed_schedule,False,4,-3.5555102762385795,0.0084,168,0.9916,1.0197838058331634,19612,1,19302,14.888215847239191,False,-29.49692273611253,False,ok,,0.01782124995952472
28,10,Normal,20000,20,0.3,7,2026110707,25.941412459873952,new_lower_rho_same_seed_schedule,False,5,-14.708704669998914,0.00015,3,0.99985,1.001903616872057,19962,1,19925,0.8634294120156225,False,-40.65011712987287,False,ok,,0.015815833990927786
28,10,Normal,20000,20,0.3,7,2026110707,25.941412459873952,new_lower_rho_same_seed_schedule,False,6,0.0,0.0,0,1.0,1.000050002500125,19999,1,19998,9.999999999999996e-05,False,-25.941412459873952,True,ok,,0.0156716660130769
28,10,Normal,20000,20,0.3,7,2026110707,25.941412459873952,new_lower_rho_same_seed_schedule,False,7,0.0,0.0,0,1.0,1.0,20000,1,20000,0.0,False,-25.941412459873952,True,ok,,0.01620895799715072
28,10,Normal,20000,20,0.3,7,2026110707,25.941412459873952,new_lower_rho_same_seed_schedule,False,8,0.0,0.0,0,1.0,1.0,20000,1,20000,0.0,False,-25.941412459873952,True,ok,,0.01583991601364687
28,10,Normal,20000,20,0.3,8,2026110708,25.941412459873952,new_lower_rho_same_seed_schedule,False,1,28.400897645008868,1.0,20000,0.0,20000.0,1,20000,0,1.2450835896460795,False,2.459485185134916,False,ok,,0.046651459007989615
28,10,Normal,20000,20,0.3,8,2026110708,25.941412459873952,new_lower_rho_same_seed_schedule,False,2,10.599246144874881,0.1384,2768,0.8616,1.1907597046915932,16796,1,15567,103.86836027319414,False,-15.342166314999071,False,ok,,0.0235219580354169
28,10,Normal,20000,20,0.3,8,2026110708,25.941412459873952,new_lower_rho_same_seed_schedule,False,3,11.186127717177765,0.34835,6967,0.6516500000000001,1.5447594037228702,12947,1,11211,194.51538209361885,False,-14.755284742696187,False,ok,,0.02793699997710064
28,10,Normal,20000,20,0.3,8,2026110708,25.941412459873952,new_lower_rho_same_seed_schedule,False,4,-5.050601673332724,0.0061,122,0.9939,1.0147648282510529,19709,1,19472,12.895000090871733,False,-30.992014133206677,False,ok,,0.01679929200327024
28,10,Normal,20000,20,0.3,8,2026110708,25.941412459873952,new_lower_rho_same_seed_schedule,False,5,0.0,0.0,0,1.0,1.0011012113324658,19978,1,19956,0.0021999999999999993,False,-25.941412459873952,True,ok,,0.01658416702412069
28,10,Normal,20000,20,0.3,8,2026110708,25.941412459873952,new_lower_rho_same_seed_schedule,False,6,0.0,0.0,0,1.0,1.0,20000,1,20000,0.0,False,-25.941412459873952,True,ok,,0.01574491598876193
28,10,Normal,20000,20,0.3,8,2026110708,25.941412459873952,new_lower_rho_same_seed_schedule,False,7,0.0,0.0,0,1.0,1.0,20000,1,20000,0.0,False,-25.941412459873952,True,ok,,0.015738458023406565
28,10,Normal,20000,20,0.3,8,2026110708,25.941412459873952,new_lower_rho_same_seed_schedule,False,8,0.0,0.0,0,1.0,1.0,20000,1,20000,0.0,False,-25.941412459873952,True,ok,,0.015905624954029918
28,10,Normal,20000,20,0.3,9,2026110709,25.941412459873952,new_lower_rho_same_seed_schedule,False,1,28.409292864336646,1.0,20000,0.0,20000.0,1,20000,0,1.2433395988322358,False,2.4678804044626936,False,ok,,0.047425041964743286
28,10,Normal,20000,20,0.3,9,2026110709,25.941412459873952,new_lower_rho_same_seed_schedule,False,2,10.796641928138333,0.13485,2697,0.86515,1.181823553743426,16923,1,15771,97.73533266241515,False,-15.144770531735618,False,ok,,0.02274179202504456
28,10,Normal,20000,20,0.3,9,2026110709,25.941412459873952,new_lower_rho_same_seed_schedule,False,3,11.199571778407593,0.3487,6974,0.6513,1.538935056940597,12996,1,11320,189.2546599584782,False,-14.741840681466359,False,ok,,0.028387749975081533
28,10,Normal,20000,20,0.3,9,2026110709,25.941412459873952,new_lower_rho_same_seed_schedule,False,4,-4.145396578321169,0.00465,93,0.99535,1.012606956609792,19751,1,19545,9.3520097667058,False,-30.08680903819512,False,ok,,0.01706712500890717
28,10,Normal,20000,20,0.3,9,2026110709,25.941412459873952,new_lower_rho_same_seed_schedule,False,5,-18.645110619061786,0.00015,3,0.99985,1.0009509033581903,19981,1,19963,0.9370746772225789,False,-44.58652307893574,False,ok,,0.016126250033266842
28,10,Normal,20000,20,0.3,9,2026110709,25.941412459873952,new_lower_rho_same_seed_schedule,False,6,0.0,0.0,0,1.0,1.0,20000,1,20000,0.0,False,-25.941412459873952,True,ok,,0.016211582988034934
28,10,Normal,20000,20,0.3,9,2026110709,25.941412459873952,new_lower_rho_same_seed_schedule,False,7,0.0,0.0,0,1.0,1.0,20000,1,20000,0.0,False,-25.941412459873952,True,ok,,0.016985666996333748
28,10,Normal,20000,20,0.3,9,2026110709,25.941412459873952,new_lower_rho_same_seed_schedule,False,8,0.0,0.0,0,1.0,1.0,20000,1,20000,0.0,False,-25.941412459873952,True,ok,,0.016179250029381365
28,10,Normal,20000,20,0.3,10,2026110710,25.941412459873952,new_lower_rho_same_seed_schedule,False,1,28.41040243980462,1.0,20000,0.0,20000.0,1,20000,0,1.2471278734907498,False,2.4689899799306687,False,ok,,0.047399999981280416
28,10,Normal,20000,20,0.3,10,2026110710,25.941412459873952,new_lower_rho_same_seed_schedule,False,2,10.779451751411775,0.1321,2642,0.8679,1.1761246692149367,17005,1,15892,106.93504649078027,False,-15.161960708462177,False,ok,,0.022315124981105328
28,10,Normal,20000,20,0.3,10,2026110710,25.941412459873952,new_lower_rho_same_seed_schedule,False,3,12.527605998156801,0.40075,8015,0.5992500000000001,1.671402306535183,11966,1,10245,189.59502167894706,False,-13.41380646171715,False,ok,,0.02785758301615715
28,10,Normal,20000,20,0.3,10,2026110710,25.941412459873952,new_lower_rho_same_seed_schedule,False,4,-4.6734382810023885,0.00765,153,0.99235,1.0171905197843556,19662,1,19393,16.620481653330337,False,-30.614850740876342,False,ok,,0.0166966249817051
28,10,Normal,20000,20,0.3,10,2026110710,25.941412459873952,new_lower_rho_same_seed_schedule,False,5,-14.720438506973366,0.00015,3,0.99985,1.0016527269995492,19967,1,19935,0.7045468885180798,False,-40.66185096684732,False,ok,,0.01625979202799499
28,10,Normal,20000,20,0.3,10,2026110710,25.941412459873952,new_lower_rho_same_seed_schedule,False,6,0.0,0.0,0,1.0,1.0001500225033755,19997,1,19994,0.00030000000000000003,False,-25.941412459873952,True,ok,,0.01567400002386421
28,10,Normal,20000,20,0.3,10,2026110710,25.941412459873952,new_lower_rho_same_seed_schedule,False,7,0.0,0.0,0,1.0,1.000050002500125,19999,1,19998,0.00010000000000000006,False,-25.941412459873952,True,ok,,0.0158966250019148
28,10,Normal,20000,20,0.3,10,2026110710,25.941412459873952,new_lower_rho_same_seed_schedule,False,8,0.0,0.0,0,1.0,1.0,20000,1,20000,0.0,False,-25.941412459873952,True,ok,,0.015492708014789969
28,10,Normal,20000,20,0.3,11,2026110711,25.941412459873952,new_lower_rho_same_seed_schedule,False,1,28.372939514048305,1.0,20000,0.0,20000.0,1,20000,0,1.2497394690132384,False,2.431527054174353,False,ok,,0.04840783402323723
28,10,Normal,20000,20,0.3,11,2026110711,25.941412459873952,new_lower_rho_same_seed_schedule,False,2,10.578380513811242,0.13265,2653,0.8673500000000001,1.1757789535567313,17010,1,15895,105.40887452058472,False,-15.36303194606271,False,ok,,0.02491062501212582
28,10,Normal,20000,20,0.3,11,2026110711,25.941412459873952,new_lower_rho_same_seed_schedule,False,3,12.888469587328485,0.41605,8321,0.58395,1.712035610340695,11682,1,9983,187.94779480623578,False,-13.052942872545467,False,ok,,0.030769041972234845
28,10,Normal,20000,20,0.3,11,2026110711,25.941412459873952,new_lower_rho_same_seed_schedule,False,4,-4.665986740088612,0.0069,138,0.9931,1.0183299389002036,19640,1,19342,13.68402451137598,False,-30.607399199962565,False,ok,,0.017885291017591953
28,10,Normal,20000,20,0.3,11,2026110711,25.941412459873952,new_lower_rho_same_seed_schedule,False,5,-10.292513707433155,0.00035,7,0.99965,1.0017530678687703,19965,1,19933,0.7275845852613342,False,-36.233926167307104,False,ok,,0.01651783403940499
28,10,Normal,20000,20,0.3,11,2026110711,25.941412459873952,new_lower_rho_same_seed_schedule,False,6,0.0,0.0,0,1.0,1.0,20000,1,20000,0.0,False,-25.941412459873952,True,ok,,0.016325125005096197
28,10,Normal,20000,20,0.3,11,2026110711,25.941412459873952,new_lower_rho_same_seed_schedule,False,7,0.0,0.0,0,1.0,1.0,20000,1,20000,0.0,False,-25.941412459873952,True,ok,,0.018420500040519983
28,10,Normal,20000,20,0.3,11,2026110711,25.941412459873952,new_lower_rho_same_seed_schedule,False,8,0.0,0.0,0,1.0,1.0,20000,1,20000,0.0,False,-25.941412459873952,True,ok,,0.017340000020340085
28,10,Normal,20000,20,0.3,12,2026110712,25.941412459873952,new_lower_rho_same_seed_schedule,False,1,28.380160231015576,1.0,20000,0.0,20000.0,1,20000,0,1.2482792383679777,False,2.4387477711416246,False,ok,,0.05012850003549829
28,10,Normal,20000,20,0.3,12,2026110712,25.941412459873952,new_lower_rho_same_seed_schedule,False,2,10.126893967010497,0.1389,2778,0.8611,1.1913271384322135,16788,1,15526,116.24209271259372,False,-15.814518492863455,False,ok,,0.0239100000471808
28,10,Normal,20000,20,0.3,12,2026110712,25.941412459873952,new_lower_rho_same_seed_schedule,False,3,11.64931153587422,0.3698,7396,0.6302,1.5891934843067144,12585,1,10874,189.29845976160945,False,-14.292100923999731,False,ok,,0.029658959014341235
28,10,Normal,20000,20,0.3,12,2026110712,25.941412459873952,new_lower_rho_same_seed_schedule,False,4,-3.2536472566006482,0.00645,129,0.99355,1.0161052685058172,19683,1,19427,12.165448765373599,False,-29.1950597164746,False,ok,,0.018154999997932464
28,10,Normal,20000,20,0.3,12,2026110712,25.941412459873952,new_lower_rho_same_seed_schedule,False,5,-14.383097843113745,0.00045,9,0.99955,1.001552406229656,19969,1,19941,1.379772448663224,False,-40.3245103029877,False,ok,,0.016437208047136664
28,10,Normal,20000,20,0.3,12,2026110712,25.941412459873952,new_lower_rho_same_seed_schedule,False,6,0.0,0.0,0,1.0,1.000050002500125,19999,1,19998,9.999999999999994e-05,False,-25.941412459873952,True,ok,,0.016119624953716993
28,10,Normal,20000,20,0.3,12,2026110712,25.941412459873952,new_lower_rho_same_seed_schedule,False,7,0.0,0.0,0,1.0,1.0,20000,1,20000,0.0,False,-25.941412459873952,True,ok,,0.01616533298511058
28,10,Normal,20000,20,0.3,12,2026110712,25.941412459873952,new_lower_rho_same_seed_schedule,False,8,0.0,0.0,0,1.0,1.0,20000,1,20000,0.0,False,-25.941412459873952,True,ok,,0.016258457966614515
28,10,Normal,20000,20,0.3,13,2026110713,25.941412459873952,new_lower_rho_same_seed_schedule,False,1,28.385360546222888,1.0,20000,0.0,20000.0,1,20000,0,1.2452072076377299,False,2.443948086348936,False,ok,,0.04834341601235792
28,10,Normal,20000,20,0.3,13,2026110713,25.941412459873952,new_lower_rho_same_seed_schedule,False,2,10.126312079839856,0.13795,2759,0.86205,1.1854661845770849,16871,1,15675,111.9173775903861,False,-15.815100380034096,False,ok,,0.022851583024021238
28,10,Normal,20000,20,0.3,13,2026110713,25.941412459873952,new_lower_rho_same_seed_schedule,False,3,11.793729760132214,0.3594,7188,0.6406000000000001,1.5739356260328952,12707,1,11006,184.0900488748466,False,-14.147682699741738,False,ok,,0.02894679200835526
28,10,Normal,20000,20,0.3,13,2026110713,25.941412459873952,new_lower_rho_same_seed_schedule,False,4,-6.851072735710607,0.00405,81,0.99595,1.0145589205093086,19713,1,19459,9.25995919326969,False,-32.79248519558456,False,ok,,0.01776241697371006
28,10,Normal,20000,20,0.3,13,2026110713,25.941412459873952,new_lower_rho_same_seed_schedule,False,5,0.0,0.0,0,1.0,1.0004502025911661,19991,1,19982,0.0008999999999999999,False,-25.941412459873952,True,ok,,0.015711083018686622
28,10,Normal,20000,20,0.3,13,2026110713,25.941412459873952,new_lower_rho_same_seed_schedule,False,6,0.0,0.0,0,1.0,1.0001500225033755,19997,1,19994,0.0002999999999999999,False,-25.941412459873952,True,ok,,0.01592254196293652
28,10,Normal,20000,20,0.3,13,2026110713,25.941412459873952,new_lower_rho_same_seed_schedule,False,7,0.0,0.0,0,1.0,1.0,20000,1,20000,0.0,False,-25.941412459873952,True,ok,,0.016319457965437323
28,10,Normal,20000,20,0.3,13,2026110713,25.941412459873952,new_lower_rho_same_seed_schedule,False,8,0.0,0.0,0,1.0,1.0,20000,1,20000,0.0,False,-25.941412459873952,True,ok,,0.015916290984023362
28,10,Normal,20000,20,0.3,14,2026110714,25.941412459873952,new_lower_rho_same_seed_schedule,False,1,28.346675752701056,1.0,20000,0.0,20000.0,1,20000,0,1.2484721491386135,False,2.4052632928271045,False,ok,,0.05715154198696837
28,10,Normal,20000,20,0.3,14,2026110714,25.941412459873952,new_lower_rho_same_seed_schedule,False,2,10.049401754366842,0.13075,2615,0.86925,1.1803588290840414,16944,1,15715,110.37114809773784,False,-15.89201070550711,False,ok,,0.024679958005435765
28,10,Normal,20000,20,0.3,14,2026110714,25.941412459873952,new_lower_rho_same_seed_schedule,False,3,12.185913817309094,0.3887,7774,0.6113,1.6417665407978985,12182,1,10456,195.28307574890138,False,-13.755498642564858,False,ok,,0.0320512080215849
28,10,Normal,20000,20,0.3,14,2026110714,25.941412459873952,new_lower_rho_same_seed_schedule,False,4,-6.223978946565191,0.0058,116,0.9942,1.0171905197843556,19662,1,19374,13.512347630349044,False,-32.16539140643914,False,ok,,0.01839237503008917
28,10,Normal,20000,20,0.3,14,2026110714,25.941412459873952,new_lower_rho_same_seed_schedule,False,5,0.0,0.0,0,1.0,1.001351824963701,19973,1,19946,0.002699999999999998,False,-25.941412459873952,True,ok,,0.01720687496708706
28,10,Normal,20000,20,0.3,14,2026110714,25.941412459873952,new_lower_rho_same_seed_schedule,False,6,0.0,0.0,0,1.0,1.0,20000,1,20000,0.0,False,-25.941412459873952,True,ok,,0.01702037500217557
28,10,Normal,20000,20,0.3,14,2026110714,25.941412459873952,new_lower_rho_same_seed_schedule,False,7,0.0,0.0,0,1.0,1.0,20000,1,20000,0.0,False,-25.941412459873952,True,ok,,0.017424958990886807
28,10,Normal,20000,20,0.3,14,2026110714,25.941412459873952,new_lower_rho_same_seed_schedule,False,8,0.0,0.0,0,1.0,1.0,20000,1,20000,0.0,False,-25.941412459873952,True,ok,,0.016962749999947846
28,10,Normal,20000,20,0.3,15,2026110715,25.941412459873952,new_lower_rho_same_seed_schedule,False,1,28.35008545762704,1.0,20000,0.0,20000.0,1,20000,0,1.241424088525036,False,2.4086729977530865,False,ok,,0.05441208300180733
28,10,Normal,20000,20,0.3,15,2026110715,25.941412459873952,new_lower_rho_same_seed_schedule,False,2,10.702899557725233,0.13235,2647,0.86765,1.1791062374719963,16962,1,15799,99.82770408938681,False,-15.238512902148718,False,ok,,0.024873416987247765
28,10,Normal,20000,20,0.3,15,2026110715,25.941412459873952,new_lower_rho_same_seed_schedule,False,3,10.990584303448724,0.34605,6921,0.65395,1.5376335819174292,13007,1,11307,188.3692081089967,False,-14.950828156425228,False,ok,,0.02952024998376146
28,10,Normal,20000,20,0.3,15,2026110715,25.941412459873952,new_lower_rho_same_seed_schedule,False,4,-2.5452904489299026,0.0043,86,0.9957,1.0123506782749545,19756,1,19558,8.091295759187153,False,-28.486702908803856,False,ok,,0.017648083972744644
28,10,Normal,20000,20,0.3,15,2026110715,25.941412459873952,new_lower_rho_same_seed_schedule,False,5,-14.34040307485229,0.00015,3,0.99985,1.0015022533800702,19970,1,19941,0.5404042526956225,False,-40.28181553472624,False,ok,,0.016196665994357318
28,10,Normal,20000,20,0.3,15,2026110715,25.941412459873952,new_lower_rho_same_seed_schedule,False,6,0.0,0.0,0,1.0,1.000050002500125,19999,1,19998,9.999999999999999e-05,False,-25.941412459873952,True,ok,,0.016032250015996397
28,10,Normal,20000,20,0.3,15,2026110715,25.941412459873952,new_lower_rho_same_seed_schedule,False,7,0.0,0.0,0,1.0,1.0,20000,1,20000,0.0,False,-25.941412459873952,True,ok,,0.0162468749913387
28,10,Normal,20000,20,0.3,15,2026110715,25.941412459873952,new_lower_rho_same_seed_schedule,False,8,0.0,0.0,0,1.0,1.0,20000,1,20000,0.0,False,-25.941412459873952,True,ok,,0.01619091600878164
28,10,Normal,20000,20,0.3,16,2026110716,25.941412459873952,new_lower_rho_same_seed_schedule,False,1,28.29345332202277,1.0,20000,0.0,20000.0,1,20000,0,1.2450122442666283,False,2.3520408621488187,False,ok,,0.048467166954651475
28,10,Normal,20000,20,0.3,16,2026110716,25.941412459873952,new_lower_rho_same_seed_schedule,False,2,10.475405667856748,0.138,2760,0.862,1.1870845204178537,16848,1,15648,115.87940122605335,False,-15.466006792017204,False,ok,,0.022291957982815802
28,10,Normal,20000,20,0.3,16,2026110716,25.941412459873952,new_lower_rho_same_seed_schedule,False,3,11.163489917650582,0.35195,7039,0.64805,1.5535187199005749,12874,1,11123,195.19881666022673,False,-14.77792254222337,False,ok,,0.028176209016237408
28,10,Normal,20000,20,0.3,16,2026110716,25.941412459873952,new_lower_rho_same_seed_schedule,False,4,-6.546980464753389,0.0043,86,0.9957,1.0124531740407006,19754,1,19542,10.937874767415968,False,-32.48839292462734,False,ok,,0.01687787496484816
28,10,Normal,20000,20,0.3,16,2026110716,25.941412459873952,new_lower_rho_same_seed_schedule,False,5,0.0,0.0,0,1.0,1.0008507231146475,19983,1,19966,0.0017000000000000001,False,-25.941412459873952,True,ok,,0.01664995902683586
28,10,Normal,20000,20,0.3,16,2026110716,25.941412459873952,new_lower_rho_same_seed_schedule,False,6,0.0,0.0,0,1.0,1.0,20000,1,20000,0.0,False,-25.941412459873952,True,ok,,0.016057041008025408
28,10,Normal,20000,20,0.3,16,2026110716,25.941412459873952,new_lower_rho_same_seed_schedule,False,7,0.0,0.0,0,1.0,1.0,20000,1,20000,0.0,False,-25.941412459873952,True,ok,,0.016041917027905583
28,10,Normal,20000,20,0.3,16,2026110716,25.941412459873952,new_lower_rho_same_seed_schedule,False,8,0.0,0.0,0,1.0,1.0,20000,1,20000,0.0,False,-25.941412459873952,True,ok,,0.016312583000399172
28,10,Normal,20000,20,0.3,17,2026110717,25.941412459873952,new_lower_rho_same_seed_schedule,False,1,28.342600084804708,1.0,20000,0.0,20000.0,1,20000,0,1.2465868147924537,False,2.401187624930756,False,ok,,0.05187154095619917
28,10,Normal,20000,20,0.3,17,2026110717,25.941412459873952,new_lower_rho_same_seed_schedule,False,2,10.33238760279411,0.135,2700,0.865,1.1791062374719963,16962,1,15820,118.47010419916074,False,-15.609024857079842,False,ok,,0.023136665986385196
28,10,Normal,20000,20,0.3,17,2026110717,25.941412459873952,new_lower_rho_same_seed_schedule,False,3,11.679296606073795,0.39085,7817,0.6091500000000001,1.6371971185330714,12216,1,10479,208.89969686589905,False,-14.262115853800157,False,ok,,0.028828167007304728
28,10,Normal,20000,20,0.3,17,2026110717,25.941412459873952,new_lower_rho_same_seed_schedule,False,4,-3.9322279787973997,0.00765,153,0.99235,1.0165700925078784,19674,1,19421,13.961808431062108,False,-29.87364043867135,False,ok,,0.017606541980057955
28,10,Normal,20000,20,0.3,17,2026110717,25.941412459873952,new_lower_rho_same_seed_schedule,False,5,-11.776686572412387,0.00045,9,0.99955,1.0017028949213662,19966,1,19935,1.5181998571650992,False,-37.71809903228634,False,ok,,0.015866916975937784
28,10,Normal,20000,20,0.3,17,2026110717,25.941412459873952,new_lower_rho_same_seed_schedule,False,6,0.0,0.0,0,1.0,1.0,20000,1,20000,0.0,False,-25.941412459873952,True,ok,,0.016166042012628168
28,10,Normal,20000,20,0.3,17,2026110717,25.941412459873952,new_lower_rho_same_seed_schedule,False,7,0.0,0.0,0,1.0,1.0,20000,1,20000,0.0,False,-25.941412459873952,True,ok,,0.01617299998179078
28,10,Normal,20000,20,0.3,17,2026110717,25.941412459873952,new_lower_rho_same_seed_schedule,False,8,0.0,0.0,0,1.0,1.0,20000,1,20000,0.0,False,-25.941412459873952,True,ok,,0.01559416699456051
28,10,Normal,20000,20,0.3,18,2026110718,25.941412459873952,new_lower_rho_same_seed_schedule,False,1,28.32642194018556,1.0,20000,0.0,20000.0,1,20000,0,1.245793975381735,False,2.3850094803116093,False,ok,,0.048162082966882735
28,10,Normal,20000,20,0.3,18,2026110718,25.941412459873952,new_lower_rho_same_seed_schedule,False,2,10.49747535824459,0.13265,2653,0.8673500000000001,1.1766782373360005,16997,1,15877,104.18646303471901,False,-15.443937101629363,False,ok,,0.022654792002867907
28,10,Normal,20000,20,0.3,18,2026110718,25.941412459873952,new_lower_rho_same_seed_schedule,False,3,11.733709782494183,0.3688,7376,0.6312,1.5927371187385522,12557,1,10840,180.1487996861065,False,-14.20770267737977,False,ok,,0.028868666966445744
28,10,Normal,20000,20,0.3,18,2026110718,25.941412459873952,new_lower_rho_same_seed_schedule,False,4,-4.063410441146424,0.0058,116,0.9942,1.014867813467296,19707,1,19470,9.477905895989853,False,-30.004822901020376,False,ok,,0.017273208999540657
28,10,Normal,20000,20,0.3,18,2026110718,25.941412459873952,new_lower_rho_same_seed_schedule,False,5,0.0,0.0,0,1.0,1.001001001001001,19980,1,19960,0.002,False,-25.941412459873952,True,ok,,0.015788166027050465
28,10,Normal,20000,20,0.3,18,2026110718,25.941412459873952,new_lower_rho_same_seed_schedule,False,6,0.0,0.0,0,1.0,1.000100010001,19998,1,19996,0.00019999999999999987,False,-25.941412459873952,True,ok,,0.016163667023647577
28,10,Normal,20000,20,0.3,18,2026110718,25.941412459873952,new_lower_rho_same_seed_schedule,False,7,0.0,0.0,0,1.0,1.0,20000,1,20000,0.0,False,-25.941412459873952,True,ok,,0.01587708300212398
28,10,Normal,20000,20,0.3,18,2026110718,25.941412459873952,new_lower_rho_same_seed_schedule,False,8,0.0,0.0,0,1.0,1.0,20000,1,20000,0.0,False,-25.941412459873952,True,ok,,0.015479040972422808
28,10,Normal,20000,20,0.3,19,2026110719,25.941412459873952,new_lower_rho_same_seed_schedule,False,1,28.39670154329618,1.0,20000,0.0,20000.0,1,20000,0,1.2483043999805787,False,2.4552890834222296,False,ok,,0.04799729201477021
28,10,Normal,20000,20,0.3,19,2026110719,25.941412459873952,new_lower_rho_same_seed_schedule,False,2,9.749073121443775,0.14035,2807,0.85965,1.19019281123542,16804,1,15553,115.69213813660203,False,-16.192339338430177,False,ok,,0.022819042031187564
28,10,Normal,20000,20,0.3,19,2026110719,25.941412459873952,new_lower_rho_same_seed_schedule,False,3,12.285566865848491,0.3883,7766,0.6117,1.6490765171503958,12128,1,10356,196.780710257294,False,-13.655845594025461,False,ok,,0.028401916031725705
28,10,Normal,20000,20,0.3,19,2026110719,25.941412459873952,new_lower_rho_same_seed_schedule,False,4,-5.240924230354221,0.00945,189,0.99055,1.019160211985324,19624,1,19331,22.44342590723466,False,-31.182336690228173,False,ok,,0.017041874991264194
28,10,Normal,20000,20,0.3,19,2026110719,25.941412459873952,new_lower_rho_same_seed_schedule,False,5,0.0,0.0,0,1.0,1.0016527269995492,19967,1,19934,0.003299999999999998,False,-25.941412459873952,True,ok,,0.016349334036931396
28,10,Normal,20000,20,0.3,19,2026110719,25.941412459873952,new_lower_rho_same_seed_schedule,False,6,0.0,0.0,0,1.0,1.0,20000,1,20000,0.0,False,-25.941412459873952,True,ok,,0.015797417028807104
28,10,Normal,20000,20,0.3,19,2026110719,25.941412459873952,new_lower_rho_same_seed_schedule,False,7,0.0,0.0,0,1.0,1.0,20000,1,20000,0.0,False,-25.941412459873952,True,ok,,0.015531582990661263
28,10,Normal,20000,20,0.3,19,2026110719,25.941412459873952,new_lower_rho_same_seed_schedule,False,8,0.0,0.0,0,1.0,1.0,20000,1,20000,0.0,False,-25.941412459873952,True,ok,,0.01670404098695144
28,10,Normal,20000,20,0.3,20,2026110720,25.941412459873952,new_lower_rho_same_seed_schedule,False,1,28.331658038783196,1.0,20000,0.0,20000.0,1,20000,0,1.2444289564871913,False,2.3902455789092443,False,ok,,0.04742512496886775
28,10,Normal,20000,20,0.3,20,2026110720,25.941412459873952,new_lower_rho_same_seed_schedule,False,2,10.476722473895542,0.13685,2737,0.86315,1.1839924224484963,16892,1,15723,103.63926309076496,False,-15.46468998597841,False,ok,,0.023206124955322593
28,10,Normal,20000,20,0.3,20,2026110720,25.941412459873952,new_lower_rho_same_seed_schedule,False,3,11.178949496768025,0.3582,7164,0.6417999999999999,1.562255897516013,12802,1,11086,196.2097671419405,False,-14.762462963105927,False,ok,,0.02781458297977224
28,10,Normal,20000,20,0.3,20,2026110720,25.941412459873952,new_lower_rho_same_seed_schedule,False,4,-3.5273346985300855,0.0042,84,0.9958,1.0133765707336846,19736,1,19514,6.9811193845481325,False,-29.46874715840404,False,ok,,0.017370292043779045
28,10,Normal,20000,20,0.3,20,2026110720,25.941412459873952,new_lower_rho_same_seed_schedule,False,5,-14.60017713206748,0.00015,3,0.99985,1.0010511036588419,19979,1,19959,0.4206723018688934,False,-40.54158959194143,False,ok,,0.017219665984157473
28,10,Normal,20000,20,0.3,20,2026110720,25.941412459873952,new_lower_rho_same_seed_schedule,False,6,0.0,0.0,0,1.0,1.0,20000,1,20000,0.0,False,-25.941412459873952,True,ok,,0.015942999976687133
28,10,Normal,20000,20,0.3,20,2026110720,25.941412459873952,new_lower_rho_same_seed_schedule,False,7,0.0,0.0,0,1.0,1.0,20000,1,20000,0.0,False,-25.941412459873952,True,ok,,0.016112916986458004
28,10,Normal,20000,20,0.3,20,2026110720,25.941412459873952,new_lower_rho_same_seed_schedule,False,8,0.0,0.0,0,1.0,1.0,20000,1,20000,0.0,False,-25.941412459873952,True,ok,,0.016111457953229547
28,10,Normal,20000,20,0.3,21,2026110721,25.941412459873952,new_lower_rho_same_seed_schedule,False,1,28.260273642388025,1.0,20000,0.0,20000.0,1,20000,0,1.2470542456978586,False,2.3188611825140732,False,ok,,0.05125225003575906
28,10,Normal,20000,20,0.3,21,2026110721,25.941412459873952,new_lower_rho_same_seed_schedule,False,2,9.762386215712734,0.1348,2696,0.8652,1.184483269173823,16885,1,15646,113.02046209138959,False,-16.179026244161218,False,ok,,0.025926625006832182
28,10,Normal,20000,20,0.3,21,2026110721,25.941412459873952,new_lower_rho_same_seed_schedule,False,3,11.77068624068036,0.3612,7224,0.6388,1.5874275736169536,12599,1,10814,183.5697630564732,False,-14.170726219193591,False,ok,,0.03075620799791068
28,10,Normal,20000,20,0.3,21,2026110721,25.941412459873952,new_lower_rho_same_seed_schedule,False,4,-5.897239728335482,0.00665,133,0.99335,1.016880211511084,19668,1,19395,13.454215994372143,False,-31.838652188209434,False,ok,,0.018136332975700498
28,10,Normal,20000,20,0.3,21,2026110721,25.941412459873952,new_lower_rho_same_seed_schedule,False,5,-16.32688269966913,0.00015,3,0.99985,1.0013016921998599,19974,1,19949,0.8613262937642925,False,-42.26829515954309,False,ok,,0.016355832980480045
28,10,Normal,20000,20,0.3,21,2026110721,25.941412459873952,new_lower_rho_same_seed_schedule,False,6,0.0,0.0,0,1.0,1.000050002500125,19999,1,19998,9.999999999999992e-05,False,-25.941412459873952,True,ok,,0.016194458003155887
28,10,Normal,20000,20,0.3,21,2026110721,25.941412459873952,new_lower_rho_same_seed_schedule,False,7,0.0,0.0,0,1.0,1.0,20000,1,20000,0.0,False,-25.941412459873952,True,ok,,0.017441292002331465
28,10,Normal,20000,20,0.3,21,2026110721,25.941412459873952,new_lower_rho_same_seed_schedule,False,8,0.0,0.0,0,1.0,1.0,20000,1,20000,0.0,False,-25.941412459873952,True,ok,,0.01611833303468302
28,10,Normal,20000,20,0.3,22,2026110722,25.941412459873952,new_lower_rho_same_seed_schedule,False,1,28.294086832480353,1.0,20000,0.0,20000.0,1,20000,0,1.2480190561389586,False,2.352674372606401,False,ok,,0.047679334005806595
28,10,Normal,20000,20,0.3,22,2026110722,25.941412459873952,new_lower_rho_same_seed_schedule,False,2,10.740210247531527,0.13025,2605,0.86975,1.1750190940602785,17021,1,15889,94.54315903547449,False,-15.201202212342425,False,ok,,0.022547999978996813
28,10,Normal,20000,20,0.3,22,2026110722,25.941412459873952,new_lower_rho_same_seed_schedule,False,3,12.34225880680169,0.38805,7761,0.61195,1.645548790521639,12154,1,10409,182.23625241140948,False,-13.599153653072262,False,ok,,0.029171708039939404
28,10,Normal,20000,20,0.3,22,2026110722,25.941412459873952,new_lower_rho_same_seed_schedule,False,4,-1.9220929086901948,0.0049,98,0.9951,1.0142502155281707,19719,1,19488,7.515875509201253,False,-27.863505368564148,False,ok,,0.017930125002749264
28,10,Normal,20000,20,0.3,22,2026110722,25.941412459873952,new_lower_rho_same_seed_schedule,False,5,-15.640520218234883,0.00045,9,0.99955,1.0017530678687703,19965,1,19933,1.642023041798851,False,-41.581932678108835,False,ok,,0.016434458026196808
28,10,Normal,20000,20,0.3,22,2026110722,25.941412459873952,new_lower_rho_same_seed_schedule,False,6,0.0,0.0,0,1.0,1.000050002500125,19999,1,19998,0.00010000000000000002,False,-25.941412459873952,True,ok,,0.01599416701355949
28,10,Normal,20000,20,0.3,22,2026110722,25.941412459873952,new_lower_rho_same_seed_schedule,False,7,0.0,0.0,0,1.0,1.0,20000,1,20000,0.0,False,-25.941412459873952,True,ok,,0.01568983297329396
28,10,Normal,20000,20,0.3,22,2026110722,25.941412459873952,new_lower_rho_same_seed_schedule,False,8,0.0,0.0,0,1.0,1.0,20000,1,20000,0.0,False,-25.941412459873952,True,ok,,0.015836541017051786
28,10,Normal,20000,20,0.3,23,2026110723,25.941412459873952,new_lower_rho_same_seed_schedule,False,1,28.326356191738526,1.0,20000,0.0,20000.0,1,20000,0,1.245551313603845,False,2.384943731864574,False,ok,,0.04560866596875712
28,10,Normal,20000,20,0.3,23,2026110723,25.941412459873952,new_lower_rho_same_seed_schedule,False,2,11.06284813001273,0.13545,2709,0.86455,1.184342985728667,16887,1,15727,106.14149574343283,False,-14.878564329861222,False,ok,,0.023233957996126264
28,10,Normal,20000,20,0.3,23,2026110723,25.941412459873952,new_lower_rho_same_seed_schedule,False,3,11.349397294523133,0.3581,7162,0.6419,1.565067689177557,12779,1,11068,177.4195019316044,False,-14.59201516535082,False,ok,,0.0281015420332551
28,10,Normal,20000,20,0.3,23,2026110723,25.941412459873952,new_lower_rho_same_seed_schedule,False,4,-5.150794390931295,0.00635,127,0.99365,1.0149193139145438,19706,1,19470,12.067446531977843,False,-31.092206850805248,False,ok,,0.01698016602313146
28,10,Normal,20000,20,0.3,23,2026110723,25.941412459873952,new_lower_rho_same_seed_schedule,False,5,-1.4403682266133435,0.0002,4,0.9998,1.0012515644555695,19975,1,19952,0.1820986567771305,False,-27.381780686487296,False,ok,,0.016452290990855545
28,10,Normal,20000,20,0.3,23,2026110723,25.941412459873952,new_lower_rho_same_seed_schedule,False,6,0.0,0.0,0,1.0,1.000100010001,19998,1,19996,0.00019999999999999998,False,-25.941412459873952,True,ok,,0.016812834015581757
28,10,Normal,20000,20,0.3,23,2026110723,25.941412459873952,new_lower_rho_same_seed_schedule,False,7,0.0,0.0,0,1.0,1.000050002500125,19999,1,19998,0.0001,False,-25.941412459873952,True,ok,,0.015406915976200253
28,10,Normal,20000,20,0.3,23,2026110723,25.941412459873952,new_lower_rho_same_seed_schedule,False,8,0.0,0.0,0,1.0,1.0,20000,1,20000,0.0,False,-25.941412459873952,True,ok,,0.016270542051643133
28,10,Normal,20000,20,0.3,24,2026110724,25.941412459873952,new_lower_rho_same_seed_schedule,False,1,28.374458418184442,1.0,20000,0.0,20000.0,1,20000,0,1.2471238703734453,False,2.4330459583104904,False,ok,,0.04725750000216067
28,10,Normal,20000,20,0.3,24,2026110724,25.941412459873952,new_lower_rho_same_seed_schedule,False,2,10.564696813272853,0.13565,2713,0.86435,1.1832219132698338,16903,1,15723,104.07187040907388,False,-15.376715646601099,False,ok,,0.022217708989046514
28,10,Normal,20000,20,0.3,24,2026110724,25.941412459873952,new_lower_rho_same_seed_schedule,False,3,11.907847884849756,0.3828,7656,0.6172,1.6246953696181965,12310,1,10578,201.81239757304604,False,-14.033564575024196,False,ok,,0.029213041998445988
28,10,Normal,20000,20,0.3,24,2026110724,25.941412459873952,new_lower_rho_same_seed_schedule,False,4,-3.48855841500421,0.00595,119,0.99405,1.017087062652563,19664,1,19385,11.408950539329048,False,-29.429970874878162,False,ok,,0.016763625026214868
28,10,Normal,20000,20,0.3,24,2026110724,25.941412459873952,new_lower_rho_same_seed_schedule,False,5,-17.472647819871153,0.00015,3,0.99985,1.0014521055530519,19971,1,19943,0.5575656641120658,False,-43.4140602797451,False,ok,,0.0161367499968037
28,10,Normal,20000,20,0.3,24,2026110724,25.941412459873952,new_lower_rho_same_seed_schedule,False,6,0.0,0.0,0,1.0,1.000050002500125,19999,1,19998,9.999999999999999e-05,False,-25.941412459873952,True,ok,,0.015556083992123604
28,10,Normal,20000,20,0.3,24,2026110724,25.941412459873952,new_lower_rho_same_seed_schedule,False,7,0.0,0.0,0,1.0,1.0,20000,1,20000,0.0,False,-25.941412459873952,True,ok,,0.015652000030968338
28,10,Normal,20000,20,0.3,24,2026110724,25.941412459873952,new_lower_rho_same_seed_schedule,False,8,0.0,0.0,0,1.0,1.0,20000,1,20000,0.0,False,-25.941412459873952,True,ok,,0.01635245804209262
28,10,Normal,20000,20,0.3,25,2026110725,25.941412459873952,new_lower_rho_same_seed_schedule,False,1,28.385694367648277,1.0,20000,0.0,20000.0,1,20000,0,1.2474891145054787,False,2.444281907774325,False,ok,,0.04714695899747312
28,10,Normal,20000,20,0.3,25,2026110725,25.941412459873952,new_lower_rho_same_seed_schedule,False,2,10.187585119455834,0.13895,2779,0.86105,1.1866619200189865,16854,1,15665,117.11582027369153,False,-15.753827340418118,False,ok,,0.02249745902372524
28,10,Normal,20000,20,0.3,25,2026110725,25.941412459873952,new_lower_rho_same_seed_schedule,False,3,12.032696273681601,0.38255,7651,0.61745,1.6268098259313486,12294,1,10563,188.1047120697101,False,-13.90871618619235,False,ok,,0.027487583050969988
28,10,Normal,20000,20,0.3,25,2026110725,25.941412459873952,new_lower_rho_same_seed_schedule,False,4,-3.5732604126412326,0.0072,144,0.9928,1.0169836265636123,19666,1,19400,12.814777853725719,False,-29.514672872515185,False,ok,,0.017154083994682878
28,10,Normal,20000,20,0.3,25,2026110725,25.941412459873952,new_lower_rho_same_seed_schedule,False,5,-16.812527236323643,0.00015,3,0.99985,1.0019538099293623,19961,1,19923,0.31393319586742685,False,-42.75393969619759,False,ok,,0.01630570797715336
28,10,Normal,20000,20,0.3,25,2026110725,25.941412459873952,new_lower_rho_same_seed_schedule,False,6,0.0,0.0,0,1.0,1.000050002500125,19999,1,19998,0.00010000000000000006,False,-25.941412459873952,True,ok,,0.016089375014416873
28,10,Normal,20000,20,0.3,25,2026110725,25.941412459873952,new_lower_rho_same_seed_schedule,False,7,0.0,0.0,0,1.0,1.0,20000,1,20000,0.0,False,-25.941412459873952,True,ok,,0.01616970798932016
28,10,Normal,20000,20,0.3,25,2026110725,25.941412459873952,new_lower_rho_same_seed_schedule,False,8,0.0,0.0,0,1.0,1.0,20000,1,20000,0.0,False,-25.941412459873952,True,ok,,0.0156552079715766
28,10,Normal,20000,20,0.3,26,2026110726,25.941412459873952,new_lower_rho_same_seed_schedule,False,1,28.282138709399284,1.0,20000,0.0,20000.0,1,20000,0,1.2473762544247653,False,2.340726249525332,False,ok,,0.04701254202518612
28,10,Normal,20000,20,0.3,26,2026110726,25.941412459873952,new_lower_rho_same_seed_schedule,False,2,10.503967766212488,0.1305,2610,0.8694999999999999,1.1761938367442955,17004,1,15856,104.04094506665474,False,-15.437444693661464,False,ok,,0.022315832960885018
28,10,Normal,20000,20,0.3,26,2026110726,25.941412459873952,new_lower_rho_same_seed_schedule,False,3,11.552878893454967,0.36625,7325,0.63375,1.5894460780418025,12583,1,10825,196.79655160049512,False,-14.388533566418985,False,ok,,0.02986224996857345
28,10,Normal,20000,20,0.3,26,2026110726,25.941412459873952,new_lower_rho_same_seed_schedule,False,4,-3.011290829571075,0.0056,112,0.9944,1.016053647632595,19684,1,19422,10.493023861761461,False,-28.952703289445026,False,ok,,0.017173416970763355
28,10,Normal,20000,20,0.3,26,2026110726,25.941412459873952,new_lower_rho_same_seed_schedule,False,5,0.0,0.0,0,1.0,1.0009008107296566,19982,1,19964,0.0018,False,-25.941412459873952,True,ok,,0.016371875011827797
28,10,Normal,20000,20,0.3,26,2026110726,25.941412459873952,new_lower_rho_same_seed_schedule,False,6,0.0,0.0,0,1.0,1.000050002500125,19999,1,19998,9.999999999999992e-05,False,-25.941412459873952,True,ok,,0.016247832973022014
28,10,Normal,20000,20,0.3,26,2026110726,25.941412459873952,new_lower_rho_same_seed_schedule,False,7,0.0,0.0,0,1.0,1.0,20000,1,20000,0.0,False,-25.941412459873952,True,ok,,0.01590720802778378
28,10,Normal,20000,20,0.3,26,2026110726,25.941412459873952,new_lower_rho_same_seed_schedule,False,8,0.0,0.0,0,1.0,1.0,20000,1,20000,0.0,False,-25.941412459873952,True,ok,,0.0161440409719944
28,10,Normal,20000,20,0.3,27,2026110727,25.941412459873952,new_lower_rho_same_seed_schedule,False,1,28.32412122896733,1.0,20000,0.0,20000.0,1,20000,0,1.2459258026761368,False,2.3827087690933766,False,ok,,0.04864108300535008
28,10,Normal,20000,20,0.3,27,2026110727,25.941412459873952,new_lower_rho_same_seed_schedule,False,2,10.180447993078747,0.1317,2634,0.8683,1.1780644401248748,16977,1,15802,111.80099673681204,False,-15.760964466795205,False,ok,,0.024382959003560245
28,10,Normal,20000,20,0.3,27,2026110727,25.941412459873952,new_lower_rho_same_seed_schedule,False,3,10.943209939655336,0.35445,7089,0.6455500000000001,1.5562991206909969,12851,1,11073,205.6489849175645,False,-14.998202520218616,False,ok,,0.028886833984870464
28,10,Normal,20000,20,0.3,27,2026110727,25.941412459873952,new_lower_rho_same_seed_schedule,False,4,-5.100741048644939,0.00365,73,0.99635,1.0132225543340594,19739,1,19509,6.656627245048818,False,-31.04215350851889,False,ok,,0.017756375018507242
28,10,Normal,20000,20,0.3,27,2026110727,25.941412459873952,new_lower_rho_same_seed_schedule,False,5,-11.739612102072948,0.00015,3,0.99985,1.0008507231146475,19983,1,19967,0.3744940954704014,False,-37.6810245619469,False,ok,,0.016833041969221085
28,10,Normal,20000,20,0.3,27,2026110727,25.941412459873952,new_lower_rho_same_seed_schedule,False,6,0.0,0.0,0,1.0,1.0,20000,1,20000,0.0,False,-25.941412459873952,True,ok,,0.017682625039014965
28,10,Normal,20000,20,0.3,27,2026110727,25.941412459873952,new_lower_rho_same_seed_schedule,False,7,0.0,0.0,0,1.0,1.0,20000,1,20000,0.0,False,-25.941412459873952,True,ok,,0.018220041994936764
28,10,Normal,20000,20,0.3,27,2026110727,25.941412459873952,new_lower_rho_same_seed_schedule,False,8,0.0,0.0,0,1.0,1.0,20000,1,20000,0.0,False,-25.941412459873952,True,ok,,0.01854112499859184
28,10,Normal,20000,20,0.3,28,2026110728,25.941412459873952,new_lower_rho_same_seed_schedule,False,1,28.348040511091128,1.0,20000,0.0,20000.0,1,20000,0,1.2471556489673798,False,2.406628051217176,False,ok,,0.054882500029634684
28,10,Normal,20000,20,0.3,28,2026110728,25.941412459873952,new_lower_rho_same_seed_schedule,False,2,10.442852464266778,0.1381,2762,0.8619,1.1856067342462506,16869,1,15694,113.14961020371742,False,-15.498559995607174,False,ok,,0.024210333009250462
28,10,Normal,20000,20,0.3,28,2026110728,25.941412459873952,new_lower_rho_same_seed_schedule,False,3,12.081264967821374,0.3837,7674,0.6163000000000001,1.628531878511522,12281,1,10562,194.24753012987466,False,-13.860147492052578,False,ok,,0.030696208006702363
28,10,Normal,20000,20,0.3,28,2026110728,25.941412459873952,new_lower_rho_same_seed_schedule,False,4,-1.6183111570937396,0.0062,124,0.9938,1.0155377272265664,19694,1,19452,10.395378065947394,False,-27.55972361696769,False,ok,,0.019207958015613258
28,10,Normal,20000,20,0.3,28,2026110728,25.941412459873952,new_lower_rho_same_seed_schedule,False,5,-8.239289755264513,0.00015,3,0.99985,1.0015022533800702,19970,1,19941,0.2272769716088994,False,-34.18070221513847,False,ok,,0.018860791984479874
28,10,Normal,20000,20,0.3,28,2026110728,25.941412459873952,new_lower_rho_same_seed_schedule,False,6,0.0,0.0,0,1.0,1.000100010001,19998,1,19996,0.00020000000000000004,False,-25.941412459873952,True,ok,,0.018705916998442262
28,10,Normal,20000,20,0.3,28,2026110728,25.941412459873952,new_lower_rho_same_seed_schedule,False,7,0.0,0.0,0,1.0,1.0,20000,1,20000,0.0,False,-25.941412459873952,True,ok,,0.017775915970560163
28,10,Normal,20000,20,0.3,28,2026110728,25.941412459873952,new_lower_rho_same_seed_schedule,False,8,0.0,0.0,0,1.0,1.0,20000,1,20000,0.0,False,-25.941412459873952,True,ok,,0.01751841598888859
28,10,Normal,20000,20,0.3,29,2026110729,25.941412459873952,new_lower_rho_same_seed_schedule,False,1,28.39130645082331,1.0,20000,0.0,20000.0,1,20000,0,1.2457730845783423,False,2.4498939909493593,False,ok,,0.05625937500735745
28,10,Normal,20000,20,0.3,29,2026110729,25.941412459873952,new_lower_rho_same_seed_schedule,False,2,10.684556732080795,0.1355,2710,0.8645,1.1835019823658204,16899,1,15740,105.77327384150483,False,-15.256855727793157,False,ok,,0.02503016695845872
28,10,Normal,20000,20,0.3,29,2026110729,25.941412459873952,new_lower_rho_same_seed_schedule,False,3,11.712453027698139,0.38605,7721,0.61395,1.6299918500407498,12270,1,10513,200.36335770710247,False,-14.228959432175813,False,ok,,0.029174416966270655
28,10,Normal,20000,20,0.3,29,2026110729,25.941412459873952,new_lower_rho_same_seed_schedule,False,4,-6.045948546281687,0.00775,155,0.99225,1.0183299389002036,19640,1,19347,18.888364906754873,False,-31.987361006155638,False,ok,,0.01779087504837662
28,10,Normal,20000,20,0.3,29,2026110729,25.941412459873952,new_lower_rho_same_seed_schedule,False,5,-1.7807422563046955,0.0002,4,0.9998,1.0018534288433603,19963,1,19928,0.1325489278327539,False,-27.722154716178647,False,ok,,0.016366208961699158
28,10,Normal,20000,20,0.3,29,2026110729,25.941412459873952,new_lower_rho_same_seed_schedule,False,6,0.0,0.0,0,1.0,1.0,20000,1,20000,0.0,False,-25.941412459873952,True,ok,,0.0165745000122115
28,10,Normal,20000,20,0.3,29,2026110729,25.941412459873952,new_lower_rho_same_seed_schedule,False,7,0.0,0.0,0,1.0,1.000050002500125,19999,1,19998,0.00010000000000000003,False,-25.941412459873952,True,ok,,0.016446582973003387
28,10,Normal,20000,20,0.3,29,2026110729,25.941412459873952,new_lower_rho_same_seed_schedule,False,8,0.0,0.0,0,1.0,1.0,20000,1,20000,0.0,False,-25.941412459873952,True,ok,,0.01671904104296118
28,10,Normal,20000,20,0.3,30,2026110730,25.941412459873952,new_lower_rho_same_seed_schedule,False,1,28.40179824458625,1.0,20000,0.0,20000.0,1,20000,0,1.2432265522613382,False,2.4603857847122974,False,ok,,0.05208095797570422
28,10,Normal,20000,20,0.3,30,2026110730,25.941412459873952,new_lower_rho_same_seed_schedule,False,2,11.103008059654888,0.1358,2716,0.8642,1.180080245456691,16948,1,15846,96.12843172743247,False,-14.838404400219064,False,ok,,0.023136458010412753
28,10,Normal,20000,20,0.3,30,2026110730,25.941412459873952,new_lower_rho_same_seed_schedule,False,3,11.211085752664804,0.35105,7021,0.64895,1.5481074386562428,12919,1,11206,192.6374539921157,False,-14.730326707209148,False,ok,,0.029099583975039423
28,10,Normal,20000,20,0.3,30,2026110730,25.941412459873952,new_lower_rho_same_seed_schedule,False,4,-4.144071368019733,0.0045,90,0.9955,1.0117873223048515,19767,1,19576,7.611516063355589,False,-30.085483827893686,False,ok,,0.019724291982129216
28,10,Normal,20000,20,0.3,30,2026110730,25.941412459873952,new_lower_rho_same_seed_schedule,False,5,-9.166112848823543,0.0003,6,0.9997,1.001201441730076,19976,1,19954,0.8611750980613521,False,-35.1075253086975,False,ok,,0.017558166990056634
28,10,Normal,20000,20,0.3,30,2026110730,25.941412459873952,new_lower_rho_same_seed_schedule,False,6,0.0,0.0,0,1.0,1.000050002500125,19999,1,19998,9.999999999999992e-05,False,-25.941412459873952,True,ok,,0.01605362497502938
28,10,Normal,20000,20,0.3,30,2026110730,25.941412459873952,new_lower_rho_same_seed_schedule,False,7,0.0,0.0,0,1.0,1.0,20000,1,20000,0.0,False,-25.941412459873952,True,ok,,0.01693304203217849
28,10,Normal,20000,20,0.3,30,2026110730,25.941412459873952,new_lower_rho_same_seed_schedule,False,8,0.0,0.0,0,1.0,1.0,20000,1,20000,0.0,False,-25.941412459873952,True,ok,,0.016921958012972027
