seed,method,count,features,accuracy,balanced_accuracy,auc,fit_seconds,prediction_seconds
42,PSS class-aware SC-CV,1,RH_6,0.6081742948826212,0.5894086737556548,0.6244369357730697,2.507555707998108,2.9951211669831537
42,PSS class-aware SC-CV,2,"RH_6,lights",0.6821482857625402,0.6704346868463741,0.6878260306374921,2.8508650000439957,2.527578875015024
42,PSS class-aware SC-CV,3,"RH_6,lights,RH_3",0.6892416821482857,0.6788831479094191,0.7245419063558132,2.286236167012248,2.7939647920429707
42,PSS class-aware SC-CV,4,"RH_6,lights,RH_3,RH_1",0.6992062151663571,0.6899077003002014,0.7565825661787791,1.9921180410310626,2.5361910419887863
42,PSS class-aware SC-CV,5,"RH_6,lights,RH_3,RH_1,T2",0.7277486910994765,0.7182123214633089,0.7919319639960432,1.8453405830077827,2.5885563750052825
42,PSS class-aware SC-CV,6,"RH_6,lights,RH_3,RH_1,T2,RH_7",0.7478466475257558,0.7406632335624749,0.8187077881259335,1.7271164170233533,2.486868875043001
42,PSS class-aware SC-CV,7,"RH_6,lights,RH_3,RH_1,T2,RH_7,RH_8",0.7713224117547711,0.7668138390754229,0.8411021440364972,1.6953285000054166,2.375072667025961
42,PSS class-aware SC-CV,8,"RH_6,lights,RH_3,RH_1,T2,RH_7,RH_8,RH_9",0.7728424252660023,0.7694482665327232,0.849098213008176,1.5953119579935446,2.230794875009451
42,PSS class-aware SC-CV,9,"RH_6,lights,RH_3,RH_1,T2,RH_7,RH_8,RH_9,T6",0.7870292180374937,0.784326965278749,0.8634232926978553,1.6629879170213826,2.5282488749944605
42,PSS class-aware SC-CV,10,"RH_6,lights,RH_3,RH_1,T2,RH_7,RH_8,RH_9,T6,T_out",0.7880425603783144,0.7858923372278441,0.8670601140034959,1.6702492500189692,3.327565708954353
42,PSS class-aware SC-CV,11,"RH_6,lights,RH_3,RH_1,T2,RH_7,RH_8,RH_9,T6,T_out,RH_2",0.7966559702752913,0.7949024557902857,0.8718308151187955,1.7071066250209697,2.376804124971386
42,PSS class-aware SC-CV,12,"RH_6,lights,RH_3,RH_1,T2,RH_7,RH_8,RH_9,T6,T_out,RH_2,RH_4",0.799527106907617,0.7974512738291032,0.8737507398238479,1.67124908400001,2.2070436669746414
42,PSS class-aware SC-CV,13,"RH_6,lights,RH_3,RH_1,T2,RH_7,RH_8,RH_9,T6,T_out,RH_2,RH_4,Tdewpoint",0.7991893261273434,0.7974931311504138,0.8756006152394642,1.7289747080067173,2.40622466604691
42,PSS class-aware SC-CV,14,"RH_6,lights,RH_3,RH_1,T2,RH_7,RH_8,RH_9,T6,T_out,RH_2,RH_4,Tdewpoint,RH_5",0.805438270562405,0.8034143631359758,0.8814128689042476,1.7875967500149272,2.3961035420070402
42,PSS class-aware SC-CV,15,"RH_6,lights,RH_3,RH_1,T2,RH_7,RH_8,RH_9,T6,T_out,RH_2,RH_4,Tdewpoint,RH_5,Press_mm_hg",0.8152339131903394,0.8124825307407288,0.8880130048228362,1.8311220409814268,2.4842665419564582
42,PSS class-aware SC-CV,16,"RH_6,lights,RH_3,RH_1,T2,RH_7,RH_8,RH_9,T6,T_out,RH_2,RH_4,Tdewpoint,RH_5,Press_mm_hg,RH_out",0.8194561729437595,0.816882142874368,0.8900460419050926,1.7388497500214726,2.282975542009808
42,PSS class-aware SC-CV,17,"RH_6,lights,RH_3,RH_1,T2,RH_7,RH_8,RH_9,T6,T_out,RH_2,RH_4,Tdewpoint,RH_5,Press_mm_hg,RH_out,Visibility",0.8204695152845803,0.8181747819342653,0.8925547251461102,1.8311743750236928,2.415661499951966
42,PSS class-aware SC-CV,18,"RH_6,lights,RH_3,RH_1,T2,RH_7,RH_8,RH_9,T6,T_out,RH_2,RH_4,Tdewpoint,RH_5,Press_mm_hg,RH_out,Visibility,T4",0.8260428981590947,0.8238251758064912,0.8979656308328952,1.8810734580038115,2.4050259590148926
42,PSS class-aware SC-CV,19,"RH_6,lights,RH_3,RH_1,T2,RH_7,RH_8,RH_9,T6,T_out,RH_2,RH_4,Tdewpoint,RH_5,Press_mm_hg,RH_out,Visibility,T4,T8",0.83685188312785,0.832822318025152,0.9060288782214923,1.8834242500015534,2.4191867919871584
42,PSS class-aware SC-CV,20,"RH_6,lights,RH_3,RH_1,T2,RH_7,RH_8,RH_9,T6,T_out,RH_2,RH_4,Tdewpoint,RH_5,Press_mm_hg,RH_out,Visibility,T4,T8,T7",0.8375274446883972,0.8335568020501245,0.9072019167322949,1.7858494170359336,2.3090657090069726
42,PSS-JMI,1,RH_6,0.6081742948826212,0.5894086737556548,0.6244369357730697,2.507555707998108,2.9951211669831537
42,PSS-JMI,2,"RH_6,lights",0.6821482857625402,0.6704346868463741,0.6878260306374921,2.8508650000439957,2.527578875015024
42,PSS-JMI,3,"RH_6,lights,RH_4",0.6922817091707482,0.6822428725996348,0.7240710258454317,2.345767957973294,2.8593466249876656
42,PSS-JMI,4,"RH_6,lights,RH_4,RH_8",0.7071440635027867,0.6997651855950182,0.7856986681677884,1.8168445829651318,2.577271542046219
42,PSS-JMI,5,"RH_6,lights,RH_4,RH_8,T_out",0.7201486235433204,0.7151313010771283,0.798681672372813,1.7874554159934632,2.568809916032478
42,PSS-JMI,6,"RH_6,lights,RH_4,RH_8,T_out,RH_7",0.7437932781624725,0.740238229594929,0.817416067745242,1.7673509999876842,2.5368592079612426
42,PSS-JMI,7,"RH_6,lights,RH_4,RH_8,T_out,RH_7,Press_mm_hg",0.756122276642459,0.7514606999370934,0.8371386174383227,1.7089697089977562,2.3991987080080435
42,PSS-JMI,8,"RH_6,lights,RH_4,RH_8,T_out,RH_7,Press_mm_hg,RH_3",0.7598378652254687,0.7549548962960462,0.8440166538166413,1.584350583027117,2.229241708992049
42,PSS-JMI,9,"RH_6,lights,RH_4,RH_8,T_out,RH_7,Press_mm_hg,RH_3,T6",0.7716601925350448,0.7676992735773851,0.8549434242894648,1.7104297500336543,2.2900791669962928
42,PSS-JMI,10,"RH_6,lights,RH_4,RH_8,T_out,RH_7,Press_mm_hg,RH_3,T6,RH_9",0.7865225468670832,0.783476096081902,0.8614871762718024,1.716196957975626,2.310607874998823
42,PSS-JMI,11,"RH_6,lights,RH_4,RH_8,T_out,RH_7,Press_mm_hg,RH_3,T6,RH_9,RH_1",0.7851714237459888,0.7810252896308448,0.8667227290651958,1.7645301249576733,2.4311321250279434
42,PSS-JMI,12,"RH_6,lights,RH_4,RH_8,T_out,RH_7,Press_mm_hg,RH_3,T6,RH_9,RH_1,RH_2",0.7966559702752913,0.7926387728099433,0.8731290236713775,1.6699576249811798,2.2555971670080908
42,PSS-JMI,13,"RH_6,lights,RH_4,RH_8,T_out,RH_7,Press_mm_hg,RH_3,T6,RH_9,RH_1,RH_2,Tdewpoint",0.797838203006249,0.7942786726096025,0.8739762755688518,1.7235346660017967,2.353840666997712
42,PSS-JMI,14,"RH_6,lights,RH_4,RH_8,T_out,RH_7,Press_mm_hg,RH_3,T6,RH_9,RH_1,RH_2,Tdewpoint,RH_5",0.804593818611721,0.8010780470809313,0.8823275288884419,1.771523957955651,2.376188791997265
42,PSS-JMI,15,"RH_6,lights,RH_4,RH_8,T_out,RH_7,Press_mm_hg,RH_3,T6,RH_9,RH_1,RH_2,Tdewpoint,RH_5,RH_out",0.8086471879750042,0.8054304046529265,0.8836795950094589,1.842422458983492,2.4853468750370666
42,PSS-JMI,16,"RH_6,lights,RH_4,RH_8,T_out,RH_7,Press_mm_hg,RH_3,T6,RH_9,RH_1,RH_2,Tdewpoint,RH_5,RH_out,T2",0.8194561729437595,0.816882142874368,0.8900460419050926,1.7388497500214726,2.282975542009808
42,PSS-JMI,17,"RH_6,lights,RH_4,RH_8,T_out,RH_7,Press_mm_hg,RH_3,T6,RH_9,RH_1,RH_2,Tdewpoint,RH_5,RH_out,T2,Visibility",0.8204695152845803,0.8181747819342653,0.8925547251461102,1.8311743750236928,2.415661499951966
42,PSS-JMI,18,"RH_6,lights,RH_4,RH_8,T_out,RH_7,Press_mm_hg,RH_3,T6,RH_9,RH_1,RH_2,Tdewpoint,RH_5,RH_out,T2,Visibility,T8",0.8319540618138828,0.8279336814668183,0.9017751638292111,1.7777655000099912,2.572448084014468
42,PSS-JMI,19,"RH_6,lights,RH_4,RH_8,T_out,RH_7,Press_mm_hg,RH_3,T6,RH_9,RH_1,RH_2,Tdewpoint,RH_5,RH_out,T2,Visibility,T8,T7",0.8375274446883972,0.8337749883614829,0.9060227919717543,1.8799758339882828,2.460580541053787
42,PSS-JMI,20,"RH_6,lights,RH_4,RH_8,T_out,RH_7,Press_mm_hg,RH_3,T6,RH_9,RH_1,RH_2,Tdewpoint,RH_5,RH_out,T2,Visibility,T8,T7,T3",0.8400608005404493,0.836720216477568,0.9077483011898962,1.7569428340066224,2.2932918339502066
42,KL tuned,1,RH_6,0.6081742948826212,0.5894086737556548,0.6244369357730697,2.507555707998108,2.9951211669831537
42,KL tuned,2,"RH_6,RH_8",0.6530991386590103,0.6440883452451576,0.6887445950083106,2.1660350410384126,2.8610231659840792
42,KL tuned,3,"RH_6,RH_8,RH_1",0.6951528458030738,0.6884735846426235,0.7611166499811556,1.8373267499846406,2.956264167034533
42,KL tuned,4,"RH_6,RH_8,RH_1,T2",0.7390643472386421,0.7337331769741325,0.8069927334771524,1.730076584033668,2.5146631249808706
42,KL tuned,5,"RH_6,RH_8,RH_1,T2,RH_9",0.7513933457186286,0.7478193426528745,0.828250051618288,1.713949416007381,2.514148499991279
42,KL tuned,6,"RH_6,RH_8,RH_1,T2,RH_9,T6",0.7652423577098463,0.7632853644986067,0.8450404069565146,1.6943378330324776,2.4671426249551587
42,KL tuned,7,"RH_6,RH_8,RH_1,T2,RH_9,T6,lights",0.7811180543827057,0.778172962949438,0.8560289586059227,1.6509985419688746,2.577849833993241
42,KL tuned,8,"RH_6,RH_8,RH_1,T2,RH_9,T6,lights,T8",0.7936159432528289,0.7898517871870433,0.8720499201093594,1.5900292500155047,2.5665519590256736
42,KL tuned,9,"RH_6,RH_8,RH_1,T2,RH_9,T6,lights,T8,RH_5",0.8057760513426786,0.8014906488791999,0.8806842414592116,1.629991042020265,2.48677904100623
42,KL tuned,10,"RH_6,RH_8,RH_1,T2,RH_9,T6,lights,T8,RH_5,Windspeed",0.8154028035804762,0.811247940723143,0.887030247742518,1.7165554590173997,2.9273992920061573
42,KL tuned,11,"RH_6,RH_8,RH_1,T2,RH_9,T6,lights,T8,RH_5,Windspeed,Visibility",0.8191183921634859,0.8153148761494113,0.8906130966448228,1.8294498340110295,2.3618988749803975
42,KL tuned,12,"RH_6,RH_8,RH_1,T2,RH_9,T6,lights,T8,RH_5,Windspeed,Visibility,RH_out",0.8221584191859483,0.8183473213725894,0.8941133792535134,1.7797376249800436,2.2922180419554934
42,KL tuned,13,"RH_6,RH_8,RH_1,T2,RH_9,T6,lights,T8,RH_5,Windspeed,Visibility,RH_out,T4",0.8290829251815571,0.8251121305388031,0.8989914510009813,1.7568442919873632,2.290616874990519
42,KL tuned,14,"RH_6,RH_8,RH_1,T2,RH_9,T6,lights,T8,RH_5,Windspeed,Visibility,RH_out,T4,T5",0.8314473906434724,0.8272464520034901,0.9024722116765505,1.8060815409990028,2.3235019170097075
42,KL tuned,15,"RH_6,RH_8,RH_1,T2,RH_9,T6,lights,T8,RH_5,Windspeed,Visibility,RH_out,T4,T5,RH_3",0.8344874176659348,0.8303061705155881,0.9058025386321832,1.859743375040125,2.4697857910068706
42,KL tuned,16,"RH_6,RH_8,RH_1,T2,RH_9,T6,lights,T8,RH_5,Windspeed,Visibility,RH_out,T4,T5,RH_3,T1",0.8382030062489444,0.8343731059418563,0.907384733894233,1.7424543750239536,2.3109248749678954
42,KL tuned,17,"RH_6,RH_8,RH_1,T2,RH_9,T6,lights,T8,RH_5,Windspeed,Visibility,RH_out,T4,T5,RH_3,T1,RH_7",0.8373585542982604,0.8333731810438814,0.9079991006130574,1.9623335840296932,2.3980954999569803
42,KL tuned,18,"RH_6,RH_8,RH_1,T2,RH_9,T6,lights,T8,RH_5,Windspeed,Visibility,RH_out,T4,T5,RH_3,T1,RH_7,RH_2",0.8441141699037324,0.8403089219598092,0.9087941026307068,1.7996106250211596,2.3926214579842053
42,KL tuned,19,"RH_6,RH_8,RH_1,T2,RH_9,T6,lights,T8,RH_5,Windspeed,Visibility,RH_out,T4,T5,RH_3,T1,RH_7,RH_2,RH_4",0.8417497044418173,0.8377927744502451,0.9086870765032404,1.9988195830374025,3.009041875018738
42,KL tuned,20,"RH_6,RH_8,RH_1,T2,RH_9,T6,lights,T8,RH_5,Windspeed,Visibility,RH_out,T4,T5,RH_3,T1,RH_7,RH_2,RH_4,T3",0.844451950684006,0.8405943441055361,0.9103441441205565,1.8473095830413513,2.625258499989286
42,KL-JMI,1,lights,0.639756797838203,0.618754790050796,0.6210953549971671,1.2256032500299625,2.7655609590001404
42,KL-JMI,2,"lights,RH_6",0.6821482857625402,0.6704346868463741,0.6878260306374921,2.8508650000439957,2.527578875015024
42,KL-JMI,3,"lights,RH_6,T7",0.6862016551258233,0.6761507088643586,0.7278560990078953,2.305622707994189,2.891344875039067
42,KL-JMI,4,"lights,RH_6,T7,RH_5",0.6998817767269042,0.6914331097038477,0.7562150944964914,2.026020499994047,3.0060135410167277
42,KL-JMI,5,"lights,RH_6,T7,RH_5,Press_mm_hg",0.722175308224962,0.7152892564830617,0.7753934990125346,2.0003810829948634,2.5589129170402884
42,KL-JMI,6,"lights,RH_6,T7,RH_5,Press_mm_hg,T6",0.7299442661712549,0.7236267296145659,0.7978417699089841,1.920815416960977,2.5997497080243193
42,KL-JMI,7,"lights,RH_6,T7,RH_5,Press_mm_hg,T6,RH_8",0.7632156730282047,0.7601273473114968,0.8440459367163234,1.7343641250045039,2.6672740830108523
42,KL-JMI,8,"lights,RH_6,T7,RH_5,Press_mm_hg,T6,RH_8,RH_1",0.7780780273602432,0.774213225902987,0.8606669105759958,1.5714417079580016,2.1993887909920886
42,KL-JMI,9,"lights,RH_6,T7,RH_5,Press_mm_hg,T6,RH_8,RH_1,RH_7",0.7861847660868096,0.7815815498899077,0.8677957463774756,1.6647467500297353,2.212450582999736
42,KL-JMI,10,"lights,RH_6,T7,RH_5,Press_mm_hg,T6,RH_8,RH_1,RH_7,T_out",0.7910825874007769,0.7865247330260811,0.8711020728388588,1.6972211659885943,2.248310249997303
42,KL-JMI,11,"lights,RH_6,T7,RH_5,Press_mm_hg,T6,RH_8,RH_1,RH_7,T_out,RH_4",0.8002026684681641,0.7958402550069739,0.8759631490210211,1.7293007500120439,2.3609593330183998
42,KL-JMI,12,"lights,RH_6,T7,RH_5,Press_mm_hg,T6,RH_8,RH_1,RH_7,T_out,RH_4,RH_3",0.8010471204188482,0.7969219997717083,0.8781122841879001,1.653505124966614,2.26778325001942
42,KL-JMI,13,"lights,RH_6,T7,RH_5,Press_mm_hg,T6,RH_8,RH_1,RH_7,T_out,RH_4,RH_3,T8",0.8199628441141699,0.8158784284246696,0.8957973182375966,1.604368542029988,2.198741666972637
42,KL-JMI,14,"lights,RH_6,T7,RH_5,Press_mm_hg,T6,RH_8,RH_1,RH_7,T_out,RH_4,RH_3,T8,T2",0.8280695828407364,0.8240104045013443,0.8998133243853979,1.6665221659932286,2.276919750031084
42,KL-JMI,15,"lights,RH_6,T7,RH_5,Press_mm_hg,T6,RH_8,RH_1,RH_7,T_out,RH_4,RH_3,T8,T2,RH_9",0.8279006924505996,0.8239904232286199,0.9017439287362166,1.7733239580411464,2.349006125004962
42,KL-JMI,16,"lights,RH_6,T7,RH_5,Press_mm_hg,T6,RH_8,RH_1,RH_7,T_out,RH_4,RH_3,T8,T2,RH_9,T3",0.8312785002533356,0.8279901228205198,0.9052508717691489,1.695877417048905,2.1810281250509433
42,KL-JMI,17,"lights,RH_6,T7,RH_5,Press_mm_hg,T6,RH_8,RH_1,RH_7,T_out,RH_4,RH_3,T8,T2,RH_9,T3,T4",0.8344874176659348,0.8305516301158661,0.9054584932696413,1.7100152909988537,2.283957916952204
42,KL-JMI,18,"lights,RH_6,T7,RH_5,Press_mm_hg,T6,RH_8,RH_1,RH_7,T_out,RH_4,RH_3,T8,T2,RH_9,T3,T4,RH_2",0.8370207735179869,0.8332241253427535,0.9071689591157895,1.713412375014741,2.2948555830516852
42,KL-JMI,19,"lights,RH_6,T7,RH_5,Press_mm_hg,T6,RH_8,RH_1,RH_7,T_out,RH_4,RH_3,T8,T2,RH_9,T3,T4,RH_2,Tdewpoint",0.8390474581996284,0.8353730308398313,0.907306531326846,1.8119538750033826,2.414036040951032
42,KL-JMI,20,"lights,RH_6,T7,RH_5,Press_mm_hg,T6,RH_8,RH_1,RH_7,T_out,RH_4,RH_3,T8,T2,RH_9,T3,T4,RH_2,Tdewpoint,RH_out",0.8378652254686708,0.8342513235296483,0.9085520306599998,1.7322952920221724,2.2749402910121717
42,PSS ell=1,1,RH_9,0.6085120756628948,0.5873758663431997,0.6137304760572677,2.5151998750516213,3.1626401250250638
42,PSS ell=1,2,"RH_9,T6",0.6561391656814727,0.6472298836240149,0.6959473844858508,2.1695530000142753,2.9449657080112956
42,PSS ell=1,3,"RH_9,T6,RH_3",0.696672859314305,0.6890079688531002,0.7535396709796359,1.8689687500009313,3.002531000005547
42,PSS ell=1,4,"RH_9,T6,RH_3,RH_8",0.7100152001351123,0.7072777422172369,0.7805716343555706,1.745148416957818,2.665984208986629
42,PSS ell=1,5,"RH_9,T6,RH_3,RH_8,RH_6",0.7338287451444013,0.7353774405000186,0.8065996536120056,1.7420862500439398,2.6820795420208015
42,PSS ell=1,6,"RH_9,T6,RH_3,RH_8,RH_6,T_out",0.7385576760682317,0.740109729341029,0.8115637367001088,1.7792787910439074,2.7178628749679774
42,PSS ell=1,7,"RH_9,T6,RH_3,RH_8,RH_6,T_out,RH_2",0.7542644823509542,0.7536682286509861,0.8310710857892499,1.837455416971352,2.6203649169765413
42,PSS ell=1,8,"RH_9,T6,RH_3,RH_8,RH_6,T_out,RH_2,RH_4",0.7610200979564263,0.7600585037885181,0.8377559698645659,1.7066455000313,2.4357074159779586
42,PSS ell=1,9,"RH_9,T6,RH_3,RH_8,RH_6,T_out,RH_2,RH_4,Tdewpoint",0.7632156730282047,0.7628274029145556,0.8398832864003094,1.829774042009376,3.0817957500112243
42,PSS ell=1,10,"RH_9,T6,RH_3,RH_8,RH_6,T_out,RH_2,RH_4,Tdewpoint,RH_1",0.774869109947644,0.7742426810550204,0.8560379157281784,1.7603363749803975,2.889647583011538
42,PSS ell=1,11,"RH_9,T6,RH_3,RH_8,RH_6,T_out,RH_2,RH_4,Tdewpoint,RH_1,RH_5",0.7838203006248945,0.7825563833620766,0.8625640979707065,1.8264918340137228,2.5729625420062803
42,PSS ell=1,12,"RH_9,T6,RH_3,RH_8,RH_6,T_out,RH_2,RH_4,Tdewpoint,RH_1,RH_5,Press_mm_hg",0.7986826549569329,0.7956331502635345,0.8714062704908526,1.7441094579990022,2.3635793330031447
42,PSS ell=1,13,"RH_9,T6,RH_3,RH_8,RH_6,T_out,RH_2,RH_4,Tdewpoint,RH_1,RH_5,Press_mm_hg,RH_7",0.8059449417328154,0.8023561021084377,0.87510521747778,1.8066742499941029,2.486146207957063
42,PSS ell=1,14,"RH_9,T6,RH_3,RH_8,RH_6,T_out,RH_2,RH_4,Tdewpoint,RH_1,RH_5,Press_mm_hg,RH_7,T2",0.8120249957777402,0.8095937439783449,0.8816983484674249,1.8260263329721056,2.454528249974828
42,PSS ell=1,15,"RH_9,T6,RH_3,RH_8,RH_6,T_out,RH_2,RH_4,Tdewpoint,RH_1,RH_5,Press_mm_hg,RH_7,T2,RH_out",0.8130383381185611,0.8103136439709266,0.8844127010156227,1.8892631669878028,2.550187957996968
42,PSS ell=1,16,"RH_9,T6,RH_3,RH_8,RH_6,T_out,RH_2,RH_4,Tdewpoint,RH_1,RH_5,Press_mm_hg,RH_7,T2,RH_out,Visibility",0.8179361594325283,0.8155568332852174,0.8861672634636457,1.8317587079945952,2.4280327500309795
42,PSS ell=1,17,"RH_9,T6,RH_3,RH_8,RH_6,T_out,RH_2,RH_4,Tdewpoint,RH_1,RH_5,Press_mm_hg,RH_7,T2,RH_out,Visibility,T4",0.8191183921634859,0.8174694659740744,0.8901650108622332,1.8564025420346297,2.5094741249922663
42,PSS ell=1,18,"RH_9,T6,RH_3,RH_8,RH_6,T_out,RH_2,RH_4,Tdewpoint,RH_1,RH_5,Press_mm_hg,RH_7,T2,RH_out,Visibility,T4,T8",0.8321229522040196,0.8283900353622593,0.8997485575013946,1.8166407499811612,2.480134417011868
42,PSS ell=1,19,"RH_9,T6,RH_3,RH_8,RH_6,T_out,RH_2,RH_4,Tdewpoint,RH_1,RH_5,Press_mm_hg,RH_7,T2,RH_out,Visibility,T4,T8,lights",0.83685188312785,0.832822318025152,0.9060288782214923,1.8834242500015534,2.4191867919871584
42,PSS ell=1,20,"RH_9,T6,RH_3,RH_8,RH_6,T_out,RH_2,RH_4,Tdewpoint,RH_1,RH_5,Press_mm_hg,RH_7,T2,RH_out,Visibility,T4,T8,lights,T7",0.8375274446883972,0.8335568020501245,0.9072019167322949,1.7858494170359336,2.3090657090069726
42,All features,25,"lights,T1,RH_1,T2,RH_2,T3,RH_3,T4,RH_4,T5,RH_5,T6,RH_6,T7,RH_7,T8,RH_8,T9,RH_9,T_out,Press_mm_hg,RH_out,Windspeed,Visibility,Tdewpoint",0.8491808816078366,0.845763005569263,0.9131756282674836,1.9659948329790495,2.4966631670249626
43,PSS class-aware SC-CV,1,RH_6,0.6073298429319371,0.5894777570014473,0.6270075492947914,2.266615832981188,2.9821600830182433
43,PSS class-aware SC-CV,2,"RH_6,lights",0.6872149974666442,0.6759998819561475,0.6915568100968372,2.859491084003821,2.5253725000075065
43,PSS class-aware SC-CV,3,"RH_6,lights,RH_9",0.6975173112649891,0.6880656746389902,0.7345467621306134,2.4305040829931386,2.777123790991027
43,PSS class-aware SC-CV,4,"RH_6,lights,RH_9,RH_2",0.7098463097449755,0.7021440116629164,0.7552777544292856,1.9745744160027243,2.889018042013049
43,PSS class-aware SC-CV,5,"RH_6,lights,RH_9,RH_2,RH_3",0.7248775544671509,0.7179914562890963,0.7769774412226588,2.1427402080153115,2.707139207981527
43,PSS class-aware SC-CV,6,"RH_6,lights,RH_9,RH_2,RH_3,RH_4",0.7414288127005574,0.7345403891405168,0.7970313463842984,1.8843342500040308,2.5901712080230936
43,PSS class-aware SC-CV,7,"RH_6,lights,RH_9,RH_2,RH_3,RH_4,Press_mm_hg",0.7534200304002703,0.7481701480416892,0.817084332916735,1.8726239170064218,2.554009458050132
43,PSS class-aware SC-CV,8,"RH_6,lights,RH_9,RH_2,RH_3,RH_4,Press_mm_hg,RH_1",0.7635534538084783,0.7585587534569165,0.8416001349466299,1.7345011670258828,2.2891436250065453
43,PSS class-aware SC-CV,9,"RH_6,lights,RH_9,RH_2,RH_3,RH_4,Press_mm_hg,RH_1,T6",0.7730113156561391,0.7684032433122645,0.854607350319706,1.7630900419899262,2.394134291971568
43,PSS class-aware SC-CV,10,"RH_6,lights,RH_9,RH_2,RH_3,RH_4,Press_mm_hg,RH_1,T6,RH_8",0.7883803411585881,0.7849979927951911,0.8674271079210181,1.6987228330108337,2.294757583993487
43,PSS class-aware SC-CV,11,"RH_6,lights,RH_9,RH_2,RH_3,RH_4,Press_mm_hg,RH_1,T6,RH_8,T_out",0.7936159432528289,0.7904165845641816,0.8717778506556946,1.8133432079921477,2.435876375006046
43,PSS class-aware SC-CV,12,"RH_6,lights,RH_9,RH_2,RH_3,RH_4,Press_mm_hg,RH_1,T6,RH_8,T_out,Tdewpoint",0.7959804087147442,0.792443195414938,0.8748094418546757,1.731336500030011,2.30818533297861
43,PSS class-aware SC-CV,13,"RH_6,lights,RH_9,RH_2,RH_3,RH_4,Press_mm_hg,RH_1,T6,RH_8,T_out,Tdewpoint,RH_5",0.8061138321229522,0.8026417019994424,0.8821752404626768,1.7710788340191357,2.335973874956835
43,PSS class-aware SC-CV,14,"RH_6,lights,RH_9,RH_2,RH_3,RH_4,Press_mm_hg,RH_1,T6,RH_8,T_out,Tdewpoint,RH_5,RH_7",0.8052693801722682,0.8012894223981091,0.8851919039371071,1.7934943750151433,2.3889698749990202
43,PSS class-aware SC-CV,15,"RH_6,lights,RH_9,RH_2,RH_3,RH_4,Press_mm_hg,RH_1,T6,RH_8,T_out,Tdewpoint,RH_5,RH_7,RH_out",0.8089849687552778,0.8052189736431502,0.8865727184580625,1.8650132910115644,2.4719407919910736
43,PSS class-aware SC-CV,16,"RH_6,lights,RH_9,RH_2,RH_3,RH_4,Press_mm_hg,RH_1,T6,RH_8,T_out,Tdewpoint,RH_5,RH_7,RH_out,T2",0.8196250633338963,0.8166470654160449,0.8921076890642246,1.7912384580122307,2.310807166970335
43,PSS class-aware SC-CV,17,"RH_6,lights,RH_9,RH_2,RH_3,RH_4,Press_mm_hg,RH_1,T6,RH_8,T_out,Tdewpoint,RH_5,RH_7,RH_out,T2,Visibility",0.8219895287958116,0.8188366181217064,0.8945621514663389,1.878628500038758,2.428508792014327
43,PSS class-aware SC-CV,18,"RH_6,lights,RH_9,RH_2,RH_3,RH_4,Press_mm_hg,RH_1,T6,RH_8,T_out,Tdewpoint,RH_5,RH_7,RH_out,T2,Visibility,T8",0.8336429657152508,0.829709455955634,0.9045910561342154,1.7959292079904117,2.400094124954194
43,PSS class-aware SC-CV,19,"RH_6,lights,RH_9,RH_2,RH_3,RH_4,Press_mm_hg,RH_1,T6,RH_8,T_out,Tdewpoint,RH_5,RH_7,RH_out,T2,Visibility,T8,T4",0.8380341158588076,0.8341559657847367,0.9075468604239382,1.8824993330053985,2.4662292090361007
43,PSS class-aware SC-CV,20,"RH_6,lights,RH_9,RH_2,RH_3,RH_4,Press_mm_hg,RH_1,T6,RH_8,T_out,Tdewpoint,RH_5,RH_7,RH_out,T2,Visibility,T8,T4,T7",0.8385407870292181,0.8347609405293233,0.9078626392125144,1.7779884999617934,2.2836612499668263
43,PSS-JMI,1,RH_6,0.6073298429319371,0.5894777570014473,0.6270075492947914,2.266615832981188,2.9821600830182433
43,PSS-JMI,2,"RH_6,RH_3",0.6172943759500085,0.5957993612771151,0.6580015244651626,2.154121333034709,3.0611374999862164
43,PSS-JMI,3,"RH_6,RH_3,Press_mm_hg",0.6497213308562743,0.6314761636390944,0.6829319727516205,2.114364042005036,3.316735290980432
43,PSS-JMI,4,"RH_6,RH_3,Press_mm_hg,T_out",0.6536058098294207,0.6377075125955547,0.7170874677388905,1.991043041984085,3.1286937500117347
43,PSS-JMI,5,"RH_6,RH_3,Press_mm_hg,T_out,RH_8",0.7201486235433204,0.7158392228948118,0.7940999431827838,1.8057261250214651,2.7352493749931455
43,PSS-JMI,6,"RH_6,RH_3,Press_mm_hg,T_out,RH_8,RH_7",0.738388785678095,0.7330287847867655,0.8132460130344298,1.7819920419715345,2.7106971250032075
43,PSS-JMI,7,"RH_6,RH_3,Press_mm_hg,T_out,RH_8,RH_7,RH_4",0.749366661036987,0.7438191756497119,0.8276694101527818,1.7919652920099907,2.6253068749792874
43,PSS-JMI,8,"RH_6,RH_3,Press_mm_hg,T_out,RH_8,RH_7,RH_4,RH_9",0.7616956595169735,0.756593977834396,0.8383208009344296,1.7172557090525515,2.396405750012491
43,PSS-JMI,9,"RH_6,RH_3,Press_mm_hg,T_out,RH_8,RH_7,RH_4,RH_9,RH_1",0.7662557000506671,0.7608981575513387,0.8478100109454668,1.822379249962978,2.87404800002696
43,PSS-JMI,10,"RH_6,RH_3,Press_mm_hg,T_out,RH_8,RH_7,RH_4,RH_9,RH_1,RH_2",0.7868603276473569,0.782775713924168,0.8594126422669565,1.760646166978404,2.949937042023521
43,PSS-JMI,11,"RH_6,RH_3,Press_mm_hg,T_out,RH_8,RH_7,RH_4,RH_9,RH_1,RH_2,T6",0.7902381354500929,0.7870170823693468,0.8684137156851804,1.8260253749904223,2.5295942499651574
43,PSS-JMI,12,"RH_6,RH_3,Press_mm_hg,T_out,RH_8,RH_7,RH_4,RH_9,RH_1,RH_2,T6,Tdewpoint",0.7941226144232393,0.7906956755989577,0.8708945886768846,1.7565036669839174,2.4120612499536946
43,PSS-JMI,13,"RH_6,RH_3,Press_mm_hg,T_out,RH_8,RH_7,RH_4,RH_9,RH_1,RH_2,T6,Tdewpoint,RH_5",0.8007093396385746,0.7972296554635243,0.8784783320633285,1.8290391250047833,2.425748832989484
43,PSS-JMI,14,"RH_6,RH_3,Press_mm_hg,T_out,RH_8,RH_7,RH_4,RH_9,RH_1,RH_2,T6,Tdewpoint,RH_5,RH_out",0.8034115858807633,0.7997048444370342,0.8799725972908705,1.8576937500038184,2.4916061669937335
43,PSS-JMI,15,"RH_6,RH_3,Press_mm_hg,T_out,RH_8,RH_7,RH_4,RH_9,RH_1,RH_2,T6,Tdewpoint,RH_5,RH_out,lights",0.8089849687552778,0.8052189736431502,0.8865727184580625,1.8650132910115644,2.4719407919910736
43,PSS-JMI,16,"RH_6,RH_3,Press_mm_hg,T_out,RH_8,RH_7,RH_4,RH_9,RH_1,RH_2,T6,Tdewpoint,RH_5,RH_out,lights,T2",0.8196250633338963,0.8166470654160449,0.8921076890642246,1.7912384580122307,2.310807166970335
43,PSS-JMI,17,"RH_6,RH_3,Press_mm_hg,T_out,RH_8,RH_7,RH_4,RH_9,RH_1,RH_2,T6,Tdewpoint,RH_5,RH_out,lights,T2,Visibility",0.8219895287958116,0.8188366181217064,0.8945621514663389,1.878628500038758,2.428508792014327
43,PSS-JMI,18,"RH_6,RH_3,Press_mm_hg,T_out,RH_8,RH_7,RH_4,RH_9,RH_1,RH_2,T6,Tdewpoint,RH_5,RH_out,lights,T2,Visibility,T8",0.8336429657152508,0.829709455955634,0.9045910561342154,1.7959292079904117,2.400094124954194
43,PSS-JMI,19,"RH_6,RH_3,Press_mm_hg,T_out,RH_8,RH_7,RH_4,RH_9,RH_1,RH_2,T6,Tdewpoint,RH_5,RH_out,lights,T2,Visibility,T8,T3",0.8365141023475764,0.8325582973575172,0.9076968266413492,1.8487379580037668,2.7697515829931945
43,PSS-JMI,20,"RH_6,RH_3,Press_mm_hg,T_out,RH_8,RH_7,RH_4,RH_9,RH_1,RH_2,T6,Tdewpoint,RH_5,RH_out,lights,T2,Visibility,T8,T3,T7",0.8417497044418173,0.8380583600539603,0.9085000530508365,1.7576135420240462,2.5601315000094473
43,KL tuned,1,RH_6,0.6073298429319371,0.5894777570014473,0.6270075492947914,2.266615832981188,2.9821600830182433
43,KL tuned,2,"RH_6,RH_8",0.6574902888025671,0.6495603555462468,0.6900925151470474,2.209655874990858,2.861948959005531
43,KL tuned,3,"RH_6,RH_8,T2",0.6990373247762203,0.6954477789153469,0.7570839516856156,1.9315545419813134,2.8826790830353275
43,KL tuned,4,"RH_6,RH_8,T2,RH_1",0.7323087316331701,0.7273713494249611,0.799581518466514,1.7174878750229254,2.517905000015162
43,KL tuned,5,"RH_6,RH_8,T2,RH_1,RH_9",0.745144401283567,0.7406696554267791,0.8208274598478658,1.7445869160001166,2.6075542499893345
43,KL tuned,6,"RH_6,RH_8,T2,RH_1,RH_9,lights",0.7654112480999831,0.7612839244023284,0.8335381876456314,1.6567991669871844,2.388712584041059
43,KL tuned,7,"RH_6,RH_8,T2,RH_1,RH_9,lights,T8",0.7787535889207904,0.7734491586964101,0.84697750323013,1.680328291025944,2.316631374997087
43,KL tuned,8,"RH_6,RH_8,T2,RH_1,RH_9,lights,T8,RH_5",0.7892247931092721,0.7838518306213103,0.8589745709657135,1.5663919159560464,2.1709155419957824
43,KL tuned,9,"RH_6,RH_8,T2,RH_1,RH_9,lights,T8,RH_5,RH_out",0.7951359567640601,0.7898960088776326,0.8700456604645416,1.6390034159994684,2.1961821250151843
43,KL tuned,10,"RH_6,RH_8,T2,RH_1,RH_9,lights,T8,RH_5,RH_out,RH_3",0.7993582165174802,0.79421327906072,0.8758520860002288,1.7298589160200208,2.2063343329937197
43,KL tuned,11,"RH_6,RH_8,T2,RH_1,RH_9,lights,T8,RH_5,RH_out,RH_3,Visibility",0.8017226819793953,0.7964028317663816,0.8785414878210438,1.7275787080288865,2.3344840420177206
43,KL tuned,12,"RH_6,RH_8,T2,RH_1,RH_9,lights,T8,RH_5,RH_out,RH_3,Visibility,Windspeed",0.8118561053876034,0.8072531057705072,0.8868822964995173,1.7270697920466773,2.1547668330022134
43,KL tuned,13,"RH_6,RH_8,T2,RH_1,RH_9,lights,T8,RH_5,RH_out,RH_3,Visibility,Windspeed,T6",0.823340651916906,0.8195989655316543,0.8949324738638509,1.7145432500401512,2.21448458294617
43,KL tuned,14,"RH_6,RH_8,T2,RH_1,RH_9,lights,T8,RH_5,RH_out,RH_3,Visibility,Windspeed,T6,T3",0.8297584867421044,0.8259222348227528,0.8990154361858148,1.7556760419975035,2.2704602910089307
43,KL tuned,15,"RH_6,RH_8,T2,RH_1,RH_9,lights,T8,RH_5,RH_out,RH_3,Visibility,Windspeed,T6,T3,RH_2",0.8349940888363452,0.830879158002845,0.9028743678108654,1.8061203749966808,2.327995874977205
43,KL tuned,16,"RH_6,RH_8,T2,RH_1,RH_9,lights,T8,RH_5,RH_out,RH_3,Visibility,Windspeed,T6,T3,RH_2,T_out",0.8388785678094917,0.8352638326037121,0.9045563778817973,1.7471943749696948,2.1662293749977835
43,KL tuned,17,"RH_6,RH_8,T2,RH_1,RH_9,lights,T8,RH_5,RH_out,RH_3,Visibility,Windspeed,T6,T3,RH_2,T_out,T1",0.8415808140516805,0.8381463762144852,0.9063626325524526,1.773397125012707,2.2855376669904217
43,KL tuned,18,"RH_6,RH_8,T2,RH_1,RH_9,lights,T8,RH_5,RH_out,RH_3,Visibility,Windspeed,T6,T3,RH_2,T_out,T1,T4",0.8447897314642797,0.8414437957391221,0.9084842066970825,1.7567428749753162,2.2621872079907916
43,KL tuned,19,"RH_6,RH_8,T2,RH_1,RH_9,lights,T8,RH_5,RH_out,RH_3,Visibility,Windspeed,T6,T3,RH_2,T_out,T1,T4,T5",0.8429319371727748,0.8396148049956893,0.9094811490397798,1.8635695420089178,2.463151291012764
43,KL tuned,20,"RH_6,RH_8,T2,RH_1,RH_9,lights,T8,RH_5,RH_out,RH_3,Visibility,Windspeed,T6,T3,RH_2,T_out,T1,T4,T5,RH_4",0.8414119236615436,0.8379628226168347,0.9102296021830305,1.855292540974915,2.362521708011627
43,KL-JMI,1,lights,0.642290153690255,0.6214173461077911,0.6200717839825056,1.2270296250353567,2.7674790419987403
43,KL-JMI,2,"lights,Windspeed",0.6424590440803918,0.6216008997054416,0.6536636425393302,1.9510195840266533,2.85584120900603
43,KL-JMI,3,"lights,Windspeed,RH_6",0.7020773517986827,0.6947325112520595,0.7337128190571466,2.277294792002067,2.7868234999477863
43,KL-JMI,4,"lights,Windspeed,RH_6,RH_8",0.7193041715926364,0.714161059583668,0.7740753767413191,2.1712399999960326,3.0373443749849685
43,KL-JMI,5,"lights,Windspeed,RH_6,RH_8,RH_5",0.7321398412430332,0.7279753481260194,0.7996887684259794,1.8622814170084894,2.5681580000091344
43,KL-JMI,6,"lights,Windspeed,RH_6,RH_8,RH_5,RH_7",0.752744468839723,0.7494727068374031,0.8163714192407805,1.8814514169935137,2.563310957979411
43,KL-JMI,7,"lights,Windspeed,RH_6,RH_8,RH_5,RH_7,RH_2",0.7671001520013512,0.7630379894513808,0.8348776638524461,1.8257382920128293,2.9491383340209723
43,KL-JMI,8,"lights,Windspeed,RH_6,RH_8,RH_5,RH_7,RH_2,T6",0.7806113832122952,0.7775864923843343,0.851791464740485,1.6599048339994624,2.249707415990997
43,KL-JMI,9,"lights,Windspeed,RH_6,RH_8,RH_5,RH_7,RH_2,T6,RH_1",0.7959804087147442,0.7927147651731133,0.8640748003014941,1.6758649999974295,2.790493874985259
43,KL-JMI,10,"lights,Windspeed,RH_6,RH_8,RH_5,RH_7,RH_2,T6,RH_1,RH_9",0.7971626414457017,0.7941082682599372,0.8697218436704381,1.7061527079786174,2.563583542010747
43,KL-JMI,11,"lights,Windspeed,RH_6,RH_8,RH_5,RH_7,RH_2,T6,RH_1,RH_9,Press_mm_hg",0.8040871474413106,0.8012537681021625,0.8771960405244088,1.7780596670345403,2.3187855840078555
43,KL-JMI,12,"lights,Windspeed,RH_6,RH_8,RH_5,RH_7,RH_2,T6,RH_1,RH_9,Press_mm_hg,RH_4",0.8072960648539098,0.8042524608928066,0.8809666689173082,1.697547083022073,2.1992794589605182
43,KL-JMI,13,"lights,Windspeed,RH_6,RH_8,RH_5,RH_7,RH_2,T6,RH_1,RH_9,Press_mm_hg,RH_4,RH_3",0.8091538591454146,0.8059456667571516,0.8836030199016424,1.7670395000022836,2.2989276250009425
43,KL-JMI,14,"lights,Windspeed,RH_6,RH_8,RH_5,RH_7,RH_2,T6,RH_1,RH_9,Press_mm_hg,RH_4,RH_3,T_out",0.812193886167877,0.8088422768775978,0.8862704894502325,1.765361291996669,2.37200670898892
43,KL-JMI,15,"lights,Windspeed,RH_6,RH_8,RH_5,RH_7,RH_2,T6,RH_1,RH_9,Press_mm_hg,RH_4,RH_3,T_out,Tdewpoint",0.8127005573382875,0.809284309767279,0.8882133902148536,1.8573523749946617,2.8692022089962848
43,KL-JMI,16,"lights,Windspeed,RH_6,RH_8,RH_5,RH_7,RH_2,T6,RH_1,RH_9,Press_mm_hg,RH_4,RH_3,T_out,Tdewpoint,T2",0.8189495017733491,0.8155598103398147,0.8936511009541342,1.7668999590096064,2.7918195410165936
43,KL-JMI,17,"lights,Windspeed,RH_6,RH_8,RH_5,RH_7,RH_2,T6,RH_1,RH_9,Press_mm_hg,RH_4,RH_3,T_out,Tdewpoint,T2,RH_out",0.8243539942577267,0.8211619557064557,0.8954656232876177,1.8186140829930082,2.3336252910085022
43,KL-JMI,18,"lights,Windspeed,RH_6,RH_8,RH_5,RH_7,RH_2,T6,RH_1,RH_9,Press_mm_hg,RH_4,RH_3,T_out,Tdewpoint,T2,RH_out,T8",0.8361763215673028,0.8320554052831284,0.9063111893170772,1.7751306249992922,2.2533399160020053
43,KL-JMI,19,"lights,Windspeed,RH_6,RH_8,RH_5,RH_7,RH_2,T6,RH_1,RH_9,Press_mm_hg,RH_4,RH_3,T_out,Tdewpoint,T2,RH_out,T8,T3",0.8424252660023644,0.8386024756138395,0.9088660119596335,1.8000463329954073,2.3373982080374844
43,KL-JMI,20,"lights,Windspeed,RH_6,RH_8,RH_5,RH_7,RH_2,T6,RH_1,RH_9,Press_mm_hg,RH_4,RH_3,T_out,Tdewpoint,T2,RH_out,T8,T3,T4",0.84107414288127,0.8373784596149934,0.9107975446878659,1.7049017919925973,2.196743541979231
43,PSS ell=1,1,RH_9,0.6022631312278331,0.5812826084659949,0.6002479954362502,2.6281670840107836,3.2063473749440163
43,PSS ell=1,2,"RH_9,RH_3",0.6274277993582165,0.6097726875002584,0.68046539592689,2.0824595000012778,3.0189926250022836
43,PSS ell=1,3,"RH_9,RH_3,T6",0.6875527782469177,0.6799245529835469,0.7467981753268138,1.8787169170100242,3.017785708012525
43,PSS ell=1,4,"RH_9,RH_3,T6,RH_8",0.7084951866238811,0.7052379548190599,0.7772910382668774,1.79479704197729,2.691314750001766
43,PSS ell=1,5,"RH_9,RH_3,T6,RH_8,RH_2",0.7368687721668638,0.7335765174491321,0.8049085343868172,1.7859156249905936,2.681876749964431
43,PSS ell=1,6,"RH_9,RH_3,T6,RH_8,RH_2,T_out",0.751055564938355,0.7484247231596067,0.8183437161399016,1.8185609580250457,2.682784415956121
43,PSS ell=1,7,"RH_9,RH_3,T6,RH_8,RH_2,T_out,RH_6",0.754433372741091,0.7532635450727715,0.829369103835874,1.8285256249946542,2.631831791019067
43,PSS ell=1,8,"RH_9,RH_3,T6,RH_8,RH_2,T_out,RH_6,RH_4",0.7622023306873839,0.7609194582659864,0.8374971350251728,1.7440023749950342,2.4362624579807743
43,PSS ell=1,9,"RH_9,RH_3,T6,RH_8,RH_2,T_out,RH_6,RH_4,Tdewpoint",0.7701401790238136,0.7696007913071956,0.8412848728869806,1.8905842500389554,2.5000087919761427
43,PSS ell=1,10,"RH_9,RH_3,T6,RH_8,RH_2,T_out,RH_6,RH_4,Tdewpoint,RH_5",0.7730113156561391,0.772503946660714,0.8505212302098563,1.8428684170357883,2.5463808340136893
43,PSS ell=1,11,"RH_9,RH_3,T6,RH_8,RH_2,T_out,RH_6,RH_4,Tdewpoint,RH_5,RH_1",0.7843269717953049,0.7831454621784282,0.8656952622158163,1.850829667004291,2.572353459021542
43,PSS ell=1,12,"RH_9,RH_3,T6,RH_8,RH_2,T_out,RH_6,RH_4,Tdewpoint,RH_5,RH_1,Press_mm_hg",0.7976693126161122,0.7947403999803413,0.874105886713728,1.7270672919694334,2.3574346670066006
43,PSS ell=1,13,"RH_9,RH_3,T6,RH_8,RH_2,T_out,RH_6,RH_4,Tdewpoint,RH_5,RH_1,Press_mm_hg,RH_7",0.8007093396385746,0.7972296554635243,0.8784783320633285,1.8290391250047833,2.425748832989484
43,PSS ell=1,14,"RH_9,RH_3,T6,RH_8,RH_2,T_out,RH_6,RH_4,Tdewpoint,RH_5,RH_1,Press_mm_hg,RH_7,RH_out",0.8034115858807633,0.7997048444370342,0.8799725972908705,1.8576937500038184,2.4916061669937335
43,PSS ell=1,15,"RH_9,RH_3,T6,RH_8,RH_2,T_out,RH_6,RH_4,Tdewpoint,RH_5,RH_1,Press_mm_hg,RH_7,RH_out,T2",0.8133761188988347,0.8109418613356776,0.8863502953622546,1.8984519579680637,2.5372424999950454
43,PSS ell=1,16,"RH_9,RH_3,T6,RH_8,RH_2,T_out,RH_6,RH_4,Tdewpoint,RH_5,RH_1,Press_mm_hg,RH_7,RH_out,T2,Visibility",0.8182739402128019,0.8160476598610023,0.8878095378514275,1.8730114999925718,2.4687417080276646
43,PSS ell=1,17,"RH_9,RH_3,T6,RH_8,RH_2,T_out,RH_6,RH_4,Tdewpoint,RH_5,RH_1,Press_mm_hg,RH_7,RH_out,T2,Visibility,lights",0.8219895287958116,0.8188366181217064,0.8945621514663389,1.878628500038758,2.428508792014327
43,PSS ell=1,18,"RH_9,RH_3,T6,RH_8,RH_2,T_out,RH_6,RH_4,Tdewpoint,RH_5,RH_1,Press_mm_hg,RH_7,RH_out,T2,Visibility,lights,T8",0.8336429657152508,0.829709455955634,0.9045910561342154,1.7959292079904117,2.400094124954194
43,PSS ell=1,19,"RH_9,RH_3,T6,RH_8,RH_2,T_out,RH_6,RH_4,Tdewpoint,RH_5,RH_1,Press_mm_hg,RH_7,RH_out,T2,Visibility,lights,T8,T4",0.8380341158588076,0.8341559657847367,0.9075468604239382,1.8824993330053985,2.4662292090361007
43,PSS ell=1,20,"RH_9,RH_3,T6,RH_8,RH_2,T_out,RH_6,RH_4,Tdewpoint,RH_5,RH_1,Press_mm_hg,RH_7,RH_out,T2,Visibility,lights,T8,T4,T7",0.8385407870292181,0.8347609405293233,0.9078626392125144,1.7779884999617934,2.2836612499668263
43,All features,25,"lights,T1,RH_1,T2,RH_2,T3,RH_3,T4,RH_4,T5,RH_5,T6,RH_6,T7,RH_7,T8,RH_8,T9,RH_9,T_out,Press_mm_hg,RH_out,Windspeed,Visibility,Tdewpoint",0.8458030738051004,0.8425722743008428,0.912511591952257,1.9915007919771597,2.4904382079839706
44,PSS class-aware SC-CV,1,T6,0.5874007768957946,0.563518553762262,0.6018683053168559,2.6916452089790255,3.126088583958335
44,PSS class-aware SC-CV,2,"T6,RH_3",0.6183077182908292,0.6029888839700882,0.6645365846146349,2.108492458006367,3.028831999981776
44,PSS class-aware SC-CV,3,"T6,RH_3,Press_mm_hg",0.622698868434386,0.6105335542656345,0.6821576710076231,2.1077920000534505,3.326563416980207
44,PSS class-aware SC-CV,4,"T6,RH_3,Press_mm_hg,T3",0.6667792602600912,0.6548910232806378,0.7322858241542536,1.955101041996386,3.074973249982577
44,PSS class-aware SC-CV,5,"T6,RH_3,Press_mm_hg,T3,RH_8",0.7446377301131566,0.7452093409404654,0.8142501679057907,1.6983174579800107,2.55880162504036
44,PSS class-aware SC-CV,6,"T6,RH_3,Press_mm_hg,T3,RH_8,T5",0.7600067556156055,0.7586812810211983,0.832090818989513,1.7456269999966025,2.5641296670073643
44,PSS class-aware SC-CV,7,"T6,RH_3,Press_mm_hg,T3,RH_8,T5,RH_1",0.7750380003377808,0.7729402292161132,0.8485197857609454,1.7614942499785684,2.4527937499806285
44,PSS class-aware SC-CV,8,"T6,RH_3,Press_mm_hg,T3,RH_8,T5,RH_1,lights",0.7826380678939369,0.7799452105361631,0.8605370594857693,1.5473706250195391,2.2040738340001553
44,PSS class-aware SC-CV,9,"T6,RH_3,Press_mm_hg,T3,RH_8,T5,RH_1,lights,RH_9",0.7878736699881776,0.7854645531453432,0.864954556257519,1.6910601669806056,2.237562957976479
44,PSS class-aware SC-CV,10,"T6,RH_3,Press_mm_hg,T3,RH_8,T5,RH_1,lights,RH_9,RH_2",0.7953048471541969,0.7925450978174775,0.8706479531583067,1.6579901659861207,2.258853667008225
44,PSS class-aware SC-CV,11,"T6,RH_3,Press_mm_hg,T3,RH_8,T5,RH_1,lights,RH_9,RH_2,T_out",0.8005404492484378,0.7980644404266577,0.8744556565518656,1.7485032500117086,2.371945874998346
44,PSS class-aware SC-CV,12,"T6,RH_3,Press_mm_hg,T3,RH_8,T5,RH_1,lights,RH_9,RH_2,T_out,RH_4",0.806282722513089,0.8041085891914181,0.8764389215966151,1.6836185840074904,2.2149746249779128
44,PSS class-aware SC-CV,13,"T6,RH_3,Press_mm_hg,T3,RH_8,T5,RH_1,lights,RH_9,RH_2,T_out,RH_4,RH_6",0.807971626414457,0.8059831924119913,0.8800489535596259,1.7413732080021873,2.3091174160363153
44,PSS class-aware SC-CV,14,"T6,RH_3,Press_mm_hg,T3,RH_8,T5,RH_1,lights,RH_9,RH_2,T_out,RH_4,RH_6,Tdewpoint",0.8118561053876034,0.8101126865064425,0.8824254928109659,1.779743957973551,2.389258749957662
44,PSS class-aware SC-CV,15,"T6,RH_3,Press_mm_hg,T3,RH_8,T5,RH_1,lights,RH_9,RH_2,T_out,RH_4,RH_6,Tdewpoint,RH_5",0.8160783651410235,0.8139176316939936,0.8855127298102768,1.8358445839839987,2.4656770420260727
44,PSS class-aware SC-CV,16,"T6,RH_3,Press_mm_hg,T3,RH_8,T5,RH_1,lights,RH_9,RH_2,T_out,RH_4,RH_6,Tdewpoint,RH_5,RH_7",0.8135450092889714,0.8113803120174576,0.8858968099968418,1.7851751660346054,2.262673040968366
44,PSS class-aware SC-CV,17,"T6,RH_3,Press_mm_hg,T3,RH_8,T5,RH_1,lights,RH_9,RH_2,T_out,RH_4,RH_6,Tdewpoint,RH_5,RH_7,T2",0.8174294882621179,0.8159144579182808,0.889693135790619,1.8503342919866554,2.3823093330138363
44,PSS class-aware SC-CV,18,"T6,RH_3,Press_mm_hg,T3,RH_8,T5,RH_1,lights,RH_9,RH_2,T_out,RH_4,RH_6,Tdewpoint,RH_5,RH_7,T2,RH_out",0.8172605978719811,0.8155275620630829,0.8908851404869245,1.860082249972038,2.377197875001002
44,PSS class-aware SC-CV,19,"T6,RH_3,Press_mm_hg,T3,RH_8,T5,RH_1,lights,RH_9,RH_2,T_out,RH_4,RH_6,Tdewpoint,RH_5,RH_7,T2,RH_out,Visibility",0.8186117209930754,0.8171486401814532,0.8925020238336581,1.9491524169570766,2.4839287500362843
44,PSS class-aware SC-CV,20,"T6,RH_3,Press_mm_hg,T3,RH_8,T5,RH_1,lights,RH_9,RH_2,T_out,RH_4,RH_6,Tdewpoint,RH_5,RH_7,T2,RH_out,Visibility,T8",0.8289140347914203,0.8256326520104793,0.8993988030305328,1.8081320409546606,2.755600875010714
44,PSS-JMI,1,T6,0.5874007768957946,0.563518553762262,0.6018683053168559,2.6916452089790255,3.126088583958335
44,PSS-JMI,2,"T6,RH_3",0.6183077182908292,0.6029888839700882,0.6645365846146349,2.108492458006367,3.028831999981776
44,PSS-JMI,3,"T6,RH_3,RH_7",0.6696503968924168,0.6527682389820013,0.7102479305410175,1.9362739159842022,3.1797232910175808
44,PSS-JMI,4,"T6,RH_3,RH_7,RH_8",0.696672859314305,0.6913173858458981,0.7599744774004092,1.7278400419745594,2.7506222910014912
44,PSS-JMI,5,"T6,RH_3,RH_7,RH_8,Press_mm_hg",0.7186286100320892,0.7136639686814902,0.7856431469843385,1.7441986249759793,2.646792292012833
44,PSS-JMI,6,"T6,RH_3,RH_7,RH_8,Press_mm_hg,T_out",0.7265664583685189,0.7225410823292314,0.7983159543369801,1.7666666670120321,2.671263917000033
44,PSS-JMI,7,"T6,RH_3,RH_7,RH_8,Press_mm_hg,T_out,RH_4",0.7421043742611045,0.7379029106888297,0.8151214736910819,1.8009522500215098,2.58081170800142
44,PSS-JMI,8,"T6,RH_3,RH_7,RH_8,Press_mm_hg,T_out,RH_4,lights",0.7677757135618983,0.7654950841873429,0.838818600605794,1.6229181250091642,2.216382667014841
44,PSS-JMI,9,"T6,RH_3,RH_7,RH_8,Press_mm_hg,T_out,RH_4,lights,RH_6",0.7718290829251816,0.7699536667360816,0.849067059802963,1.6983987920102663,2.636480458022561
44,PSS-JMI,10,"T6,RH_3,RH_7,RH_8,Press_mm_hg,T_out,RH_4,lights,RH_6,RH_9",0.7767269042391488,0.7748726398375968,0.8544567092671584,1.687061165983323,3.1008502079639584
44,PSS-JMI,11,"T6,RH_3,RH_7,RH_8,Press_mm_hg,T_out,RH_4,lights,RH_6,RH_9,RH_1",0.779935821651748,0.777743587515808,0.8612714318353056,1.747941833047662,2.4082279999856837
44,PSS-JMI,12,"T6,RH_3,RH_7,RH_8,Press_mm_hg,T_out,RH_4,lights,RH_6,RH_9,RH_1,RH_2",0.7887181219388617,0.7860405584999405,0.8670229809127548,1.6887361250119284,2.2493312500300817
44,PSS-JMI,13,"T6,RH_3,RH_7,RH_8,Press_mm_hg,T_out,RH_4,lights,RH_6,RH_9,RH_1,RH_2,Tdewpoint",0.7890559027191353,0.7863229873025988,0.8691846099459988,1.7428440839867108,2.7773579580243677
44,PSS-JMI,14,"T6,RH_3,RH_7,RH_8,Press_mm_hg,T_out,RH_4,lights,RH_6,RH_9,RH_1,RH_2,Tdewpoint,RH_5",0.8007093396385746,0.7981622992773041,0.876615561706355,1.7949694170383736,2.7767366250045598
44,PSS-JMI,15,"T6,RH_3,RH_7,RH_8,Press_mm_hg,T_out,RH_4,lights,RH_6,RH_9,RH_1,RH_2,Tdewpoint,RH_5,RH_out",0.8027360243202162,0.8003482350009907,0.8776936754795945,1.864209874998778,2.694110999989789
44,PSS-JMI,16,"T6,RH_3,RH_7,RH_8,Press_mm_hg,T_out,RH_4,lights,RH_6,RH_9,RH_1,RH_2,Tdewpoint,RH_5,RH_out,T2",0.8091538591454146,0.8076220264815359,0.8837774734557148,1.7844283330487087,2.3450344579759985
44,PSS-JMI,17,"T6,RH_3,RH_7,RH_8,Press_mm_hg,T_out,RH_4,lights,RH_6,RH_9,RH_1,RH_2,Tdewpoint,RH_5,RH_out,T2,Visibility",0.8123627765580138,0.8111577592702155,0.8858401518484348,1.8581240419880487,2.391582833020948
44,PSS-JMI,18,"T6,RH_3,RH_7,RH_8,Press_mm_hg,T_out,RH_4,lights,RH_6,RH_9,RH_1,RH_2,Tdewpoint,RH_5,RH_out,T2,Visibility,T8",0.8248606654281372,0.8218966619731194,0.894629979768559,1.8269509579986334,2.3094135000137612
44,PSS-JMI,19,"T6,RH_3,RH_7,RH_8,Press_mm_hg,T_out,RH_4,lights,RH_6,RH_9,RH_1,RH_2,Tdewpoint,RH_5,RH_out,T2,Visibility,T8,T7",0.8280695828407364,0.8253167799599784,0.8981731252358842,1.8775572500308044,2.415131832996849
44,PSS-JMI,20,"T6,RH_3,RH_7,RH_8,Press_mm_hg,T_out,RH_4,lights,RH_6,RH_9,RH_1,RH_2,Tdewpoint,RH_5,RH_out,T2,Visibility,T8,T7,T3",0.8327985137645668,0.8300222794090268,0.9001322559780667,1.772960249974858,2.3168584159575403
44,KL tuned,1,RH_6,0.6042898159094747,0.5847503042071376,0.6248350248031674,2.3595067080459557,2.967494666983839
44,KL tuned,2,"RH_6,RH_8",0.6454990711028542,0.6375026605195449,0.6769842534019023,2.2462898749508895,2.853506292041857
44,KL tuned,3,"RH_6,RH_8,RH_1",0.6838371896639082,0.6787352545157579,0.7502369758661572,1.8667048329953104,2.957512332999613
44,KL tuned,4,"RH_6,RH_8,RH_1,T2",0.7297753757811181,0.7260479114174558,0.795680833272423,1.7566082080011256,2.644328750029672
44,KL tuned,5,"RH_6,RH_8,RH_1,T2,RH_9",0.7414288127005574,0.7388988529080915,0.8154723404803048,1.7435051670181565,2.533270541985985
44,KL tuned,6,"RH_6,RH_8,RH_1,T2,RH_9,T6",0.7571356189832799,0.7564685102515621,0.8332495528258511,1.7434077910147607,2.564803540997673
44,KL tuned,7,"RH_6,RH_8,RH_1,T2,RH_9,T6,lights",0.773180206046276,0.77218172256401,0.849179226847274,1.7625860420521349,2.4393097079591826
44,KL tuned,8,"RH_6,RH_8,RH_1,T2,RH_9,T6,lights,T8",0.7910825874007769,0.7879597527176374,0.8675392251371863,1.6273791249841452,2.196788583009038
44,KL tuned,9,"RH_6,RH_8,RH_1,T2,RH_9,T6,lights,T8,RH_5",0.7993582165174802,0.7960498582511963,0.8737989736715446,1.7968612919794396,2.217611374973785
44,KL tuned,10,"RH_6,RH_8,RH_1,T2,RH_9,T6,lights,T8,RH_5,RH_out",0.8027360243202162,0.7993366054850604,0.8795397197754636,1.695454874949064,2.264437292004004
44,KL tuned,11,"RH_6,RH_8,RH_1,T2,RH_9,T6,lights,T8,RH_5,RH_out,Visibility",0.8030738051004898,0.8004861453013731,0.8805794485150968,1.8864221660187468,2.3680184590048157
44,KL tuned,12,"RH_6,RH_8,RH_1,T2,RH_9,T6,lights,T8,RH_5,RH_out,Visibility,Windspeed",0.813882790069245,0.8108534372073717,0.8855135342870291,1.797280624974519,2.2895809579640627
44,KL tuned,13,"RH_6,RH_8,RH_1,T2,RH_9,T6,lights,T8,RH_5,RH_out,Visibility,Windspeed,T4",0.8206384056747171,0.8171378946705483,0.8924592716405395,1.74880783399567,2.3419347919989377
44,KL tuned,14,"RH_6,RH_8,RH_1,T2,RH_9,T6,lights,T8,RH_5,RH_out,Visibility,Windspeed,T4,T3",0.8248606654281372,0.8216943360699334,0.8956012130590022,1.92368633300066,2.346330582979135
44,KL tuned,15,"RH_6,RH_8,RH_1,T2,RH_9,T6,lights,T8,RH_5,RH_out,Visibility,Windspeed,T4,T3,RH_3",0.8265495693295052,0.8229619615809485,0.8997434638562386,1.9066093749715947,2.4399057920090854
44,KL tuned,16,"RH_6,RH_8,RH_1,T2,RH_9,T6,lights,T8,RH_5,RH_out,Visibility,Windspeed,T4,T3,RH_3,RH_2",0.8321229522040196,0.8289371551955178,0.9001370828385802,1.8951873749610968,2.3601670000352897
44,KL tuned,17,"RH_6,RH_8,RH_1,T2,RH_9,T6,lights,T8,RH_5,RH_out,Visibility,Windspeed,T4,T3,RH_3,RH_2,T1",0.8346563080560716,0.8316478970747847,0.9018239556627579,1.8830596669577062,2.337887750007212
44,KL tuned,18,"RH_6,RH_8,RH_1,T2,RH_9,T6,lights,T8,RH_5,RH_out,Visibility,Windspeed,T4,T3,RH_3,RH_2,T1,T_out",0.8358385407870292,0.8329976941397776,0.9024303012834392,1.8205616670311429,2.2838228329783306
44,KL tuned,19,"RH_6,RH_8,RH_1,T2,RH_9,T6,lights,T8,RH_5,RH_out,Visibility,Windspeed,T4,T3,RH_3,RH_2,T1,T_out,RH_4",0.834318527275798,0.8316256015762228,0.902820472508271,1.8981819169712253,2.3799924589693546
44,KL tuned,20,"RH_6,RH_8,RH_1,T2,RH_9,T6,lights,T8,RH_5,RH_out,Visibility,Windspeed,T4,T3,RH_3,RH_2,T1,T_out,RH_4,T5",0.8356696503968924,0.8325529908836695,0.9030714692549672,1.792636250029318,2.263739624992013
44,KL-JMI,1,lights,0.6416145921297078,0.6200196568148145,0.6207158165186198,1.227767665986903,2.799414583016187
44,KL-JMI,2,"lights,RH_6",0.6875527782469177,0.676870534866712,0.6996310209913269,2.80245333397761,2.6246727909892797
44,KL-JMI,3,"lights,RH_6,RH_5",0.696672859314305,0.6875599047867286,0.7302540606538694,2.4819898330024444,2.8272375829983503
44,KL-JMI,4,"lights,RH_6,RH_5,T7",0.6993751055564938,0.6917558831384891,0.7603229882220006,2.014600792026613,2.6210704169934615
44,KL-JMI,5,"lights,RH_6,RH_5,T7,Press_mm_hg",0.7245397736868772,0.7185053097764152,0.7823122109917268,1.9983771659899503,2.797055458999239
44,KL-JMI,6,"lights,RH_6,RH_5,T7,Press_mm_hg,RH_8",0.7427799358216517,0.7396817237132625,0.8128912917460226,1.831427708035335,2.5226126249763183
44,KL-JMI,7,"lights,RH_6,RH_5,T7,Press_mm_hg,RH_8,RH_7",0.7512244553284918,0.7495750064243214,0.8268612603990113,1.8265316659817472,2.438537375011947
44,KL-JMI,8,"lights,RH_6,RH_5,T7,Press_mm_hg,RH_8,RH_7,T6",0.7709846309744975,0.7705627131001453,0.8506265954497875,1.6647063339478336,2.184673457988538
44,KL-JMI,9,"lights,RH_6,RH_5,T7,Press_mm_hg,RH_8,RH_7,T6,T_out",0.7787535889207904,0.7780991087776689,0.8532178150687231,1.792740374978166,3.3746702920179814
44,KL-JMI,10,"lights,RH_6,RH_5,T7,Press_mm_hg,RH_8,RH_7,T6,T_out,RH_1",0.7900692450599561,0.7874882144155799,0.8647352788799108,1.694315040949732,3.4037690419936553
44,KL-JMI,11,"lights,RH_6,RH_5,T7,Press_mm_hg,RH_8,RH_7,T6,T_out,RH_1,T8",0.8181050498226651,0.8151786490031154,0.8838057450672933,1.6321545829996467,2.1970561660127714
44,KL-JMI,12,"lights,RH_6,RH_5,T7,Press_mm_hg,RH_8,RH_7,T6,T_out,RH_1,T8,RH_4",0.8160783651410235,0.8129349058785185,0.8863914482742135,1.610970624955371,2.1166255829739384
44,KL-JMI,13,"lights,RH_6,RH_5,T7,Press_mm_hg,RH_8,RH_7,T6,T_out,RH_1,T8,RH_4,RH_3",0.8192872825536227,0.8163550238653774,0.889007606672468,1.6351726250140928,2.4162136249942705
44,KL-JMI,14,"lights,RH_6,RH_5,T7,Press_mm_hg,RH_8,RH_7,T6,T_out,RH_1,T8,RH_4,RH_3,T2",0.8224961999662219,0.8193415863454092,0.893020566563096,1.610191792016849,2.503008999978192
44,KL-JMI,15,"lights,RH_6,RH_5,T7,Press_mm_hg,RH_8,RH_7,T6,T_out,RH_1,T8,RH_4,RH_3,T2,T4",0.8246917750380003,0.8214230550165561,0.8959108216833607,1.7199995419941843,2.314244500012137
44,KL-JMI,16,"lights,RH_6,RH_5,T7,Press_mm_hg,RH_8,RH_7,T6,T_out,RH_1,T8,RH_4,RH_3,T2,T4,RH_9",0.8248606654281372,0.8211740694617407,0.8982254162247791,1.6396005419665016,2.16425904200878
44,KL-JMI,17,"lights,RH_6,RH_5,T7,Press_mm_hg,RH_8,RH_7,T6,T_out,RH_1,T8,RH_4,RH_3,T2,T4,RH_9,T3",0.8282384732308732,0.8242295870919636,0.9004265795441329,1.6814493339625187,2.2499742090003565
44,KL-JMI,18,"lights,RH_6,RH_5,T7,Press_mm_hg,RH_8,RH_7,T6,T_out,RH_1,T8,RH_4,RH_3,T2,T4,RH_9,T3,RH_2",0.8312785002533356,0.8273495203249903,0.9010395908293327,1.714628082991112,2.2204799580504186
44,KL-JMI,19,"lights,RH_6,RH_5,T7,Press_mm_hg,RH_8,RH_7,T6,T_out,RH_1,T8,RH_4,RH_3,T2,T4,RH_9,T3,RH_2,Tdewpoint",0.8321229522040196,0.8285035996886905,0.9008909924806707,1.7431044169934466,2.3202784589957446
44,KL-JMI,20,"lights,RH_6,RH_5,T7,Press_mm_hg,RH_8,RH_7,T6,T_out,RH_1,T8,RH_4,RH_3,T2,T4,RH_9,T3,RH_2,Tdewpoint,RH_out",0.8336429657152508,0.8301647292567969,0.9019506032886091,1.683703292044811,2.207428457972128
44,PSS ell=1,1,RH_9,0.5961830771829083,0.5751105465982815,0.5903010788722798,2.3453773749643005,3.111396334017627
44,PSS ell=1,2,"RH_9,RH_8",0.6140854585374093,0.596669316842939,0.6327650969256576,2.308434957987629,2.9924428339581937
44,PSS ell=1,3,"RH_9,RH_8,T6",0.664414794798176,0.658781472854426,0.7139241019855864,2.0995709999697283,3.0993698749807663
44,PSS ell=1,4,"RH_9,RH_8,T6,RH_2",0.677081574058436,0.6696760418088867,0.7407747203064182,1.8568246659706347,3.023012541991193
44,PSS ell=1,5,"RH_9,RH_8,T6,RH_2,RH_3",0.725553116027698,0.7232834994462902,0.7941309513466251,1.854044584033545,3.1138750829850323
44,PSS ell=1,6,"RH_9,RH_8,T6,RH_2,RH_3,T_out",0.7397399087991893,0.7382960125075448,0.8077330442733437,1.885171582980547,2.715455958037637
44,PSS ell=1,7,"RH_9,RH_8,T6,RH_2,RH_3,T_out,RH_4",0.7480155379158926,0.7466462513452001,0.8187346086358511,1.8719266660045832,2.6016587920021266
44,PSS ell=1,8,"RH_9,RH_8,T6,RH_2,RH_3,T_out,RH_4,RH_6",0.7515622361087654,0.7512448128488269,0.8271401265189097,1.7669397090212442,2.402074583049398
44,PSS ell=1,9,"RH_9,RH_8,T6,RH_2,RH_3,T_out,RH_4,RH_6,Tdewpoint",0.7562911670325958,0.7567885196110746,0.832342217974585,1.899244166968856,2.4763816249906085
44,PSS ell=1,10,"RH_9,RH_8,T6,RH_2,RH_3,T_out,RH_4,RH_6,Tdewpoint,RH_1",0.773180206046276,0.7733089668817608,0.8502310227381907,1.8142476670327596,2.461155833036173
44,PSS ell=1,11,"RH_9,RH_8,T6,RH_2,RH_3,T_out,RH_4,RH_6,Tdewpoint,RH_1,RH_5",0.7801047120418848,0.7798358016978597,0.8584862183938322,1.8731176670407876,2.4974080419633538
44,PSS ell=1,12,"RH_9,RH_8,T6,RH_2,RH_3,T_out,RH_4,RH_6,Tdewpoint,RH_1,RH_5,Press_mm_hg",0.7892247931092721,0.7872590534664443,0.8653471409126078,1.7754796670051292,2.358533458027523
44,PSS ell=1,13,"RH_9,RH_8,T6,RH_2,RH_3,T_out,RH_4,RH_6,Tdewpoint,RH_1,RH_5,Press_mm_hg,RH_7",0.7890559027191353,0.7860339502980471,0.8680038679242247,1.790408083004877,2.401826874993276
44,PSS ell=1,14,"RH_9,RH_8,T6,RH_2,RH_3,T_out,RH_4,RH_6,Tdewpoint,RH_1,RH_5,Press_mm_hg,RH_7,T2",0.7971626414457017,0.7950089227964348,0.8734844232614223,1.8254048330127262,2.4247423330089077
44,PSS ell=1,15,"RH_9,RH_8,T6,RH_2,RH_3,T_out,RH_4,RH_6,Tdewpoint,RH_1,RH_5,Press_mm_hg,RH_7,T2,RH_out",0.7959804087147442,0.7937458368328072,0.8764419096531235,1.905226250004489,2.490325499966275
44,PSS ell=1,16,"RH_9,RH_8,T6,RH_2,RH_3,T_out,RH_4,RH_6,Tdewpoint,RH_1,RH_5,Press_mm_hg,RH_7,T2,RH_out,Visibility",0.797838203006249,0.796325276613585,0.8771820282651758,1.8514099579770118,2.39795645797858
44,PSS ell=1,17,"RH_9,RH_8,T6,RH_2,RH_3,T_out,RH_4,RH_6,Tdewpoint,RH_1,RH_5,Press_mm_hg,RH_7,T2,RH_out,Visibility,T8",0.8147272420199291,0.8119497091701615,0.8901346786023436,1.885709833004512,2.370507166022435
44,PSS ell=1,18,"RH_9,RH_8,T6,RH_2,RH_3,T_out,RH_4,RH_6,Tdewpoint,RH_1,RH_5,Press_mm_hg,RH_7,T2,RH_out,Visibility,T8,lights",0.8248606654281372,0.8218966619731194,0.894629979768559,1.8269509579986334,2.3094135000137612
44,PSS ell=1,19,"RH_9,RH_8,T6,RH_2,RH_3,T_out,RH_4,RH_6,Tdewpoint,RH_1,RH_5,Press_mm_hg,RH_7,T2,RH_out,Visibility,T8,lights,T7",0.8280695828407364,0.8253167799599784,0.8981731252358842,1.8775572500308044,2.415131832996849
44,PSS ell=1,20,"RH_9,RH_8,T6,RH_2,RH_3,T_out,RH_4,RH_6,Tdewpoint,RH_1,RH_5,Press_mm_hg,RH_7,T2,RH_out,Visibility,T8,lights,T7,T4",0.8302651579125148,0.8273693449306703,0.900321652790592,1.7685854579904117,2.2970150409964845
44,All features,25,"lights,T1,RH_1,T2,RH_2,T3,RH_3,T4,RH_4,T5,RH_5,T6,RH_6,T7,RH_7,T8,RH_8,T9,RH_9,T_out,Press_mm_hg,RH_out,Windspeed,Visibility,Tdewpoint",0.8366829927377132,0.8336893142961954,0.9051723028307929,2.099741709011141,3.0762140840524808
