seed,method,estimator,folds,tau,n_min,inner_accuracy,unique_selected_components,component_candidates,k
42,PSS-JMI,pss_jmi,10.0,0.85,5.0,0.7567350221149981,191,325,
42,KL-JMI,kl_jmi,,,,0.7681544028950542,191,325,30.0
42,PSS-JMI,pss_jmi,10.0,0.8,5.0,0.7567350221149981,191,325,
42,PSS-JMI,pss_jmi,5.0,0.95,5.0,0.771773220747889,191,325,
42,PSS-JMI,pss_jmi,3.0,0.85,5.0,0.7593888218737433,191,325,
42,PSS-JMI,pss_jmi,3.0,0.8,5.0,0.7593888218737433,191,325,
42,PSS-JMI,pss_jmi,3.0,0.9,5.0,0.7593888218737433,191,325,
42,PSS-JMI,pss_jmi,3.0,0.99,5.0,0.7671089666264574,191,325,
42,KL-JMI,kl_jmi,,,,0.771049457177322,191,325,3.0
42,KL-JMI,kl_jmi,,,,0.7741053478086047,191,325,10.0
42,PSS-JMI,pss_jmi,3.0,0.95,5.0,0.7593888218737433,191,325,
42,KL-JMI,kl_jmi,,,,0.7733815842380377,191,325,15.0
42,PSS-JMI,pss_jmi,5.0,0.99,5.0,0.7691194209891435,191,325,
42,KL-JMI,kl_jmi,,,,0.7671089666264574,191,325,7.0
42,KL-JMI,kl_jmi,,,,0.7741053478086047,191,325,5.0
42,PSS-JMI,pss_jmi,5.0,0.8,5.0,0.771773220747889,191,325,
42,PSS-JMI,pss_jmi,10.0,0.99,5.0,0.7597104945717733,191,325,
42,PSS-JMI,pss_jmi,5.0,0.85,5.0,0.771773220747889,191,325,
42,PSS-JMI,pss_jmi,10.0,0.95,5.0,0.7567350221149981,191,325,
42,KL-JMI,kl_jmi,,,,0.771049457177322,191,325,2.0
42,PSS-JMI,pss_jmi,5.0,0.9,5.0,0.771773220747889,191,325,
42,KL-JMI,kl_jmi,,,,0.7609971853638923,191,325,1.0
42,KL-JMI,kl_jmi,,,,0.7775633293124246,191,325,20.0
42,KL-JMI,kl_jmi,,,,0.7757137112987534,191,325,50.0
42,PSS-JMI,pss_jmi,10.0,0.9,5.0,0.7567350221149981,191,325,
43,PSS-JMI,pss_jmi,10.0,0.85,5.0,0.7799758745476476,191,325,
43,KL-JMI,kl_jmi,,,,0.7835142742259751,191,325,30.0
43,PSS-JMI,pss_jmi,10.0,0.8,5.0,0.7799758745476476,191,325,
43,PSS-JMI,pss_jmi,5.0,0.95,5.0,0.7799758745476476,191,325,
43,PSS-JMI,pss_jmi,3.0,0.85,5.0,0.7799758745476476,191,325,
43,PSS-JMI,pss_jmi,3.0,0.8,5.0,0.7799758745476476,191,325,
43,PSS-JMI,pss_jmi,3.0,0.9,5.0,0.7799758745476476,191,325,
43,PSS-JMI,pss_jmi,3.0,0.99,5.0,0.771210293526337,191,325,
43,KL-JMI,kl_jmi,,,,0.7819863289103338,191,325,3.0
43,KL-JMI,kl_jmi,,,,0.7799758745476478,191,325,10.0
43,PSS-JMI,pss_jmi,3.0,0.95,5.0,0.7799758745476476,191,325,
43,KL-JMI,kl_jmi,,,,0.7712907117008444,191,325,15.0
43,PSS-JMI,pss_jmi,5.0,0.99,5.0,0.7832730197024528,191,325,
43,KL-JMI,kl_jmi,,,,0.7839163650985123,191,325,7.0
43,KL-JMI,kl_jmi,,,,0.7823080016083636,191,325,5.0
43,PSS-JMI,pss_jmi,5.0,0.8,5.0,0.7799758745476476,191,325,
43,PSS-JMI,pss_jmi,10.0,0.99,5.0,0.7848009650180942,191,325,
43,PSS-JMI,pss_jmi,5.0,0.85,5.0,0.7799758745476476,191,325,
43,PSS-JMI,pss_jmi,10.0,0.95,5.0,0.7799758745476476,191,325,
43,KL-JMI,kl_jmi,,,,0.7819863289103338,191,325,2.0
43,PSS-JMI,pss_jmi,5.0,0.9,5.0,0.7799758745476476,191,325,
43,KL-JMI,kl_jmi,,,,0.7755528749497387,191,325,1.0
43,KL-JMI,kl_jmi,,,,0.7808604744672296,191,325,20.0
43,KL-JMI,kl_jmi,,,,0.7805388017691999,191,325,50.0
43,PSS-JMI,pss_jmi,10.0,0.9,5.0,0.7799758745476476,191,325,
44,PSS-JMI,pss_jmi,10.0,0.85,5.0,0.7749899477281866,191,325,
44,KL-JMI,kl_jmi,,,,0.7720948934459188,191,325,30.0
44,PSS-JMI,pss_jmi,10.0,0.8,5.0,0.7749899477281866,191,325,
44,PSS-JMI,pss_jmi,5.0,0.95,5.0,0.7773220747889024,191,325,
44,PSS-JMI,pss_jmi,3.0,0.85,5.0,0.7765983112183353,191,325,
44,PSS-JMI,pss_jmi,3.0,0.8,5.0,0.7765983112183353,191,325,
44,PSS-JMI,pss_jmi,3.0,0.9,5.0,0.7765983112183353,191,325,
44,PSS-JMI,pss_jmi,3.0,0.99,5.0,0.7767591475673502,191,325,
44,KL-JMI,kl_jmi,,,,0.7774829111379171,191,325,3.0
44,KL-JMI,kl_jmi,,,,0.7782870928829916,191,325,10.0
44,PSS-JMI,pss_jmi,3.0,0.95,5.0,0.7765983112183353,191,325,
44,KL-JMI,kl_jmi,,,,0.7847205468435866,191,325,15.0
44,PSS-JMI,pss_jmi,5.0,0.99,5.0,0.7707277844792922,191,325,
44,KL-JMI,kl_jmi,,,,0.7807800562927222,191,325,7.0
44,KL-JMI,kl_jmi,,,,0.7828709288299155,191,325,5.0
44,PSS-JMI,pss_jmi,5.0,0.8,5.0,0.7773220747889024,191,325,
44,PSS-JMI,pss_jmi,10.0,0.99,5.0,0.7709690390028147,191,325,
44,PSS-JMI,pss_jmi,5.0,0.85,5.0,0.7773220747889024,191,325,
44,PSS-JMI,pss_jmi,10.0,0.95,5.0,0.7749899477281866,191,325,
44,KL-JMI,kl_jmi,,,,0.7780458383594692,191,325,2.0
44,PSS-JMI,pss_jmi,5.0,0.9,5.0,0.7773220747889024,191,325,
44,KL-JMI,kl_jmi,,,,0.7671893848009651,191,325,1.0
44,KL-JMI,kl_jmi,,,,0.7902694008846,191,325,20.0
44,KL-JMI,kl_jmi,,,,0.7769199839163652,191,325,50.0
44,PSS-JMI,pss_jmi,10.0,0.9,5.0,0.7749899477281866,191,325,
