method,component_kind,scope,components,mean_score,min_score,outside_mi_fraction,mean_ell,min_ell,mean_minimum_stable_5,min_minimum_stable_5,mean_conditional_training_coverage,min_conditional_training_coverage,ell1_fraction,fallbacks,maximum_conditional_training_skip
KL-JMI,pair,all_candidates,900,-0.13896715271708218,-1.800444497088474,0.3711111111111111,,,,,,,,,
KL-JMI,pair,selected_unique_components,570,-0.060994215678635985,-1.800444497088474,0.18947368421052632,,,,,,,,,
KL-JMI,singleton,all_candidates,75,-0.3627062160701107,-0.823286003631182,0.92,,,,,,,,,
KL-JMI,singleton,selected_unique_components,3,0.041845104816615,0.03732217455981868,0.0,,,,,,,,,
PSS class-aware SC-CV,subset,all_candidates,60,0.12420463844238269,-0.6025232820091979,0.35,2.033333333333333,1.0,0.9661679918711016,0.8500079782990266,0.9990920825407678,0.9929773419901948,0.6166666666666667,0.0,0.007022658009805172
PSS class-aware SC-CV,subset,selected_unique_components,60,0.12420463844238269,-0.6025232820091979,0.35,2.033333333333333,1.0,0.9661679918711016,0.8500079782990266,0.9990920825407678,0.9929773419901948,0.6166666666666667,0.0,0.007022658009805172
PSS ell=1,subset,all_candidates,60,0.17339577294721148,-0.27447567223963887,0.08333333333333333,1.0,1.0,0.995532559721104,0.9902897166507482,1.0,1.0,1.0,0.0,0.0
PSS ell=1,subset,selected_unique_components,60,0.17339577294721148,-0.27447567223963887,0.08333333333333333,1.0,1.0,0.995532559721104,0.9902897166507482,1.0,1.0,1.0,0.0,0.0
PSS-JMI,pair,all_candidates,900,-0.18673521015449876,-1.1721920501269087,0.6344444444444445,4.202222222222222,1.0,0.9884457791111485,0.9788283985991723,0.9998459088196395,0.9988857051894301,0.0011111111111111111,0.0,0.0011142948105699046
PSS-JMI,pair,selected_unique_components,570,-0.024720475546318833,-0.9102620113535163,0.42280701754385963,4.4035087719298245,2.0,0.9876846840470941,0.9794192724952138,0.99981971164987,0.9988857051894301,0.0,0.0,0.0011142948105699046
PSS-JMI,singleton,all_candidates,75,-0.20944955153895667,-0.7466120749339897,0.4533333333333333,4.64,1.0,0.9981902817441168,0.9969687300574346,0.9999936224408801,0.9996808680389341,0.05333333333333334,0.0,0.00031913196106592157
PSS-JMI,singleton,selected_unique_components,3,0.04627674530191458,0.04525926488208287,0.0,5.0,5.0,0.9980244170969897,0.9977429633563463,1.0,1.0,0.0,0.0,0.0
