seed,method,count,n_training,unique_pairs,mean_abs_pearson,pairs_abs_pearson_gt_08,mean_abs_spearman,max_abs_pearson
42,PSS class-aware SC-CV,5,13814,10,0.29812304270148154,1,0.3015164971312871,0.8423550769442498
42,PSS class-aware SC-CV,10,13814,45,0.40274376725030153,10,0.3983522817791073,0.9749291288753744
42,PSS class-aware SC-CV,20,13814,190,0.3296389827698495,17,0.3313596777476205,0.9749291288753744
42,PSS-JMI,5,13814,10,0.31453394626969056,1,0.30806549933857935,0.8449012909939264
42,PSS-JMI,10,13814,45,0.37837568019413803,11,0.3774712421546652,0.9749291288753744
42,PSS-JMI,20,13814,190,0.33252251634285246,17,0.33403214552303256,0.9749291288753744
42,KL tuned,5,13814,10,0.45372712243541463,1,0.4487498020877167,0.8550945269666735
42,KL tuned,10,13814,45,0.2673779508553569,2,0.2783727218585771,0.8550945269666735
42,KL tuned,20,13814,190,0.31753036297572695,23,0.3144827319792698,0.8977018540641312
42,KL-JMI,5,13814,10,0.1907836362831518,0,0.20658465894547642,0.7548467297920965
42,KL-JMI,10,13814,45,0.2922824662201692,3,0.3076657553046776,0.9749291288753744
42,KL-JMI,20,13814,190,0.36444251280400963,19,0.36615594190510886,0.9749291288753744
43,PSS class-aware SC-CV,5,13814,10,0.3828442358372392,1,0.3822024725996406,0.832102470160775
43,PSS class-aware SC-CV,10,13814,45,0.40514170395842886,8,0.4085429481633481,0.8999103832020233
43,PSS class-aware SC-CV,20,13814,190,0.32939391872153945,17,0.33097023943353254,0.9742783157489989
43,PSS-JMI,5,13814,10,0.3371152877405382,1,0.33433854184038736,0.829404337939784
43,PSS-JMI,10,13814,45,0.5237647557590689,13,0.5307507397809188,0.8999103832020233
43,PSS-JMI,20,13814,190,0.33204601751853496,17,0.33334361287982106,0.9742783157489989
43,KL tuned,5,13814,10,0.4548766603443729,1,0.44944395840320245,0.8551730381271985
43,KL tuned,10,13814,45,0.3373428407104978,4,0.34960518198224577,0.8551730381271985
43,KL tuned,20,13814,190,0.31879605094577185,19,0.31478496664605005,0.9742783157489989
43,KL-JMI,5,13814,10,0.18792107862036828,0,0.20575187529393518,0.48759152848061327
43,KL-JMI,10,13814,45,0.33169205728918727,4,0.35155145420843864,0.8827305582357287
43,KL-JMI,20,13814,190,0.3422763051014629,16,0.34428464078920035,0.9742783157489989
44,PSS class-aware SC-CV,5,13814,10,0.2476647678021498,1,0.2498454517896735,0.8283699067318429
44,PSS class-aware SC-CV,10,13814,45,0.3049319560007327,5,0.3056656474664907,0.8869962711845659
44,PSS class-aware SC-CV,20,13814,190,0.330105715385098,15,0.33110152583020674,0.974634286934954
44,PSS-JMI,5,13814,10,0.37887222808054233,3,0.3850928270165093,0.8840692745716731
44,PSS-JMI,10,13814,45,0.377594219952076,11,0.37720948418470457,0.974634286934954
44,PSS-JMI,20,13814,190,0.331851917912096,15,0.3338593384233904,0.974634286934954
44,KL tuned,5,13814,10,0.45607377056930243,1,0.4519390715031394,0.8552034109452722
44,KL tuned,10,13814,45,0.314297780692404,1,0.3217281611128594,0.8552034109452722
44,KL tuned,20,13814,190,0.3188520168681421,18,0.31539178802903733,0.974634286934954
44,KL-JMI,5,13814,10,0.18555546104868104,0,0.20338515628231466,0.7540614098252046
44,KL-JMI,10,13814,45,0.2889724444255296,2,0.3056535117578409,0.974634286934954
44,KL-JMI,20,13814,190,0.3632902751005079,17,0.36558922937530686,0.974634286934954
