seed,method,step,mean_ell,minimum_stable_5,conditional_training_coverage
42,PSS class-aware SC-CV,1,5.0,0.998085513720485,1.0
42,PSS class-aware SC-CV,2,5.0,0.9845245692405871,0.9996809189534142
42,PSS class-aware SC-CV,3,5.0,0.9350670070197831,0.9976146302676915
42,PSS class-aware SC-CV,4,4.0,0.9112954690491385,0.996011486917677
42,PSS class-aware SC-CV,5,3.0,0.9017230376515635,0.9963305679642629
42,PSS class-aware SC-CV,6,2.0,0.9396936821952776,0.9974473516273133
42,PSS class-aware SC-CV,7,2.0,0.9085832801531589,0.9969687300574346
42,PSS class-aware SC-CV,8,1.0,0.9966496490108487,1.0
42,PSS class-aware SC-CV,9,1.0,0.9963305679642629,1.0
42,PSS class-aware SC-CV,10,1.0,0.996011486917677,1.0
42,PSS class-aware SC-CV,11,1.0,0.9956924058710912,1.0
42,PSS class-aware SC-CV,12,1.0,0.9953733248245055,1.0
42,PSS class-aware SC-CV,13,1.0,0.9952137843012125,1.0
42,PSS class-aware SC-CV,14,1.0,0.9948947032546267,1.0
42,PSS class-aware SC-CV,15,1.0,0.9944160816847479,1.0
42,PSS class-aware SC-CV,16,1.0,0.9934588385449904,1.0
42,PSS class-aware SC-CV,17,1.0,0.9931397574984046,1.0
42,PSS class-aware SC-CV,18,1.0,0.9928206764518187,1.0
42,PSS class-aware SC-CV,19,1.0,0.992501595405233,1.0
42,PSS class-aware SC-CV,20,1.0,0.9921825143586471,1.0
42,PSS-JMI,1,5.0,0.998085513720485,1.0
42,PSS-JMI,2,5.0,0.9845245692405871,0.9996809189534142
42,PSS-JMI,3,5.0,0.9806955966815571,0.9994699178372648
42,PSS-JMI,4,5.0,0.982929164007658,0.9995213784301212
42,PSS-JMI,5,5.0,0.9835673261008296,0.999337397296581
42,PSS-JMI,6,5.0,0.9806955966815571,0.9995213784301212
42,PSS-JMI,7,5.0,0.9821314613911933,0.9992022973835354
42,PSS-JMI,8,5.0,0.9836999734958919,0.9998404594767071
42,PSS-JMI,9,5.0,0.9814932992980216,0.9992048767558972
42,PSS-JMI,10,5.0,0.9814932992980216,0.9995213784301212
42,PSS-JMI,11,5.0,0.9837268666241226,0.9990427568602425
42,PSS-JMI,12,5.0,0.9845245692405871,0.9992022973835354
42,PSS-JMI,13,5.0,0.9838864071474155,0.9992022973835354
42,PSS-JMI,14,5.0,0.9811742182514359,0.9993618379068283
42,PSS-JMI,15,4.857142857142857,0.9818123803446075,0.999337397296581
42,PSS-JMI,16,4.6,0.9811742182514359,0.9996024383779486
42,PSS-JMI,17,5.0,0.9819719208679004,0.9994699178372648
42,PSS-JMI,18,4.764705882352941,0.9806955966815571,0.9995213784301212
42,PSS-JMI,19,4.833333333333333,0.9794192724952138,0.9993618379068283
42,PSS-JMI,20,4.473684210526316,0.9819719208679004,0.9992022973835354
42,PSS ell=1,1,1.0,0.9995213784301212,1.0
42,PSS ell=1,2,1.0,0.9992022973835354,1.0
42,PSS ell=1,3,1.0,0.9987236758136566,1.0
42,PSS ell=1,4,1.0,0.9985641352903637,1.0
42,PSS ell=1,5,1.0,0.998245054243778,1.0
42,PSS ell=1,6,1.0,0.9977664326738992,1.0
42,PSS ell=1,7,1.0,0.9974473516273133,1.0
42,PSS ell=1,8,1.0,0.9969687300574346,1.0
42,PSS ell=1,9,1.0,0.9968091895341417,1.0
42,PSS ell=1,10,1.0,0.99617102744097,1.0
42,PSS ell=1,11,1.0,0.9958519463943841,1.0
42,PSS ell=1,12,1.0,0.9955328653477984,1.0
42,PSS ell=1,13,1.0,0.9953733248245055,1.0
42,PSS ell=1,14,1.0,0.9948947032546267,1.0
42,PSS ell=1,15,1.0,0.994256541161455,1.0
42,PSS ell=1,16,1.0,0.9939374601148692,1.0
42,PSS ell=1,17,1.0,0.9936183790682833,1.0
42,PSS ell=1,18,1.0,0.9931397574984046,1.0
42,PSS ell=1,19,1.0,0.9928206764518187,1.0
42,PSS ell=1,20,1.0,0.99234205488194,1.0
43,PSS class-aware SC-CV,1,5.0,0.9979256422530717,1.0
43,PSS class-aware SC-CV,2,5.0,0.9875538535184298,0.9993617360778682
43,PSS class-aware SC-CV,3,5.0,0.9372905696505505,0.9980124552802438
43,PSS class-aware SC-CV,4,5.0,0.8568693154619436,0.9929773419901948
43,PSS class-aware SC-CV,5,3.0,0.9080899952130206,0.9982447742141376
43,PSS class-aware SC-CV,6,3.0,0.8500079782990266,0.9948938886229456
43,PSS class-aware SC-CV,7,2.0,0.8863890218605394,0.9973499403736584
43,PSS class-aware SC-CV,8,2.0,0.8533588638902186,0.9961574135418046
43,PSS class-aware SC-CV,9,1.0,0.996649114408808,1.0
43,PSS class-aware SC-CV,10,1.0,0.9964895484282751,1.0
43,PSS class-aware SC-CV,11,1.0,0.9961704164672092,1.0
43,PSS class-aware SC-CV,12,1.0,0.9960108504866763,1.0
43,PSS class-aware SC-CV,13,1.0,0.9956917185256103,1.0
43,PSS class-aware SC-CV,14,1.0,0.9954948986352193,1.0
43,PSS class-aware SC-CV,15,1.0,0.995097389691268,1.0
43,PSS class-aware SC-CV,16,1.0,0.9948323837286339,1.0
43,PSS class-aware SC-CV,17,1.0,0.9942556247008137,1.0
43,PSS class-aware SC-CV,18,1.0,0.9939364927397479,1.0
43,PSS class-aware SC-CV,19,1.0,0.993617360778682,1.0
43,PSS class-aware SC-CV,20,1.0,0.9926599648954842,1.0
43,PSS-JMI,1,5.0,0.9982447742141376,1.0
43,PSS-JMI,2,4.0,0.9909897972704386,0.9998404340194671
43,PSS-JMI,3,4.0,0.99026647518749,0.9996808680389341
43,PSS-JMI,4,4.0,0.99026647518749,0.9997349940373659
43,PSS-JMI,5,3.5,0.9907451731290888,0.9996808680389341
43,PSS-JMI,6,3.8,0.9909047391096218,0.9996024910560488
43,PSS-JMI,7,3.5,0.9915430030317536,0.9998404340194671
43,PSS-JMI,8,4.0,0.99026647518749,0.9997349940373659
43,PSS-JMI,9,4.0,0.9901069092069571,0.9993617360778682
43,PSS-JMI,10,3.888888888888889,0.9909047391096218,0.9997349940373659
43,PSS-JMI,11,3.7,0.99026647518749,0.9998404340194671
43,PSS-JMI,12,3.6363636363636362,0.9901069092069571,0.9998404340194671
43,PSS-JMI,13,3.0833333333333335,0.9901069092069571,0.9996808680389341
43,PSS-JMI,14,3.6153846153846154,0.9901069092069571,0.9998404340194671
43,PSS-JMI,15,4.071428571428571,0.990426041168023,0.9993617360778682
43,PSS-JMI,16,3.7333333333333334,0.9901069092069571,0.9996024910560488
43,PSS-JMI,17,3.5,0.99026647518749,0.9996808680389341
43,PSS-JMI,18,2.6470588235294117,0.99026647518749,0.9998404340194671
43,PSS-JMI,19,3.3333333333333335,0.990426041168023,0.9993617360778682
43,PSS-JMI,20,3.473684210526316,0.99026647518749,0.9995213020584012
43,PSS ell=1,1,1.0,0.9996808680389341,1.0
43,PSS ell=1,2,1.0,0.9992021700973353,1.0
43,PSS ell=1,3,1.0,0.9988830381362693,1.0
43,PSS ell=1,4,1.0,0.9986749701868292,1.0
43,PSS ell=1,5,1.0,0.998277461242878,1.0
43,PSS ell=1,6,1.0,0.9979256422530717,1.0
43,PSS ell=1,7,1.0,0.9976065102920058,1.0
43,PSS ell=1,8,1.0,0.996649114408808,1.0
43,PSS ell=1,9,1.0,0.9964895484282751,1.0
43,PSS ell=1,10,1.0,0.9961574135418046,1.0
43,PSS ell=1,11,1.0,0.9956917185256103,1.0
43,PSS ell=1,12,1.0,0.9948938886229456,1.0
43,PSS ell=1,13,1.0,0.9947343226424127,1.0
43,PSS ell=1,14,1.0,0.9944151906813468,1.0
43,PSS ell=1,15,1.0,0.9940960587202808,1.0
43,PSS ell=1,16,1.0,0.993617360778682,1.0
43,PSS ell=1,17,1.0,0.9932982288176161,1.0
43,PSS ell=1,18,1.0,0.9925003989149513,1.0
43,PSS ell=1,19,1.0,0.9921812669538854,1.0
43,PSS ell=1,20,1.0,0.9918621349928195,1.0
44,PSS class-aware SC-CV,1,5.0,0.9980897803247374,1.0
44,PSS class-aware SC-CV,2,5.0,0.9848774275708373,1.0
44,PSS class-aware SC-CV,3,5.0,0.9393505253104107,0.9984081502706145
44,PSS class-aware SC-CV,4,5.0,0.85132123527539,0.9963387456224132
44,PSS class-aware SC-CV,5,3.0,0.874880611270296,0.9976101964949549
44,PSS class-aware SC-CV,6,2.0,0.9138809296402419,0.9993632601082458
44,PSS class-aware SC-CV,7,2.0,0.8790194205666985,0.997134670487106
44,PSS class-aware SC-CV,8,2.0,0.8565743393823623,0.995618693574084
44,PSS class-aware SC-CV,9,1.0,0.997134670487106,1.0
44,PSS class-aware SC-CV,10,1.0,0.9968163005412289,1.0
44,PSS class-aware SC-CV,11,1.0,0.9964979305953517,1.0
44,PSS class-aware SC-CV,12,1.0,0.9960203756765361,1.0
44,PSS class-aware SC-CV,13,1.0,0.995702005730659,1.0
44,PSS class-aware SC-CV,14,1.0,0.9955428207577205,1.0
44,PSS class-aware SC-CV,15,1.0,0.995383635784782,1.0
44,PSS class-aware SC-CV,16,1.0,0.9952244508118434,1.0
44,PSS class-aware SC-CV,17,1.0,0.9949060808659662,1.0
44,PSS class-aware SC-CV,18,1.0,0.9945877109200891,1.0
44,PSS class-aware SC-CV,19,1.0,0.994269340974212,1.0
44,PSS class-aware SC-CV,20,1.0,0.993950971028335,1.0
44,PSS-JMI,1,5.0,0.9977429633563463,1.0
44,PSS-JMI,2,5.0,0.9820120980579433,1.0
44,PSS-JMI,3,5.0,0.9818529130850048,0.9995224450811844
44,PSS-JMI,4,5.0,0.9824896529767589,0.9995224450811844
44,PSS-JMI,5,5.0,0.9818529130850048,0.9996816300541229
44,PSS-JMI,6,5.0,0.9831263928685132,0.9996816300541229
44,PSS-JMI,7,5.0,0.9816937281120662,0.9993632601082458
44,PSS-JMI,8,5.0,0.984599044078598,0.9992040751353072
44,PSS-JMI,9,5.0,0.9805794333014963,0.9993632601082458
44,PSS-JMI,10,5.0,0.9812161731932506,0.9995224450811844
44,PSS-JMI,11,5.0,0.9821712830308819,0.9988857051894301
44,PSS-JMI,12,5.0,0.9847182425978988,0.9988857051894301
44,PSS-JMI,13,5.0,0.9813753581661891,0.9994689325544344
44,PSS-JMI,14,5.0,0.9801018783826807,0.9993632601082458
44,PSS-JMI,15,4.857142857142857,0.9812161731932506,0.9993632601082458
44,PSS-JMI,16,4.666666666666667,0.981056988220312,0.9993632601082458
44,PSS-JMI,17,4.5,0.9826488379496976,0.9995224450811844
44,PSS-JMI,18,4.647058823529412,0.9804202483285578,0.9993632601082458
44,PSS-JMI,19,4.611111111111111,0.9815345431391277,0.9993632601082458
44,PSS-JMI,20,4.421052631578948,0.981056988220312,0.9992040751353072
44,PSS ell=1,1,1.0,0.9996816300541229,1.0
44,PSS ell=1,2,1.0,0.9994689325544344,1.0
44,PSS ell=1,3,1.0,0.998567335243553,1.0
44,PSS ell=1,4,1.0,0.9980897803247374,1.0
44,PSS ell=1,5,1.0,0.9972938554600446,1.0
44,PSS ell=1,6,1.0,0.9968163005412289,1.0
44,PSS ell=1,7,1.0,0.9963387456224132,1.0
44,PSS ell=1,8,1.0,0.995702005730659,1.0
44,PSS ell=1,9,1.0,0.9955428207577205,1.0
44,PSS ell=1,10,1.0,0.9947468958930277,1.0
44,PSS ell=1,11,1.0,0.9945877109200891,1.0
44,PSS ell=1,12,1.0,0.9936326010824578,1.0
44,PSS ell=1,13,1.0,0.9934734161095192,1.0
44,PSS ell=1,14,1.0,0.9928366762177651,1.0
44,PSS ell=1,15,1.0,0.9923591212989494,1.0
44,PSS ell=1,16,1.0,0.9917223814071952,1.0
44,PSS ell=1,17,1.0,0.9914040114613181,1.0
44,PSS ell=1,18,1.0,0.991085641515441,1.0
44,PSS ell=1,19,1.0,0.9902897166507482,1.0
44,PSS ell=1,20,1.0,0.9902897166507482,1.0
