method,count,accuracy,sd,balanced_accuracy,balanced_accuracy_sd,auc,auc_sd,repeats
All features,25,0.8438889827168833,0.00646506883745116,0.8406748647221004,0.006256486839390319,0.910286507683511,0.004441458602042837,3
KL tuned,1,0.6065979845746777,0.0020430385983926545,0.5878789116547466,0.002709673697078331,0.6254265032903429,0.0013836179277922358,3
KL tuned,2,0.6520294995214772,0.006066747183943324,0.643717120436983,0.006037413207069003,0.6852737878524201,0.007210513728566399,3
KL tuned,3,0.692675786747734,0.007897017983445807,0.6875522060245761,0.008394273159128246,0.7561458591776429,0.005500167304480647,3
KL tuned,4,0.7337161515509768,0.004801757053772442,0.7290508126055165,0.0041086827694884615,0.8007516950720298,0.005746020929870674,3
KL tuned,5,0.7459888532342509,0.005035653273391526,0.7424626169959151,0.004722797657426537,0.8215166173154862,0.006416671956148123,3
KL tuned,6,0.7625964082643697,0.004729936116938595,0.7603459330508325,0.0035038901649414693,0.8372760491426657,0.006725679646764738,3
KL tuned,7,0.7776839497832574,0.004075592590832234,0.7746012814032861,0.0031574167269732465,0.8507285628944422,0.004720438829736374,3
KL tuned,8,0.7913077745876259,0.0022042191015540437,0.7872211235086636,0.00306741740376698,0.8661879054040864,0.006641591493976388,3
KL tuned,9,0.8000900748747396,0.005357668863582783,0.7958121720026763,0.005800973216283459,0.874842958531766,0.005395579643218829,3
KL tuned,10,0.8058323481393909,0.00845858199702562,0.8015992750896411,0.00873983293850211,0.8808073511727369,0.005695874998954006,3
KL tuned,11,0.807971626414457,0.00967699196134219,0.8040679510723887,0.00995180160183985,0.8832446776603211,0.006462083231899766,3
KL tuned,12,0.815965771547599,0.005457886612899362,0.8121512881168228,0.005659833716085915,0.8888364033466866,0.004620955911876555,3
KL tuned,13,0.8243539942577267,0.004312496313056398,0.8206163302470019,0.004083305357631938,0.8954610655017906,0.0032980143479100286,3
KL tuned,14,0.8286888476045714,0.0034211596248918874,0.8249543409653922,0.002899846844964607,0.8990296203071225,0.00343552126940887,3
KL tuned,15,0.832010358610595,0.004735962795259326,0.8280490966997939,0.004414893708027491,0.9028067900997624,0.0030301026130150144,3
KL tuned,16,0.8364015087541518,0.003720702953748456,0.8328580312470287,0.003424660604354711,0.9040260648715369,0.003652811981578682,3
KL tuned,17,0.8378652254686708,0.003489947360204677,0.8343891514443836,0.0033662597453707117,0.9053952296094226,0.003199219456358032,3
KL tuned,18,0.8415808140516804,0.004984412958410249,0.8382501372795698,0.004584005216653233,0.9065695368704095,0.0035880304215196706,3
KL tuned,19,0.8396667229634635,0.004669241522207675,0.8363443936740524,0.0041869079251922285,0.9069962326837637,0.0036380444720680357,3
KL tuned,20,0.8405111749141474,0.004459900314212287,0.8370367192020135,0.004099889152271556,0.9078817385195181,0.004166209039639639,3
KL-JMI,1,0.641220514552722,0.0013118482460992742,0.6200639309911339,0.0013318300721852003,0.6206276518327641,0.0005174496732898384,3
KL-JMI,2,0.6707200360299499,0.024623462068384387,0.6563020404728426,0.030223863301279904,0.6803735647227164,0.0238726707051273,3
KL-JMI,3,0.694983955412937,0.008071476537982446,0.6861477083010489,0.009371049523906933,0.7306076595729705,0.0029443278656626297,3
KL-JMI,4,0.7061870179586781,0.011362612750216333,0.6991166841420017,0.013029810819612433,0.7635378198199371,0.009354078100943191,3
KL-JMI,5,0.7262849743849574,0.00520646460417172,0.7205899714618321,0.0065949671000213326,0.7857981594767468,0.012517144506560827,3
KL-JMI,6,0.7418228902775432,0.01143019083659276,0.7375937200550772,0.013048887083130936,0.8090348269652624,0.009848411879271093,3
KL-JMI,7,0.7605134267860159,0.00827562911670327,0.7575801143957329,0.007083733100709369,0.8352616203225937,0.008598769793460193,3
KL-JMI,8,0.7765580138490119,0.004990132309641673,0.7741208104624889,0.0035128014914712208,0.8543616569220894,0.005491484120543157,3
KL-JMI,9,0.7869729212407814,0.008640412111895411,0.7841318079468967,0.007634278949930519,0.8616961205825643,0.007574470820764512,3
KL-JMI,10,0.7927714913021449,0.003836452184293342,0.7893737385671994,0.004128426171743868,0.8685197317964025,0.0033493015760300156,3
KL-JMI,11,0.8074649552440466,0.009417059185577203,0.8040908907040839,0.009976488314093859,0.8789883115375744,0.004217316057011382,3
KL-JMI,12,0.8081405168045938,0.0075511193737909325,0.804703122181011,0.008015959842332918,0.8818234671264739,0.004205557854844921,3
KL-JMI,13,0.8161346619377357,0.006054981550300641,0.8127263730157329,0.00587709697277474,0.8894693149372356,0.006110246219906356,3
KL-JMI,14,0.8209198896582784,0.00805437780665619,0.8173980892414505,0.007768584790512862,0.8930347934662421,0.006771428676716894,3
KL-JMI,15,0.8217643416089624,0.008011768014565941,0.8182325960041518,0.00785504390928735,0.895289380211477,0.006786642048668475,3
KL-JMI,16,0.825029555818274,0.006166234171095675,0.8215746675406917,0.0062248314200175165,0.8990424629826874,0.005842888394764404,3
KL-JMI,17,0.8290266283848449,0.0051124806994799,0.8253143909714286,0.0047879114414701406,0.9004502320337973,0.004996476978792966,3
KL-JMI,18,0.8348251984462084,0.0031004154282529544,0.8308763503169573,0.0031097224938282466,0.9048399130873999,0.003319002742657141,3
KL-JMI,19,0.8378652254686708,0.005251920893587657,0.8341597020474537,0.005157610765334827,0.9056878452557168,0.0042267413417560636,3
KL-JMI,20,0.8375274446883972,0.003727086048085467,0.8339315041338128,0.00361748389832709,0.9071000595454916,0.004598723531426456,3
PSS class-aware SC-CV,1,0.600968304903451,0.011757407748018207,0.5808016615064547,0.014967650219615061,0.617770930128239,0.013831923958301283,3
PSS class-aware SC-CV,2,0.6625570005066712,0.03840464977494327,0.6498078175908699,0.040641755107190355,0.6813064751163215,0.014642458790192462,3
PSS class-aware SC-CV,3,0.6698192872825537,0.04101672724193586,0.6591607922713479,0.04236196296600345,0.7137487798313499,0.027812279703452,3
PSS class-aware SC-CV,4,0.6919439283904746,0.0224331962667993,0.6823142450812519,0.024524613134269485,0.7480487149207727,0.01366664470209549,3
PSS class-aware SC-CV,5,0.7324213252265946,0.010676669314663692,0.7271377062309569,0.01565088435717709,0.7943865243748309,0.018757203645231924,3
PSS class-aware SC-CV,6,0.7497607386139729,0.009435719329186878,0.7446283012413967,0.012549381915955471,0.8159433178332484,0.01769246666913075,3
PSS class-aware SC-CV,7,0.7665934808309407,0.011558816843282303,0.7626414054444085,0.012901400394949495,0.8355687542380593,0.01643200309993392,3
PSS class-aware SC-CV,8,0.7730113156561392,0.009543427930813527,0.7693174101752676,0.01069382902146506,0.8504118024801918,0.009536556806626165,3
PSS class-aware SC-CV,9,0.7826380678939368,0.00834769691353315,0.7793982539121189,0.009538931811620147,0.8609950664250268,0.005584655746231761,3
PSS class-aware SC-CV,10,0.7905759162303664,0.004098855294548766,0.7878118092801709,0.004123466778586052,0.8683783916942737,0.00197404484831087,3
PSS class-aware SC-CV,11,0.7969374542588527,0.003470824217035079,0.7944611602603749,0.0038429781591679275,0.8726881074421186,0.0015309714889943777,3
PSS class-aware SC-CV,12,0.8005967460451501,0.005233785753476923,0.7980010194784865,0.0058520951973927435,0.8749997010917129,0.0013541525925160197,3
PSS class-aware SC-CV,13,0.8044249282215842,0.004628336296586555,0.8020393418539492,0.0042769631007285955,0.8792749364205891,0.0033549591808348495,3
PSS class-aware SC-CV,14,0.8075212520407589,0.0037550427620676686,0.8049388240135092,0.004604941162132106,0.8830100885507736,0.0019561673188011625,3
PSS class-aware SC-CV,15,0.8134324156955469,0.003874675856008526,0.8105397120259575,0.004663429144977397,0.8866994843637253,0.0012549485968501443,3
PSS class-aware SC-CV,16,0.8175420818555423,0.0034625962539394433,0.8149698401026235,0.003110843817760528,0.889350180322053,0.003163371967454363,3
PSS class-aware SC-CV,17,0.81996284411417,0.002321858990857559,0.8176419526580841,0.001532215827417242,0.892270004134356,0.00244696300615722,3
PSS class-aware SC-CV,18,0.8256488205821088,0.008198290485861121,0.8230207312750694,0.007125087848440577,0.8978139424846784,0.006854216800547128,3
PSS class-aware SC-CV,19,0.8311659066599111,0.010888301147358625,0.828042307997114,0.009457729798695587,0.9020259208263628,0.008282785035087734,3
PSS class-aware SC-CV,20,0.8349940888363453,0.0052898023183130674,0.8313167981966423,0.004959296902639111,0.9048211196584474,0.004707470314190645,3
PSS ell=1,1,0.6023194280245454,0.0061646920342274675,0.5812563404691587,0.006132702064915061,0.6014265167885992,0.011759075114414317,3
PSS ell=1,2,0.6325508078590328,0.021489822782290172,0.6178906293224041,0.02623963534191573,0.6697259591127995,0.03293177785434031,3
PSS ell=1,3,0.6828801441197996,0.016628914993051025,0.6759046648970243,0.0155090260900094,0.7380873160973453,0.021195698338749954,3
PSS ell=1,4,0.6985306536058098,0.018590988955425606,0.6940639129483945,0.021145126558982062,0.7662124643096221,0.022090715077916514,3
PSS ell=1,5,0.7320835444463211,0.0058562199900955726,0.7307458191318137,0.006524989829533515,0.8018797131151493,0.006763686329765554,3
PSS ell=1,6,0.7431177166019253,0.0068997460617515735,0.7422768216693935,0.005400917675547379,0.812546832371118,0.005373215721400837,3
PSS ell=1,7,0.7522377976693125,0.0036575591669832518,0.7511926750229859,0.003942514222303804,0.826391599420325,0.006685530386404884,3
PSS ell=1,8,0.7582615549175252,0.00583181557781017,0.7574075916344438,0.005354455380653134,0.8341310771362161,0.006055723884783248,3
PSS ell=1,9,0.7632156730282048,0.006924505995608898,0.7630722379442753,0.006409643878378805,0.837836792420625,0.004809768438003235,3
PSS ell=1,10,0.7736868772166864,0.0010273201368515758,0.7733518648658317,0.0008701606180837874,0.8522633895587418,0.003272054545232109,3
PSS ell=1,11,0.7827506614873614,0.002305420844389302,0.7818458824127882,0.0017655231019060688,0.8622485261934516,0.0036148675448447066,3
PSS ell=1,12,0.7951922535607724,0.005192750124461054,0.7925442012367734,0.004598786903379645,0.8702864327057295,0.00448546926206194,3
PSS ell=1,13,0.7985700613635084,0.008645362534621061,0.795206569290003,0.008347024510535348,0.8738624724884444,0.005346672898329577,3
PSS ell=1,14,0.8041997410347351,0.007462458407442849,0.8014358370706046,0.00744489784014394,0.8783851230065726,0.004330958066632781,3
PSS ell=1,15,0.8074649552440466,0.009947342896556098,0.8050004473798037,0.009751838708047278,0.8824016353436669,0.005251410828807616,3
PSS ell=1,16,0.8113494342171931,0.011702288263009624,0.8093099232532682,0.011247711498342767,0.883719609860083,0.005720948009180236,3
PSS ell=1,17,0.8186117209930756,0.003657559166983262,0.8160852644219808,0.0036461471691816272,0.8916206136436386,0.002547491625752638,3
PSS ell=1,18,0.8302088611158025,0.004693613544355005,0.8266653844303375,0.00418219476842457,0.899656531134723,0.004981175787876997,3
PSS ell=1,19,0.8343185272757979,0.005443932261876751,0.8307650212566223,0.004765202409814722,0.9039162879604382,0.005031302619825743,3
PSS ell=1,20,0.8354444632100434,0.004513935998513993,0.831895695836706,0.003965901759083244,0.9051287362451337,0.004176143801782232,3
PSS-JMI,1,0.600968304903451,0.011757407748018207,0.5808016615064547,0.014967650219615061,0.617770930128239,0.013831923958301283,3
PSS-JMI,2,0.6392501266677927,0.03715435043118952,0.6230743106978591,0.04117251790739558,0.6701213799057633,0.015676981403914745,3
PSS-JMI,3,0.6705511456398131,0.021294481956535997,0.6554957584069102,0.02549302269898557,0.7057503097126899,0.02093506310476298,3
PSS-JMI,4,0.6858075775488374,0.028374758368674643,0.6762633613454904,0.033656447150155984,0.7542535377690295,0.034661521443425124,3
PSS-JMI,5,0.7196419523729101,0.0008775802098812238,0.7148781642178101,0.0011095005296540175,0.7928082541799784,0.006614539397150006,3
PSS-JMI,6,0.7362495074030289,0.008810403719862418,0.7319360322369753,0.008899035702661873,0.8096593450388839,0.010042495881742847,3
PSS-JMI,7,0.7491977706468501,0.007010477142549321,0.7443942620918783,0.006797165264803858,0.8266431670940623,0.011044389336144591,3
PSS-JMI,8,0.7631030794347802,0.00415186490288628,0.759014652772595,0.005671740523267803,0.8403853517856216,0.003154634203607174,3
PSS-JMI,9,0.7699149918369645,0.003170164549974927,0.7661836992882685,0.0047141580073342985,0.8506068316792982,0.003807830032636253,3
PSS-JMI,10,0.7833699262511963,0.005755504326580862,0.7803748166145557,0.004777875652986053,0.8584521759353058,0.0036123037325953805,3
PSS-JMI,11,0.7851151269492765,0.005151387618582183,0.7819286531719998,0.0047022841221334944,0.8654692921952273,0.0037324767431684003,3
PSS-JMI,12,0.7931655688791307,0.004054542043580686,0.7897916689696137,0.0033907269146312385,0.8703488644203389,0.0030893851759968634,3
PSS-JMI,13,0.7958678151213197,0.0060714470533510725,0.7926104384585752,0.005641463150648687,0.8738797391927263,0.004647613059676148,3
PSS-JMI,14,0.802904914710353,0.001991188333482752,0.7996483969317566,0.001458693269412115,0.8796385626285558,0.0028705969133667113,3
PSS-JMI,15,0.8067893936834993,0.00351438136238556,0.8036658710990224,0.0028751013420740723,0.8826486629823721,0.004528406638843904,3
PSS-JMI,16,0.8160783651410234,0.005997392637920822,0.8137170782573163,0.005279778164367857,0.888643734808344,0.004338544907714888,3
PSS-JMI,17,0.8182739402128019,0.00517532627800866,0.8160563864420624,0.004255222427948866,0.8909856761536279,0.004567795462724511,3
PSS-JMI,18,0.8301525643190902,0.004660069151961879,0.8265132664651906,0.0040955001569943465,0.9003320665773286,0.005134944775691663,3
PSS-JMI,19,0.8340370432922367,0.0051927501244610616,0.8305500218929929,0.00457276722531097,0.9039642479496625,0.005084626312058842,3
PSS-JMI,20,0.8382030062489445,0.004755996568258344,0.8349336186468518,0.004305647093005691,0.9054602034062665,0.004629422271013098,3
